2026-05-27 12:28:33 [::1][33][5sqdhr1t2krqr29llmlik6hve1][error][yii\web\HttpException:404] exception 'yii\base\InvalidRouteException' with message 'Unable to resolve the request "uploaded_files/aplikasi/favicon.png".' in C:\xampp\htdocs\inlislite3\vendor\yiisoft\yii2\base\Module.php:460
Stack trace:
#0 C:\xampp\htdocs\inlislite3\vendor\yiisoft\yii2\web\Application.php(84): yii\base\Module->runAction('uploaded_files/...', Array)
#1 C:\xampp\htdocs\inlislite3\vendor\yiisoft\yii2\base\Application.php(375): yii\web\Application->handleRequest(Object(yii\web\Request))
#2 C:\xampp\htdocs\inlislite3\backend\index.php(18): yii\base\Application->run()
#3 {main}

Next exception 'yii\web\NotFoundHttpException' with message 'Halaman tidak ditemukan.' in C:\xampp\htdocs\inlislite3\vendor\yiisoft\yii2\web\Application.php:96
Stack trace:
#0 C:\xampp\htdocs\inlislite3\vendor\yiisoft\yii2\base\Application.php(375): yii\web\Application->handleRequest(Object(yii\web\Request))
#1 C:\xampp\htdocs\inlislite3\backend\index.php(18): yii\base\Application->run()
#2 {main}
2026-05-27 12:28:33 [::1][33][5sqdhr1t2krqr29llmlik6hve1][info][application] $_COOKIE = [
    'PHPSESSID' => 'a1hse6o894r0lqp9k3235aiu73'
    '_csrf' => 'c8749628a6dad2e07d9818a8ab153325ef06e686d5f7eab8d4f5d20e628926d5a:2:{i:0;s:5:\"_csrf\";i:1;s:32:\"2kOgrJVXAhQYkj6bwfwyUmzDqb7xuc7y\";}'
    '_backendInlislite' => 'f8ac89d84ca5b998e42618a64341f5a962218cc676022ecba1374f9a867bf993a:2:{i:0;s:17:\"_backendInlislite\";i:1;s:32:\"rW6_PoDEiZho7I_xeQ2f9KPcAVofCwpF\";}'
    'backendSession' => '5sqdhr1t2krqr29llmlik6hve1'
    '_identity' => 'af3e2a0e951dec577795a0c5ffd91cd682a11d709a13aa959f261807f7b4af33a:2:{i:0;s:9:\"_identity\";i:1;s:17:\"[33,null,2592000]\";}'
]

$_SESSION = [
    '__flash' => []
    '__returnUrl' => '/inlislite3/backend/'
    'location' => '1'
    '__id' => 33
]

$_SERVER = [
    'REDIRECT_MIBDIRS' => 'C:/xampp/php/extras/mibs'
    'REDIRECT_MYSQL_HOME' => '\\xampp\\mysql\\bin'
    'REDIRECT_OPENSSL_CONF' => 'C:/xampp/apache/bin/openssl.cnf'
    'REDIRECT_PHP_PEAR_SYSCONF_DIR' => '\\xampp\\php'
    'REDIRECT_PHPRC' => '\\xampp\\php'
    'REDIRECT_TMP' => '\\xampp\\tmp'
    'REDIRECT_STATUS' => '200'
    'MIBDIRS' => 'C:/xampp/php/extras/mibs'
    'MYSQL_HOME' => '\\xampp\\mysql\\bin'
    'OPENSSL_CONF' => 'C:/xampp/apache/bin/openssl.cnf'
    'PHP_PEAR_SYSCONF_DIR' => '\\xampp\\php'
    'PHPRC' => '\\xampp\\php'
    'TMP' => '\\xampp\\tmp'
    'HTTP_HOST' => 'localhost:8123'
    'HTTP_CONNECTION' => 'keep-alive'
    'HTTP_SEC_CH_UA_PLATFORM' => '\"Windows\"'
    'HTTP_USER_AGENT' => 'Mozilla/5.0 (Windows NT 10.0; Win64; x64) AppleWebKit/537.36 (KHTML, like Gecko) Chrome/148.0.0.0 Safari/537.36'
    'HTTP_SEC_CH_UA' => '\"Chromium\";v=\"148\", \"Google Chrome\";v=\"148\", \"Not/A)Brand\";v=\"99\"'
    'HTTP_SEC_CH_UA_MOBILE' => '?0'
    'HTTP_ACCEPT' => 'image/avif,image/webp,image/apng,image/svg+xml,image/*,*/*;q=0.8'
    'HTTP_SEC_FETCH_SITE' => 'same-origin'
    'HTTP_SEC_FETCH_MODE' => 'no-cors'
    'HTTP_SEC_FETCH_DEST' => 'image'
    'HTTP_REFERER' => 'http://localhost:8123/inlislite3/backend/'
    'HTTP_ACCEPT_ENCODING' => 'gzip, deflate, br, zstd'
    'HTTP_ACCEPT_LANGUAGE' => 'en-US,en;q=0.9'
    'HTTP_COOKIE' => 'PHPSESSID=a1hse6o894r0lqp9k3235aiu73; _csrf=c8749628a6dad2e07d9818a8ab153325ef06e686d5f7eab8d4f5d20e628926d5a%3A2%3A%7Bi%3A0%3Bs%3A5%3A%22_csrf%22%3Bi%3A1%3Bs%3A32%3A%222kOgrJVXAhQYkj6bwfwyUmzDqb7xuc7y%22%3B%7D; _backendInlislite=f8ac89d84ca5b998e42618a64341f5a962218cc676022ecba1374f9a867bf993a%3A2%3A%7Bi%3A0%3Bs%3A17%3A%22_backendInlislite%22%3Bi%3A1%3Bs%3A32%3A%22rW6_PoDEiZho7I_xeQ2f9KPcAVofCwpF%22%3B%7D; backendSession=5sqdhr1t2krqr29llmlik6hve1; _identity=af3e2a0e951dec577795a0c5ffd91cd682a11d709a13aa959f261807f7b4af33a%3A2%3A%7Bi%3A0%3Bs%3A9%3A%22_identity%22%3Bi%3A1%3Bs%3A17%3A%22%5B33%2Cnull%2C2592000%5D%22%3B%7D'
    'PATH' => 'C:\\Program Files (x86)\\Common Files\\Intel\\Shared Libraries\\redist\\intel64\\compiler;C:\\Program Files\\Common Files\\Oracle\\Java\\javapath;C:\\WINDOWS\\system32;C:\\WINDOWS;C:\\WINDOWS\\System32\\Wbem;C:\\WINDOWS\\System32\\WindowsPowerShell\\v1.0\\;C:\\WINDOWS\\System32\\OpenSSH\\;C:\\Program Files\\Git\\cmd;C:\\Program Files\\Java\\jdk-23\\bin;;C:\\Program Files\\dotnet\\;C:\\Program Files\\GitHub CLI\\;C:\\Program Files\\nodejs\\;C:\\Users\\PC\\.cargo\\bin;C:\\Users\\PC\\.local\\bin;C:\\Users\\PC\\AppData\\Local\\Programs\\Python\\Python312\\Scripts\\;C:\\Users\\PC\\AppData\\Local\\Programs\\Python\\Python312\\;C:\\Users\\PC\\AppData\\Local\\Microsoft\\WindowsApps;C:\\Users\\PC\\AppData\\Local\\Programs\\Microsoft VS Code\\bin;C:\\Users\\PC\\AppData\\Local\\Microsoft\\WinGet\\Packages\\Schniz.fnm_Microsoft.Winget.Source_8wekyb3d8bbwe;C:\\titan;C:\\Users\\PC\\go\\bin;C:\\Users\\PC\\AppData\\Local\\Android\\Sdk\\platform-tools;C:\\Users\\PC\\AppData\\Local\\Muse Hub\\lib;C:\\Users\\PC\\AppData\\Local\\Programs\\Antigravity\\bin;C:\\Users\\PC\\.dotnet\\tools;C:\\ffmpeg-8.0.1-essentials_build\\ffmpeg-8.0.1-essentials_build\\bin;C:\\Users\\PC\\AppData\\Local\\Microsoft\\WinGet\\Packages\\Gyan.FFmpeg_Microsoft.Winget.Source_8wekyb3d8bbwe\\ffmpeg-8.0.1-full_build\\bin;C:\\Users\\PC\\AppData\\Roaming\\npm;C:\\Users\\PC\\AppData\\Local\\Programs\\Ollama'
    'SystemRoot' => 'C:\\WINDOWS'
    'COMSPEC' => 'C:\\WINDOWS\\system32\\cmd.exe'
    'PATHEXT' => '.COM;.EXE;.BAT;.CMD;.VBS;.VBE;.JS;.JSE;.WSF;.WSH;.MSC'
    'WINDIR' => 'C:\\WINDOWS'
    'SERVER_SIGNATURE' => '<address>Apache/2.4.17 (Win32) OpenSSL/1.0.2d PHP/5.6.19 Server at localhost Port 8123</address>
'
    'SERVER_SOFTWARE' => 'Apache/2.4.17 (Win32) OpenSSL/1.0.2d PHP/5.6.19'
    'SERVER_NAME' => 'localhost'
    'SERVER_ADDR' => '::1'
    'SERVER_PORT' => '8123'
    'REMOTE_ADDR' => '::1'
    'DOCUMENT_ROOT' => 'C:/xampp/htdocs'
    'REQUEST_SCHEME' => 'http'
    'CONTEXT_PREFIX' => ''
    'CONTEXT_DOCUMENT_ROOT' => 'C:/xampp/htdocs'
    'SERVER_ADMIN' => 'postmaster@localhost'
    'SCRIPT_FILENAME' => 'C:/xampp/htdocs/inlislite3/backend/index.php'
    'REMOTE_PORT' => '2761'
    'REDIRECT_URL' => 'http://localhost:8123/inlislite3/backend/uploaded_files/aplikasi/favicon.png'
    'GATEWAY_INTERFACE' => 'CGI/1.1'
    'SERVER_PROTOCOL' => 'HTTP/1.1'
    'REQUEST_METHOD' => 'GET'
    'QUERY_STRING' => ''
    'REQUEST_URI' => '/inlislite3/backend/uploaded_files/aplikasi/favicon.png'
    'SCRIPT_NAME' => '/inlislite3/backend/index.php'
    'PHP_SELF' => '/inlislite3/backend/index.php'
    'REQUEST_TIME_FLOAT' => 1779859713.328
    'REQUEST_TIME' => 1779859713
]
2026-05-27 12:42:17 [::1][33][-][error][yii\i18n\PhpMessageSource::loadFallbackMessages] The message file for category 'kvdate' does not exist: C:\xampp\htdocs\inlislite3\vendor\kartik-v\yii2-widget-datepicker/messages/idn/kvdate.php Fallback file does not exist as well: C:\xampp\htdocs\inlislite3\vendor\kartik-v\yii2-widget-datepicker/messages/id/kvdate.php
    in C:\xampp\htdocs\inlislite3\vendor\kartik-v\yii2-widget-datepicker\DatePicker.php:290
    in C:\xampp\htdocs\inlislite3\vendor\kartik-v\yii2-widget-datepicker\DatePicker.php:316
    in C:\xampp\htdocs\inlislite3\vendor\kartik-v\yii2-widget-datepicker\DatePicker.php:266
2026-05-27 12:42:17 [::1][33][-][info][application] $_COOKIE = [
    'PHPSESSID' => 'a1hse6o894r0lqp9k3235aiu73'
    '_csrf' => 'c8749628a6dad2e07d9818a8ab153325ef06e686d5f7eab8d4f5d20e628926d5a:2:{i:0;s:5:\"_csrf\";i:1;s:32:\"2kOgrJVXAhQYkj6bwfwyUmzDqb7xuc7y\";}'
    '_backendInlislite' => 'f8ac89d84ca5b998e42618a64341f5a962218cc676022ecba1374f9a867bf993a:2:{i:0;s:17:\"_backendInlislite\";i:1;s:32:\"rW6_PoDEiZho7I_xeQ2f9KPcAVofCwpF\";}'
    'backendSession' => '5sqdhr1t2krqr29llmlik6hve1'
    '_identity' => 'af3e2a0e951dec577795a0c5ffd91cd682a11d709a13aa959f261807f7b4af33a:2:{i:0;s:9:\"_identity\";i:1;s:17:\"[33,null,2592000]\";}'
]

$_SESSION = [
    '__flash' => []
    '__returnUrl' => '/inlislite3/backend/'
    'location' => '1'
    '__id' => 33
]

$_SERVER = [
    'REDIRECT_MIBDIRS' => 'C:/xampp/php/extras/mibs'
    'REDIRECT_MYSQL_HOME' => '\\xampp\\mysql\\bin'
    'REDIRECT_OPENSSL_CONF' => 'C:/xampp/apache/bin/openssl.cnf'
    'REDIRECT_PHP_PEAR_SYSCONF_DIR' => '\\xampp\\php'
    'REDIRECT_PHPRC' => '\\xampp\\php'
    'REDIRECT_TMP' => '\\xampp\\tmp'
    'REDIRECT_STATUS' => '200'
    'MIBDIRS' => 'C:/xampp/php/extras/mibs'
    'MYSQL_HOME' => '\\xampp\\mysql\\bin'
    'OPENSSL_CONF' => 'C:/xampp/apache/bin/openssl.cnf'
    'PHP_PEAR_SYSCONF_DIR' => '\\xampp\\php'
    'PHPRC' => '\\xampp\\php'
    'TMP' => '\\xampp\\tmp'
    'HTTP_HOST' => 'localhost:8123'
    'HTTP_CONNECTION' => 'keep-alive'
    'HTTP_SEC_CH_UA' => '\"Chromium\";v=\"148\", \"Google Chrome\";v=\"148\", \"Not/A)Brand\";v=\"99\"'
    'HTTP_SEC_CH_UA_MOBILE' => '?0'
    'HTTP_SEC_CH_UA_PLATFORM' => '\"Windows\"'
    'HTTP_UPGRADE_INSECURE_REQUESTS' => '1'
    'HTTP_USER_AGENT' => 'Mozilla/5.0 (Windows NT 10.0; Win64; x64) AppleWebKit/537.36 (KHTML, like Gecko) Chrome/148.0.0.0 Safari/537.36'
    'HTTP_ACCEPT' => 'text/html,application/xhtml+xml,application/xml;q=0.9,image/avif,image/webp,image/apng,*/*;q=0.8,application/signed-exchange;v=b3;q=0.7'
    'HTTP_SEC_FETCH_SITE' => 'same-origin'
    'HTTP_SEC_FETCH_MODE' => 'navigate'
    'HTTP_SEC_FETCH_USER' => '?1'
    'HTTP_SEC_FETCH_DEST' => 'document'
    'HTTP_REFERER' => 'http://localhost:8123/inlislite3/backend/setting/akuisisi/lokasi/index'
    'HTTP_ACCEPT_ENCODING' => 'gzip, deflate, br, zstd'
    'HTTP_ACCEPT_LANGUAGE' => 'en-US,en;q=0.9'
    'HTTP_COOKIE' => 'PHPSESSID=a1hse6o894r0lqp9k3235aiu73; _csrf=c8749628a6dad2e07d9818a8ab153325ef06e686d5f7eab8d4f5d20e628926d5a%3A2%3A%7Bi%3A0%3Bs%3A5%3A%22_csrf%22%3Bi%3A1%3Bs%3A32%3A%222kOgrJVXAhQYkj6bwfwyUmzDqb7xuc7y%22%3B%7D; _backendInlislite=f8ac89d84ca5b998e42618a64341f5a962218cc676022ecba1374f9a867bf993a%3A2%3A%7Bi%3A0%3Bs%3A17%3A%22_backendInlislite%22%3Bi%3A1%3Bs%3A32%3A%22rW6_PoDEiZho7I_xeQ2f9KPcAVofCwpF%22%3B%7D; backendSession=5sqdhr1t2krqr29llmlik6hve1; _identity=af3e2a0e951dec577795a0c5ffd91cd682a11d709a13aa959f261807f7b4af33a%3A2%3A%7Bi%3A0%3Bs%3A9%3A%22_identity%22%3Bi%3A1%3Bs%3A17%3A%22%5B33%2Cnull%2C2592000%5D%22%3B%7D'
    'PATH' => 'C:\\Program Files (x86)\\Common Files\\Intel\\Shared Libraries\\redist\\intel64\\compiler;C:\\Program Files\\Common Files\\Oracle\\Java\\javapath;C:\\WINDOWS\\system32;C:\\WINDOWS;C:\\WINDOWS\\System32\\Wbem;C:\\WINDOWS\\System32\\WindowsPowerShell\\v1.0\\;C:\\WINDOWS\\System32\\OpenSSH\\;C:\\Program Files\\Git\\cmd;C:\\Program Files\\Java\\jdk-23\\bin;;C:\\Program Files\\dotnet\\;C:\\Program Files\\GitHub CLI\\;C:\\Program Files\\nodejs\\;C:\\Users\\PC\\.cargo\\bin;C:\\Users\\PC\\.local\\bin;C:\\Users\\PC\\AppData\\Local\\Programs\\Python\\Python312\\Scripts\\;C:\\Users\\PC\\AppData\\Local\\Programs\\Python\\Python312\\;C:\\Users\\PC\\AppData\\Local\\Microsoft\\WindowsApps;C:\\Users\\PC\\AppData\\Local\\Programs\\Microsoft VS Code\\bin;C:\\Users\\PC\\AppData\\Local\\Microsoft\\WinGet\\Packages\\Schniz.fnm_Microsoft.Winget.Source_8wekyb3d8bbwe;C:\\titan;C:\\Users\\PC\\go\\bin;C:\\Users\\PC\\AppData\\Local\\Android\\Sdk\\platform-tools;C:\\Users\\PC\\AppData\\Local\\Muse Hub\\lib;C:\\Users\\PC\\AppData\\Local\\Programs\\Antigravity\\bin;C:\\Users\\PC\\.dotnet\\tools;C:\\ffmpeg-8.0.1-essentials_build\\ffmpeg-8.0.1-essentials_build\\bin;C:\\Users\\PC\\AppData\\Local\\Microsoft\\WinGet\\Packages\\Gyan.FFmpeg_Microsoft.Winget.Source_8wekyb3d8bbwe\\ffmpeg-8.0.1-full_build\\bin;C:\\Users\\PC\\AppData\\Roaming\\npm;C:\\Users\\PC\\AppData\\Local\\Programs\\Ollama'
    'SystemRoot' => 'C:\\WINDOWS'
    'COMSPEC' => 'C:\\WINDOWS\\system32\\cmd.exe'
    'PATHEXT' => '.COM;.EXE;.BAT;.CMD;.VBS;.VBE;.JS;.JSE;.WSF;.WSH;.MSC'
    'WINDIR' => 'C:\\WINDOWS'
    'SERVER_SIGNATURE' => '<address>Apache/2.4.17 (Win32) OpenSSL/1.0.2d PHP/5.6.19 Server at localhost Port 8123</address>
'
    'SERVER_SOFTWARE' => 'Apache/2.4.17 (Win32) OpenSSL/1.0.2d PHP/5.6.19'
    'SERVER_NAME' => 'localhost'
    'SERVER_ADDR' => '::1'
    'SERVER_PORT' => '8123'
    'REMOTE_ADDR' => '::1'
    'DOCUMENT_ROOT' => 'C:/xampp/htdocs'
    'REQUEST_SCHEME' => 'http'
    'CONTEXT_PREFIX' => ''
    'CONTEXT_DOCUMENT_ROOT' => 'C:/xampp/htdocs'
    'SERVER_ADMIN' => 'postmaster@localhost'
    'SCRIPT_FILENAME' => 'C:/xampp/htdocs/inlislite3/backend/index.php'
    'REMOTE_PORT' => '3275'
    'REDIRECT_URL' => 'http://localhost:8123/inlislite3/backend/setting/sirkulasi/holiday/index'
    'GATEWAY_INTERFACE' => 'CGI/1.1'
    'SERVER_PROTOCOL' => 'HTTP/1.1'
    'REQUEST_METHOD' => 'GET'
    'QUERY_STRING' => ''
    'REQUEST_URI' => '/inlislite3/backend/setting/sirkulasi/holiday/index'
    'SCRIPT_NAME' => '/inlislite3/backend/index.php'
    'PHP_SELF' => '/inlislite3/backend/index.php'
    'REQUEST_TIME_FLOAT' => 1779860537.188
    'REQUEST_TIME' => 1779860537
]
2026-05-27 13:21:29 [::1][33][5sqdhr1t2krqr29llmlik6hve1][error][yii\base\ErrorException:1] exception 'yii\base\ErrorException' with message 'Call to a member function saveAs() on null' in C:\xampp\htdocs\inlislite3\backend\modules\setting\umum\controllers\DataPerpustakaanController.php:50
Stack trace:
#0 [internal function]: yii\base\ErrorHandler->handleFatalError()
#1 {main}
2026-05-27 13:21:29 [::1][33][5sqdhr1t2krqr29llmlik6hve1][info][application] $_POST = [
    '_backendInlislite' => 'WlMuZHpvWDcoBBg7KgAccjMJRgtNJgdPPwIcAkMkCFQbBUECORgocQ=='
    'DynamicModel' => [
        'NamaPerpustakaan' => 'Perpustakaan Desa Tingkeum'
        'JenisPerpustakaan' => '1'
        'logo' => ''
        'kop' => ''
        'IsUseKop' => '1'
    ]
]

$_FILES = [
    'DynamicModel' => [
        'name' => [
            'logo' => ''
            'kop' => ''
        ]
        'type' => [
            'logo' => ''
            'kop' => ''
        ]
        'tmp_name' => [
            'logo' => ''
            'kop' => ''
        ]
        'error' => [
            'logo' => 4
            'kop' => 4
        ]
        'size' => [
            'logo' => 0
            'kop' => 0
        ]
    ]
]

$_COOKIE = [
    'PHPSESSID' => 'a1hse6o894r0lqp9k3235aiu73'
    '_csrf' => 'c8749628a6dad2e07d9818a8ab153325ef06e686d5f7eab8d4f5d20e628926d5a:2:{i:0;s:5:\"_csrf\";i:1;s:32:\"2kOgrJVXAhQYkj6bwfwyUmzDqb7xuc7y\";}'
    '_backendInlislite' => 'f8ac89d84ca5b998e42618a64341f5a962218cc676022ecba1374f9a867bf993a:2:{i:0;s:17:\"_backendInlislite\";i:1;s:32:\"rW6_PoDEiZho7I_xeQ2f9KPcAVofCwpF\";}'
    'backendSession' => '5sqdhr1t2krqr29llmlik6hve1'
    '_identity' => 'af3e2a0e951dec577795a0c5ffd91cd682a11d709a13aa959f261807f7b4af33a:2:{i:0;s:9:\"_identity\";i:1;s:17:\"[33,null,2592000]\";}'
]

$_SESSION = [
    '__flash' => []
    '__returnUrl' => '/inlislite3/backend/'
    'location' => '1'
    '__id' => 33
]

$_SERVER = [
    'REDIRECT_MIBDIRS' => 'C:/xampp/php/extras/mibs'
    'REDIRECT_MYSQL_HOME' => '\\xampp\\mysql\\bin'
    'REDIRECT_OPENSSL_CONF' => 'C:/xampp/apache/bin/openssl.cnf'
    'REDIRECT_PHP_PEAR_SYSCONF_DIR' => '\\xampp\\php'
    'REDIRECT_PHPRC' => '\\xampp\\php'
    'REDIRECT_TMP' => '\\xampp\\tmp'
    'REDIRECT_STATUS' => '200'
    'MIBDIRS' => 'C:/xampp/php/extras/mibs'
    'MYSQL_HOME' => '\\xampp\\mysql\\bin'
    'OPENSSL_CONF' => 'C:/xampp/apache/bin/openssl.cnf'
    'PHP_PEAR_SYSCONF_DIR' => '\\xampp\\php'
    'PHPRC' => '\\xampp\\php'
    'TMP' => '\\xampp\\tmp'
    'HTTP_HOST' => 'localhost:8123'
    'HTTP_CONNECTION' => 'keep-alive'
    'CONTENT_LENGTH' => '1210'
    'HTTP_CACHE_CONTROL' => 'max-age=0'
    'HTTP_SEC_CH_UA' => '\"Chromium\";v=\"148\", \"Google Chrome\";v=\"148\", \"Not/A)Brand\";v=\"99\"'
    'HTTP_SEC_CH_UA_MOBILE' => '?0'
    'HTTP_SEC_CH_UA_PLATFORM' => '\"Windows\"'
    'HTTP_UPGRADE_INSECURE_REQUESTS' => '1'
    'CONTENT_TYPE' => 'multipart/form-data; boundary=----WebKitFormBoundaryqfXuWdUSkogNrSq2'
    'HTTP_USER_AGENT' => 'Mozilla/5.0 (Windows NT 10.0; Win64; x64) AppleWebKit/537.36 (KHTML, like Gecko) Chrome/148.0.0.0 Safari/537.36'
    'HTTP_ORIGIN' => 'http://localhost:8123'
    'HTTP_ACCEPT' => 'text/html,application/xhtml+xml,application/xml;q=0.9,image/avif,image/webp,image/apng,*/*;q=0.8,application/signed-exchange;v=b3;q=0.7'
    'HTTP_SEC_FETCH_SITE' => 'same-origin'
    'HTTP_SEC_FETCH_MODE' => 'navigate'
    'HTTP_SEC_FETCH_USER' => '?1'
    'HTTP_SEC_FETCH_DEST' => 'document'
    'HTTP_REFERER' => 'http://localhost:8123/inlislite3/backend/setting/umum/data-perpustakaan/index'
    'HTTP_ACCEPT_ENCODING' => 'gzip, deflate, br, zstd'
    'HTTP_ACCEPT_LANGUAGE' => 'en-US,en;q=0.9'
    'HTTP_COOKIE' => 'PHPSESSID=a1hse6o894r0lqp9k3235aiu73; _csrf=c8749628a6dad2e07d9818a8ab153325ef06e686d5f7eab8d4f5d20e628926d5a%3A2%3A%7Bi%3A0%3Bs%3A5%3A%22_csrf%22%3Bi%3A1%3Bs%3A32%3A%222kOgrJVXAhQYkj6bwfwyUmzDqb7xuc7y%22%3B%7D; _backendInlislite=f8ac89d84ca5b998e42618a64341f5a962218cc676022ecba1374f9a867bf993a%3A2%3A%7Bi%3A0%3Bs%3A17%3A%22_backendInlislite%22%3Bi%3A1%3Bs%3A32%3A%22rW6_PoDEiZho7I_xeQ2f9KPcAVofCwpF%22%3B%7D; backendSession=5sqdhr1t2krqr29llmlik6hve1; _identity=af3e2a0e951dec577795a0c5ffd91cd682a11d709a13aa959f261807f7b4af33a%3A2%3A%7Bi%3A0%3Bs%3A9%3A%22_identity%22%3Bi%3A1%3Bs%3A17%3A%22%5B33%2Cnull%2C2592000%5D%22%3B%7D'
    'PATH' => 'C:\\Program Files (x86)\\Common Files\\Intel\\Shared Libraries\\redist\\intel64\\compiler;C:\\Program Files\\Common Files\\Oracle\\Java\\javapath;C:\\WINDOWS\\system32;C:\\WINDOWS;C:\\WINDOWS\\System32\\Wbem;C:\\WINDOWS\\System32\\WindowsPowerShell\\v1.0\\;C:\\WINDOWS\\System32\\OpenSSH\\;C:\\Program Files\\Git\\cmd;C:\\Program Files\\Java\\jdk-23\\bin;;C:\\Program Files\\dotnet\\;C:\\Program Files\\GitHub CLI\\;C:\\Program Files\\nodejs\\;C:\\Users\\PC\\.cargo\\bin;C:\\Users\\PC\\.local\\bin;C:\\Users\\PC\\AppData\\Local\\Programs\\Python\\Python312\\Scripts\\;C:\\Users\\PC\\AppData\\Local\\Programs\\Python\\Python312\\;C:\\Users\\PC\\AppData\\Local\\Microsoft\\WindowsApps;C:\\Users\\PC\\AppData\\Local\\Programs\\Microsoft VS Code\\bin;C:\\Users\\PC\\AppData\\Local\\Microsoft\\WinGet\\Packages\\Schniz.fnm_Microsoft.Winget.Source_8wekyb3d8bbwe;C:\\titan;C:\\Users\\PC\\go\\bin;C:\\Users\\PC\\AppData\\Local\\Android\\Sdk\\platform-tools;C:\\Users\\PC\\AppData\\Local\\Muse Hub\\lib;C:\\Users\\PC\\AppData\\Local\\Programs\\Antigravity\\bin;C:\\Users\\PC\\.dotnet\\tools;C:\\ffmpeg-8.0.1-essentials_build\\ffmpeg-8.0.1-essentials_build\\bin;C:\\Users\\PC\\AppData\\Local\\Microsoft\\WinGet\\Packages\\Gyan.FFmpeg_Microsoft.Winget.Source_8wekyb3d8bbwe\\ffmpeg-8.0.1-full_build\\bin;C:\\Users\\PC\\AppData\\Roaming\\npm;C:\\Users\\PC\\AppData\\Local\\Programs\\Ollama'
    'SystemRoot' => 'C:\\WINDOWS'
    'COMSPEC' => 'C:\\WINDOWS\\system32\\cmd.exe'
    'PATHEXT' => '.COM;.EXE;.BAT;.CMD;.VBS;.VBE;.JS;.JSE;.WSF;.WSH;.MSC'
    'WINDIR' => 'C:\\WINDOWS'
    'SERVER_SIGNATURE' => '<address>Apache/2.4.17 (Win32) OpenSSL/1.0.2d PHP/5.6.19 Server at localhost Port 8123</address>
'
    'SERVER_SOFTWARE' => 'Apache/2.4.17 (Win32) OpenSSL/1.0.2d PHP/5.6.19'
    'SERVER_NAME' => 'localhost'
    'SERVER_ADDR' => '::1'
    'SERVER_PORT' => '8123'
    'REMOTE_ADDR' => '::1'
    'DOCUMENT_ROOT' => 'C:/xampp/htdocs'
    'REQUEST_SCHEME' => 'http'
    'CONTEXT_PREFIX' => ''
    'CONTEXT_DOCUMENT_ROOT' => 'C:/xampp/htdocs'
    'SERVER_ADMIN' => 'postmaster@localhost'
    'SCRIPT_FILENAME' => 'C:/xampp/htdocs/inlislite3/backend/index.php'
    'REMOTE_PORT' => '6806'
    'REDIRECT_URL' => 'http://localhost:8123/inlislite3/backend/setting/umum/data-perpustakaan/index'
    'GATEWAY_INTERFACE' => 'CGI/1.1'
    'SERVER_PROTOCOL' => 'HTTP/1.1'
    'REQUEST_METHOD' => 'POST'
    'QUERY_STRING' => ''
    'REQUEST_URI' => '/inlislite3/backend/setting/umum/data-perpustakaan/index'
    'SCRIPT_NAME' => '/inlislite3/backend/index.php'
    'PHP_SELF' => '/inlislite3/backend/index.php'
    'REQUEST_TIME_FLOAT' => 1779862889.339
    'REQUEST_TIME' => 1779862889
]
2026-05-27 13:22:55 [::1][33][5sqdhr1t2krqr29llmlik6hve1][error][yii\base\ErrorException:1] exception 'yii\base\ErrorException' with message 'Call to a member function saveAs() on null' in C:\xampp\htdocs\inlislite3\backend\modules\setting\umum\controllers\DataPerpustakaanController.php:50
Stack trace:
#0 [internal function]: yii\base\ErrorHandler->handleFatalError()
#1 {main}
2026-05-27 13:22:55 [::1][33][5sqdhr1t2krqr29llmlik6hve1][info][application] $_POST = [
    '_backendInlislite' => 'SzUzYVNDLlY5YgU.AyxqEyJvWw5kCnEuLmQBB2oIfjUKY1wHEDReEA=='
    'DynamicModel' => [
        'NamaPerpustakaan' => 'Perpustakaan Desa Tingkeum'
        'JenisPerpustakaan' => '1'
        'logo' => ''
        'kop' => ''
        'IsUseKop' => '1'
    ]
]

$_FILES = [
    'DynamicModel' => [
        'name' => [
            'logo' => ''
            'kop' => ''
        ]
        'type' => [
            'logo' => ''
            'kop' => ''
        ]
        'tmp_name' => [
            'logo' => ''
            'kop' => ''
        ]
        'error' => [
            'logo' => 4
            'kop' => 4
        ]
        'size' => [
            'logo' => 0
            'kop' => 0
        ]
    ]
]

$_COOKIE = [
    'PHPSESSID' => 'a1hse6o894r0lqp9k3235aiu73'
    '_csrf' => 'c8749628a6dad2e07d9818a8ab153325ef06e686d5f7eab8d4f5d20e628926d5a:2:{i:0;s:5:\"_csrf\";i:1;s:32:\"2kOgrJVXAhQYkj6bwfwyUmzDqb7xuc7y\";}'
    '_backendInlislite' => 'f8ac89d84ca5b998e42618a64341f5a962218cc676022ecba1374f9a867bf993a:2:{i:0;s:17:\"_backendInlislite\";i:1;s:32:\"rW6_PoDEiZho7I_xeQ2f9KPcAVofCwpF\";}'
    'backendSession' => '5sqdhr1t2krqr29llmlik6hve1'
    '_identity' => 'af3e2a0e951dec577795a0c5ffd91cd682a11d709a13aa959f261807f7b4af33a:2:{i:0;s:9:\"_identity\";i:1;s:17:\"[33,null,2592000]\";}'
]

$_SESSION = [
    '__flash' => []
    '__returnUrl' => '/inlislite3/backend/'
    'location' => '1'
    '__id' => 33
]

$_SERVER = [
    'REDIRECT_MIBDIRS' => 'C:/xampp/php/extras/mibs'
    'REDIRECT_MYSQL_HOME' => '\\xampp\\mysql\\bin'
    'REDIRECT_OPENSSL_CONF' => 'C:/xampp/apache/bin/openssl.cnf'
    'REDIRECT_PHP_PEAR_SYSCONF_DIR' => '\\xampp\\php'
    'REDIRECT_PHPRC' => '\\xampp\\php'
    'REDIRECT_TMP' => '\\xampp\\tmp'
    'REDIRECT_STATUS' => '200'
    'MIBDIRS' => 'C:/xampp/php/extras/mibs'
    'MYSQL_HOME' => '\\xampp\\mysql\\bin'
    'OPENSSL_CONF' => 'C:/xampp/apache/bin/openssl.cnf'
    'PHP_PEAR_SYSCONF_DIR' => '\\xampp\\php'
    'PHPRC' => '\\xampp\\php'
    'TMP' => '\\xampp\\tmp'
    'HTTP_HOST' => 'localhost:8123'
    'HTTP_CONNECTION' => 'keep-alive'
    'CONTENT_LENGTH' => '1210'
    'HTTP_CACHE_CONTROL' => 'max-age=0'
    'HTTP_SEC_CH_UA' => '\"Chromium\";v=\"148\", \"Google Chrome\";v=\"148\", \"Not/A)Brand\";v=\"99\"'
    'HTTP_SEC_CH_UA_MOBILE' => '?0'
    'HTTP_SEC_CH_UA_PLATFORM' => '\"Windows\"'
    'HTTP_UPGRADE_INSECURE_REQUESTS' => '1'
    'CONTENT_TYPE' => 'multipart/form-data; boundary=----WebKitFormBoundaryPAwpYhHuv1JLjzfp'
    'HTTP_USER_AGENT' => 'Mozilla/5.0 (Windows NT 10.0; Win64; x64) AppleWebKit/537.36 (KHTML, like Gecko) Chrome/148.0.0.0 Safari/537.36'
    'HTTP_ORIGIN' => 'http://localhost:8123'
    'HTTP_ACCEPT' => 'text/html,application/xhtml+xml,application/xml;q=0.9,image/avif,image/webp,image/apng,*/*;q=0.8,application/signed-exchange;v=b3;q=0.7'
    'HTTP_SEC_FETCH_SITE' => 'same-origin'
    'HTTP_SEC_FETCH_MODE' => 'navigate'
    'HTTP_SEC_FETCH_USER' => '?1'
    'HTTP_SEC_FETCH_DEST' => 'document'
    'HTTP_REFERER' => 'http://localhost:8123/inlislite3/backend/setting/umum/data-perpustakaan/index'
    'HTTP_ACCEPT_ENCODING' => 'gzip, deflate, br, zstd'
    'HTTP_ACCEPT_LANGUAGE' => 'en-US,en;q=0.9'
    'HTTP_COOKIE' => 'PHPSESSID=a1hse6o894r0lqp9k3235aiu73; _csrf=c8749628a6dad2e07d9818a8ab153325ef06e686d5f7eab8d4f5d20e628926d5a%3A2%3A%7Bi%3A0%3Bs%3A5%3A%22_csrf%22%3Bi%3A1%3Bs%3A32%3A%222kOgrJVXAhQYkj6bwfwyUmzDqb7xuc7y%22%3B%7D; _backendInlislite=f8ac89d84ca5b998e42618a64341f5a962218cc676022ecba1374f9a867bf993a%3A2%3A%7Bi%3A0%3Bs%3A17%3A%22_backendInlislite%22%3Bi%3A1%3Bs%3A32%3A%22rW6_PoDEiZho7I_xeQ2f9KPcAVofCwpF%22%3B%7D; backendSession=5sqdhr1t2krqr29llmlik6hve1; _identity=af3e2a0e951dec577795a0c5ffd91cd682a11d709a13aa959f261807f7b4af33a%3A2%3A%7Bi%3A0%3Bs%3A9%3A%22_identity%22%3Bi%3A1%3Bs%3A17%3A%22%5B33%2Cnull%2C2592000%5D%22%3B%7D'
    'PATH' => 'C:\\Program Files (x86)\\Common Files\\Intel\\Shared Libraries\\redist\\intel64\\compiler;C:\\Program Files\\Common Files\\Oracle\\Java\\javapath;C:\\WINDOWS\\system32;C:\\WINDOWS;C:\\WINDOWS\\System32\\Wbem;C:\\WINDOWS\\System32\\WindowsPowerShell\\v1.0\\;C:\\WINDOWS\\System32\\OpenSSH\\;C:\\Program Files\\Git\\cmd;C:\\Program Files\\Java\\jdk-23\\bin;;C:\\Program Files\\dotnet\\;C:\\Program Files\\GitHub CLI\\;C:\\Program Files\\nodejs\\;C:\\Users\\PC\\.cargo\\bin;C:\\Users\\PC\\.local\\bin;C:\\Users\\PC\\AppData\\Local\\Programs\\Python\\Python312\\Scripts\\;C:\\Users\\PC\\AppData\\Local\\Programs\\Python\\Python312\\;C:\\Users\\PC\\AppData\\Local\\Microsoft\\WindowsApps;C:\\Users\\PC\\AppData\\Local\\Programs\\Microsoft VS Code\\bin;C:\\Users\\PC\\AppData\\Local\\Microsoft\\WinGet\\Packages\\Schniz.fnm_Microsoft.Winget.Source_8wekyb3d8bbwe;C:\\titan;C:\\Users\\PC\\go\\bin;C:\\Users\\PC\\AppData\\Local\\Android\\Sdk\\platform-tools;C:\\Users\\PC\\AppData\\Local\\Muse Hub\\lib;C:\\Users\\PC\\AppData\\Local\\Programs\\Antigravity\\bin;C:\\Users\\PC\\.dotnet\\tools;C:\\ffmpeg-8.0.1-essentials_build\\ffmpeg-8.0.1-essentials_build\\bin;C:\\Users\\PC\\AppData\\Local\\Microsoft\\WinGet\\Packages\\Gyan.FFmpeg_Microsoft.Winget.Source_8wekyb3d8bbwe\\ffmpeg-8.0.1-full_build\\bin;C:\\Users\\PC\\AppData\\Roaming\\npm;C:\\Users\\PC\\AppData\\Local\\Programs\\Ollama'
    'SystemRoot' => 'C:\\WINDOWS'
    'COMSPEC' => 'C:\\WINDOWS\\system32\\cmd.exe'
    'PATHEXT' => '.COM;.EXE;.BAT;.CMD;.VBS;.VBE;.JS;.JSE;.WSF;.WSH;.MSC'
    'WINDIR' => 'C:\\WINDOWS'
    'SERVER_SIGNATURE' => '<address>Apache/2.4.17 (Win32) OpenSSL/1.0.2d PHP/5.6.19 Server at localhost Port 8123</address>
'
    'SERVER_SOFTWARE' => 'Apache/2.4.17 (Win32) OpenSSL/1.0.2d PHP/5.6.19'
    'SERVER_NAME' => 'localhost'
    'SERVER_ADDR' => '::1'
    'SERVER_PORT' => '8123'
    'REMOTE_ADDR' => '::1'
    'DOCUMENT_ROOT' => 'C:/xampp/htdocs'
    'REQUEST_SCHEME' => 'http'
    'CONTEXT_PREFIX' => ''
    'CONTEXT_DOCUMENT_ROOT' => 'C:/xampp/htdocs'
    'SERVER_ADMIN' => 'postmaster@localhost'
    'SCRIPT_FILENAME' => 'C:/xampp/htdocs/inlislite3/backend/index.php'
    'REMOTE_PORT' => '6085'
    'REDIRECT_URL' => 'http://localhost:8123/inlislite3/backend/setting/umum/data-perpustakaan/index'
    'GATEWAY_INTERFACE' => 'CGI/1.1'
    'SERVER_PROTOCOL' => 'HTTP/1.1'
    'REQUEST_METHOD' => 'POST'
    'QUERY_STRING' => ''
    'REQUEST_URI' => '/inlislite3/backend/setting/umum/data-perpustakaan/index'
    'SCRIPT_NAME' => '/inlislite3/backend/index.php'
    'PHP_SELF' => '/inlislite3/backend/index.php'
    'REQUEST_TIME_FLOAT' => 1779862975.46
    'REQUEST_TIME' => 1779862975
]
2026-05-27 13:24:12 [::1][33][5sqdhr1t2krqr29llmlik6hve1][error][yii\base\ErrorException:1] exception 'yii\base\ErrorException' with message 'Call to a member function saveAs() on null' in C:\xampp\htdocs\inlislite3\backend\modules\setting\umum\controllers\DataPerpustakaanController.php:50
Stack trace:
#0 [internal function]: yii\base\ErrorHandler->handleFatalError()
#1 {main}
2026-05-27 13:24:12 [::1][33][5sqdhr1t2krqr29llmlik6hve1][info][application] $_POST = [
    '_backendInlislite' => 'X1R0VURYSUYtA0IKFDcNAzYOHDpzERY.OgVGM30TGSUeAhszBy85AA=='
    'DynamicModel' => [
        'NamaPerpustakaan' => 'Perpustakaan Desa Tingkeum'
        'JenisPerpustakaan' => '1'
        'logo' => ''
        'kop' => ''
        'IsUseKop' => '1'
    ]
]

$_FILES = [
    'DynamicModel' => [
        'name' => [
            'logo' => ''
            'kop' => ''
        ]
        'type' => [
            'logo' => ''
            'kop' => ''
        ]
        'tmp_name' => [
            'logo' => ''
            'kop' => ''
        ]
        'error' => [
            'logo' => 4
            'kop' => 4
        ]
        'size' => [
            'logo' => 0
            'kop' => 0
        ]
    ]
]

$_COOKIE = [
    'PHPSESSID' => 'a1hse6o894r0lqp9k3235aiu73'
    '_csrf' => 'c8749628a6dad2e07d9818a8ab153325ef06e686d5f7eab8d4f5d20e628926d5a:2:{i:0;s:5:\"_csrf\";i:1;s:32:\"2kOgrJVXAhQYkj6bwfwyUmzDqb7xuc7y\";}'
    '_backendInlislite' => 'f8ac89d84ca5b998e42618a64341f5a962218cc676022ecba1374f9a867bf993a:2:{i:0;s:17:\"_backendInlislite\";i:1;s:32:\"rW6_PoDEiZho7I_xeQ2f9KPcAVofCwpF\";}'
    'backendSession' => '5sqdhr1t2krqr29llmlik6hve1'
    '_identity' => 'af3e2a0e951dec577795a0c5ffd91cd682a11d709a13aa959f261807f7b4af33a:2:{i:0;s:9:\"_identity\";i:1;s:17:\"[33,null,2592000]\";}'
]

$_SESSION = [
    '__flash' => []
    '__returnUrl' => '/inlislite3/backend/'
    'location' => '1'
    '__id' => 33
]

$_SERVER = [
    'REDIRECT_MIBDIRS' => 'C:/xampp/php/extras/mibs'
    'REDIRECT_MYSQL_HOME' => '\\xampp\\mysql\\bin'
    'REDIRECT_OPENSSL_CONF' => 'C:/xampp/apache/bin/openssl.cnf'
    'REDIRECT_PHP_PEAR_SYSCONF_DIR' => '\\xampp\\php'
    'REDIRECT_PHPRC' => '\\xampp\\php'
    'REDIRECT_TMP' => '\\xampp\\tmp'
    'REDIRECT_STATUS' => '200'
    'MIBDIRS' => 'C:/xampp/php/extras/mibs'
    'MYSQL_HOME' => '\\xampp\\mysql\\bin'
    'OPENSSL_CONF' => 'C:/xampp/apache/bin/openssl.cnf'
    'PHP_PEAR_SYSCONF_DIR' => '\\xampp\\php'
    'PHPRC' => '\\xampp\\php'
    'TMP' => '\\xampp\\tmp'
    'HTTP_HOST' => 'localhost:8123'
    'HTTP_CONNECTION' => 'keep-alive'
    'CONTENT_LENGTH' => '1210'
    'HTTP_CACHE_CONTROL' => 'max-age=0'
    'HTTP_SEC_CH_UA' => '\"Chromium\";v=\"148\", \"Google Chrome\";v=\"148\", \"Not/A)Brand\";v=\"99\"'
    'HTTP_SEC_CH_UA_MOBILE' => '?0'
    'HTTP_SEC_CH_UA_PLATFORM' => '\"Windows\"'
    'HTTP_UPGRADE_INSECURE_REQUESTS' => '1'
    'CONTENT_TYPE' => 'multipart/form-data; boundary=----WebKitFormBoundary5JHqThs0mdMFqaeB'
    'HTTP_USER_AGENT' => 'Mozilla/5.0 (Windows NT 10.0; Win64; x64) AppleWebKit/537.36 (KHTML, like Gecko) Chrome/148.0.0.0 Safari/537.36'
    'HTTP_ORIGIN' => 'http://localhost:8123'
    'HTTP_ACCEPT' => 'text/html,application/xhtml+xml,application/xml;q=0.9,image/avif,image/webp,image/apng,*/*;q=0.8,application/signed-exchange;v=b3;q=0.7'
    'HTTP_SEC_FETCH_SITE' => 'same-origin'
    'HTTP_SEC_FETCH_MODE' => 'navigate'
    'HTTP_SEC_FETCH_USER' => '?1'
    'HTTP_SEC_FETCH_DEST' => 'document'
    'HTTP_REFERER' => 'http://localhost:8123/inlislite3/backend/setting/umum/data-perpustakaan/index'
    'HTTP_ACCEPT_ENCODING' => 'gzip, deflate, br, zstd'
    'HTTP_ACCEPT_LANGUAGE' => 'en-US,en;q=0.9'
    'HTTP_COOKIE' => 'PHPSESSID=a1hse6o894r0lqp9k3235aiu73; _csrf=c8749628a6dad2e07d9818a8ab153325ef06e686d5f7eab8d4f5d20e628926d5a%3A2%3A%7Bi%3A0%3Bs%3A5%3A%22_csrf%22%3Bi%3A1%3Bs%3A32%3A%222kOgrJVXAhQYkj6bwfwyUmzDqb7xuc7y%22%3B%7D; _backendInlislite=f8ac89d84ca5b998e42618a64341f5a962218cc676022ecba1374f9a867bf993a%3A2%3A%7Bi%3A0%3Bs%3A17%3A%22_backendInlislite%22%3Bi%3A1%3Bs%3A32%3A%22rW6_PoDEiZho7I_xeQ2f9KPcAVofCwpF%22%3B%7D; backendSession=5sqdhr1t2krqr29llmlik6hve1; _identity=af3e2a0e951dec577795a0c5ffd91cd682a11d709a13aa959f261807f7b4af33a%3A2%3A%7Bi%3A0%3Bs%3A9%3A%22_identity%22%3Bi%3A1%3Bs%3A17%3A%22%5B33%2Cnull%2C2592000%5D%22%3B%7D'
    'PATH' => 'C:\\Program Files (x86)\\Common Files\\Intel\\Shared Libraries\\redist\\intel64\\compiler;C:\\Program Files\\Common Files\\Oracle\\Java\\javapath;C:\\WINDOWS\\system32;C:\\WINDOWS;C:\\WINDOWS\\System32\\Wbem;C:\\WINDOWS\\System32\\WindowsPowerShell\\v1.0\\;C:\\WINDOWS\\System32\\OpenSSH\\;C:\\Program Files\\Git\\cmd;C:\\Program Files\\Java\\jdk-23\\bin;;C:\\Program Files\\dotnet\\;C:\\Program Files\\GitHub CLI\\;C:\\Program Files\\nodejs\\;C:\\Users\\PC\\.cargo\\bin;C:\\Users\\PC\\.local\\bin;C:\\Users\\PC\\AppData\\Local\\Programs\\Python\\Python312\\Scripts\\;C:\\Users\\PC\\AppData\\Local\\Programs\\Python\\Python312\\;C:\\Users\\PC\\AppData\\Local\\Microsoft\\WindowsApps;C:\\Users\\PC\\AppData\\Local\\Programs\\Microsoft VS Code\\bin;C:\\Users\\PC\\AppData\\Local\\Microsoft\\WinGet\\Packages\\Schniz.fnm_Microsoft.Winget.Source_8wekyb3d8bbwe;C:\\titan;C:\\Users\\PC\\go\\bin;C:\\Users\\PC\\AppData\\Local\\Android\\Sdk\\platform-tools;C:\\Users\\PC\\AppData\\Local\\Muse Hub\\lib;C:\\Users\\PC\\AppData\\Local\\Programs\\Antigravity\\bin;C:\\Users\\PC\\.dotnet\\tools;C:\\ffmpeg-8.0.1-essentials_build\\ffmpeg-8.0.1-essentials_build\\bin;C:\\Users\\PC\\AppData\\Local\\Microsoft\\WinGet\\Packages\\Gyan.FFmpeg_Microsoft.Winget.Source_8wekyb3d8bbwe\\ffmpeg-8.0.1-full_build\\bin;C:\\Users\\PC\\AppData\\Roaming\\npm;C:\\Users\\PC\\AppData\\Local\\Programs\\Ollama'
    'SystemRoot' => 'C:\\WINDOWS'
    'COMSPEC' => 'C:\\WINDOWS\\system32\\cmd.exe'
    'PATHEXT' => '.COM;.EXE;.BAT;.CMD;.VBS;.VBE;.JS;.JSE;.WSF;.WSH;.MSC'
    'WINDIR' => 'C:\\WINDOWS'
    'SERVER_SIGNATURE' => '<address>Apache/2.4.17 (Win32) OpenSSL/1.0.2d PHP/5.6.19 Server at localhost Port 8123</address>
'
    'SERVER_SOFTWARE' => 'Apache/2.4.17 (Win32) OpenSSL/1.0.2d PHP/5.6.19'
    'SERVER_NAME' => 'localhost'
    'SERVER_ADDR' => '::1'
    'SERVER_PORT' => '8123'
    'REMOTE_ADDR' => '::1'
    'DOCUMENT_ROOT' => 'C:/xampp/htdocs'
    'REQUEST_SCHEME' => 'http'
    'CONTEXT_PREFIX' => ''
    'CONTEXT_DOCUMENT_ROOT' => 'C:/xampp/htdocs'
    'SERVER_ADMIN' => 'postmaster@localhost'
    'SCRIPT_FILENAME' => 'C:/xampp/htdocs/inlislite3/backend/index.php'
    'REMOTE_PORT' => '4617'
    'REDIRECT_URL' => 'http://localhost:8123/inlislite3/backend/setting/umum/data-perpustakaan/index'
    'GATEWAY_INTERFACE' => 'CGI/1.1'
    'SERVER_PROTOCOL' => 'HTTP/1.1'
    'REQUEST_METHOD' => 'POST'
    'QUERY_STRING' => ''
    'REQUEST_URI' => '/inlislite3/backend/setting/umum/data-perpustakaan/index'
    'SCRIPT_NAME' => '/inlislite3/backend/index.php'
    'PHP_SELF' => '/inlislite3/backend/index.php'
    'REQUEST_TIME_FLOAT' => 1779863052.054
    'REQUEST_TIME' => 1779863052
]
2026-05-27 13:31:35 [::1][33][-][error][yii\i18n\PhpMessageSource::loadFallbackMessages] The message file for category 'kvdate' does not exist: C:\xampp\htdocs\inlislite3\vendor\kartik-v\yii2-widget-datepicker/messages/idn/kvdate.php Fallback file does not exist as well: C:\xampp\htdocs\inlislite3\vendor\kartik-v\yii2-widget-datepicker/messages/id/kvdate.php
    in C:\xampp\htdocs\inlislite3\vendor\kartik-v\yii2-widget-datepicker\DatePicker.php:290
    in C:\xampp\htdocs\inlislite3\vendor\kartik-v\yii2-widget-datepicker\DatePicker.php:316
    in C:\xampp\htdocs\inlislite3\vendor\kartik-v\yii2-widget-datepicker\DatePicker.php:266
2026-05-27 13:31:35 [::1][33][-][info][application] $_COOKIE = [
    'PHPSESSID' => 'a1hse6o894r0lqp9k3235aiu73'
    '_csrf' => 'c8749628a6dad2e07d9818a8ab153325ef06e686d5f7eab8d4f5d20e628926d5a:2:{i:0;s:5:\"_csrf\";i:1;s:32:\"2kOgrJVXAhQYkj6bwfwyUmzDqb7xuc7y\";}'
    '_backendInlislite' => 'f8ac89d84ca5b998e42618a64341f5a962218cc676022ecba1374f9a867bf993a:2:{i:0;s:17:\"_backendInlislite\";i:1;s:32:\"rW6_PoDEiZho7I_xeQ2f9KPcAVofCwpF\";}'
    'backendSession' => '5sqdhr1t2krqr29llmlik6hve1'
    '_identity' => 'af3e2a0e951dec577795a0c5ffd91cd682a11d709a13aa959f261807f7b4af33a:2:{i:0;s:9:\"_identity\";i:1;s:17:\"[33,null,2592000]\";}'
]

$_SESSION = [
    '__flash' => []
    '__returnUrl' => '/inlislite3/backend/'
    'location' => '1'
    '__id' => 33
]

$_SERVER = [
    'REDIRECT_MIBDIRS' => 'C:/xampp/php/extras/mibs'
    'REDIRECT_MYSQL_HOME' => '\\xampp\\mysql\\bin'
    'REDIRECT_OPENSSL_CONF' => 'C:/xampp/apache/bin/openssl.cnf'
    'REDIRECT_PHP_PEAR_SYSCONF_DIR' => '\\xampp\\php'
    'REDIRECT_PHPRC' => '\\xampp\\php'
    'REDIRECT_TMP' => '\\xampp\\tmp'
    'REDIRECT_STATUS' => '200'
    'MIBDIRS' => 'C:/xampp/php/extras/mibs'
    'MYSQL_HOME' => '\\xampp\\mysql\\bin'
    'OPENSSL_CONF' => 'C:/xampp/apache/bin/openssl.cnf'
    'PHP_PEAR_SYSCONF_DIR' => '\\xampp\\php'
    'PHPRC' => '\\xampp\\php'
    'TMP' => '\\xampp\\tmp'
    'HTTP_HOST' => 'localhost:8123'
    'HTTP_CONNECTION' => 'keep-alive'
    'HTTP_SEC_CH_UA' => '\"Chromium\";v=\"148\", \"Google Chrome\";v=\"148\", \"Not/A)Brand\";v=\"99\"'
    'HTTP_SEC_CH_UA_MOBILE' => '?0'
    'HTTP_SEC_CH_UA_PLATFORM' => '\"Windows\"'
    'HTTP_UPGRADE_INSECURE_REQUESTS' => '1'
    'HTTP_USER_AGENT' => 'Mozilla/5.0 (Windows NT 10.0; Win64; x64) AppleWebKit/537.36 (KHTML, like Gecko) Chrome/148.0.0.0 Safari/537.36'
    'HTTP_ACCEPT' => 'text/html,application/xhtml+xml,application/xml;q=0.9,image/avif,image/webp,image/apng,*/*;q=0.8,application/signed-exchange;v=b3;q=0.7'
    'HTTP_SEC_FETCH_SITE' => 'same-origin'
    'HTTP_SEC_FETCH_MODE' => 'navigate'
    'HTTP_SEC_FETCH_USER' => '?1'
    'HTTP_SEC_FETCH_DEST' => 'document'
    'HTTP_REFERER' => 'http://localhost:8123/inlislite3/backend/setting/member/jenis-anggota/default-lokasi?id=2'
    'HTTP_ACCEPT_ENCODING' => 'gzip, deflate, br, zstd'
    'HTTP_ACCEPT_LANGUAGE' => 'en-US,en;q=0.9'
    'HTTP_COOKIE' => 'PHPSESSID=a1hse6o894r0lqp9k3235aiu73; _csrf=c8749628a6dad2e07d9818a8ab153325ef06e686d5f7eab8d4f5d20e628926d5a%3A2%3A%7Bi%3A0%3Bs%3A5%3A%22_csrf%22%3Bi%3A1%3Bs%3A32%3A%222kOgrJVXAhQYkj6bwfwyUmzDqb7xuc7y%22%3B%7D; _backendInlislite=f8ac89d84ca5b998e42618a64341f5a962218cc676022ecba1374f9a867bf993a%3A2%3A%7Bi%3A0%3Bs%3A17%3A%22_backendInlislite%22%3Bi%3A1%3Bs%3A32%3A%22rW6_PoDEiZho7I_xeQ2f9KPcAVofCwpF%22%3B%7D; backendSession=5sqdhr1t2krqr29llmlik6hve1; _identity=af3e2a0e951dec577795a0c5ffd91cd682a11d709a13aa959f261807f7b4af33a%3A2%3A%7Bi%3A0%3Bs%3A9%3A%22_identity%22%3Bi%3A1%3Bs%3A17%3A%22%5B33%2Cnull%2C2592000%5D%22%3B%7D'
    'PATH' => 'C:\\Program Files (x86)\\Common Files\\Intel\\Shared Libraries\\redist\\intel64\\compiler;C:\\Program Files\\Common Files\\Oracle\\Java\\javapath;C:\\WINDOWS\\system32;C:\\WINDOWS;C:\\WINDOWS\\System32\\Wbem;C:\\WINDOWS\\System32\\WindowsPowerShell\\v1.0\\;C:\\WINDOWS\\System32\\OpenSSH\\;C:\\Program Files\\Git\\cmd;C:\\Program Files\\Java\\jdk-23\\bin;;C:\\Program Files\\dotnet\\;C:\\Program Files\\GitHub CLI\\;C:\\Program Files\\nodejs\\;C:\\Users\\PC\\.cargo\\bin;C:\\Users\\PC\\.local\\bin;C:\\Users\\PC\\AppData\\Local\\Programs\\Python\\Python312\\Scripts\\;C:\\Users\\PC\\AppData\\Local\\Programs\\Python\\Python312\\;C:\\Users\\PC\\AppData\\Local\\Microsoft\\WindowsApps;C:\\Users\\PC\\AppData\\Local\\Programs\\Microsoft VS Code\\bin;C:\\Users\\PC\\AppData\\Local\\Microsoft\\WinGet\\Packages\\Schniz.fnm_Microsoft.Winget.Source_8wekyb3d8bbwe;C:\\titan;C:\\Users\\PC\\go\\bin;C:\\Users\\PC\\AppData\\Local\\Android\\Sdk\\platform-tools;C:\\Users\\PC\\AppData\\Local\\Muse Hub\\lib;C:\\Users\\PC\\AppData\\Local\\Programs\\Antigravity\\bin;C:\\Users\\PC\\.dotnet\\tools;C:\\ffmpeg-8.0.1-essentials_build\\ffmpeg-8.0.1-essentials_build\\bin;C:\\Users\\PC\\AppData\\Local\\Microsoft\\WinGet\\Packages\\Gyan.FFmpeg_Microsoft.Winget.Source_8wekyb3d8bbwe\\ffmpeg-8.0.1-full_build\\bin;C:\\Users\\PC\\AppData\\Roaming\\npm;C:\\Users\\PC\\AppData\\Local\\Programs\\Ollama'
    'SystemRoot' => 'C:\\WINDOWS'
    'COMSPEC' => 'C:\\WINDOWS\\system32\\cmd.exe'
    'PATHEXT' => '.COM;.EXE;.BAT;.CMD;.VBS;.VBE;.JS;.JSE;.WSF;.WSH;.MSC'
    'WINDIR' => 'C:\\WINDOWS'
    'SERVER_SIGNATURE' => '<address>Apache/2.4.17 (Win32) OpenSSL/1.0.2d PHP/5.6.19 Server at localhost Port 8123</address>
'
    'SERVER_SOFTWARE' => 'Apache/2.4.17 (Win32) OpenSSL/1.0.2d PHP/5.6.19'
    'SERVER_NAME' => 'localhost'
    'SERVER_ADDR' => '::1'
    'SERVER_PORT' => '8123'
    'REMOTE_ADDR' => '::1'
    'DOCUMENT_ROOT' => 'C:/xampp/htdocs'
    'REQUEST_SCHEME' => 'http'
    'CONTEXT_PREFIX' => ''
    'CONTEXT_DOCUMENT_ROOT' => 'C:/xampp/htdocs'
    'SERVER_ADMIN' => 'postmaster@localhost'
    'SCRIPT_FILENAME' => 'C:/xampp/htdocs/inlislite3/backend/index.php'
    'REMOTE_PORT' => '10322'
    'REDIRECT_URL' => 'http://localhost:8123/inlislite3/backend/member/member/create'
    'GATEWAY_INTERFACE' => 'CGI/1.1'
    'SERVER_PROTOCOL' => 'HTTP/1.1'
    'REQUEST_METHOD' => 'GET'
    'QUERY_STRING' => ''
    'REQUEST_URI' => '/inlislite3/backend/member/member/create'
    'SCRIPT_NAME' => '/inlislite3/backend/index.php'
    'PHP_SELF' => '/inlislite3/backend/index.php'
    'REQUEST_TIME_FLOAT' => 1779863495.569
    'REQUEST_TIME' => 1779863495
]
2026-05-27 13:32:40 [::1][33][-][error][yii\i18n\PhpMessageSource::loadFallbackMessages] The message file for category 'kvdate' does not exist: C:\xampp\htdocs\inlislite3\vendor\kartik-v\yii2-widget-datepicker/messages/idn/kvdate.php Fallback file does not exist as well: C:\xampp\htdocs\inlislite3\vendor\kartik-v\yii2-widget-datepicker/messages/id/kvdate.php
    in C:\xampp\htdocs\inlislite3\vendor\kartik-v\yii2-widget-datepicker\DatePicker.php:290
    in C:\xampp\htdocs\inlislite3\vendor\kartik-v\yii2-widget-datepicker\DatePicker.php:316
    in C:\xampp\htdocs\inlislite3\vendor\kartik-v\yii2-widget-datepicker\DatePicker.php:266
2026-05-27 13:32:40 [::1][33][-][info][application] $_COOKIE = [
    'PHPSESSID' => 'a1hse6o894r0lqp9k3235aiu73'
    '_csrf' => 'c8749628a6dad2e07d9818a8ab153325ef06e686d5f7eab8d4f5d20e628926d5a:2:{i:0;s:5:\"_csrf\";i:1;s:32:\"2kOgrJVXAhQYkj6bwfwyUmzDqb7xuc7y\";}'
    '_backendInlislite' => 'f8ac89d84ca5b998e42618a64341f5a962218cc676022ecba1374f9a867bf993a:2:{i:0;s:17:\"_backendInlislite\";i:1;s:32:\"rW6_PoDEiZho7I_xeQ2f9KPcAVofCwpF\";}'
    'backendSession' => '5sqdhr1t2krqr29llmlik6hve1'
    '_identity' => 'af3e2a0e951dec577795a0c5ffd91cd682a11d709a13aa959f261807f7b4af33a:2:{i:0;s:9:\"_identity\";i:1;s:17:\"[33,null,2592000]\";}'
]

$_SESSION = [
    '__flash' => []
    '__returnUrl' => '/inlislite3/backend/member/member/index'
    'location' => '1'
    '__id' => 33
]

$_SERVER = [
    'REDIRECT_MIBDIRS' => 'C:/xampp/php/extras/mibs'
    'REDIRECT_MYSQL_HOME' => '\\xampp\\mysql\\bin'
    'REDIRECT_OPENSSL_CONF' => 'C:/xampp/apache/bin/openssl.cnf'
    'REDIRECT_PHP_PEAR_SYSCONF_DIR' => '\\xampp\\php'
    'REDIRECT_PHPRC' => '\\xampp\\php'
    'REDIRECT_TMP' => '\\xampp\\tmp'
    'REDIRECT_STATUS' => '200'
    'MIBDIRS' => 'C:/xampp/php/extras/mibs'
    'MYSQL_HOME' => '\\xampp\\mysql\\bin'
    'OPENSSL_CONF' => 'C:/xampp/apache/bin/openssl.cnf'
    'PHP_PEAR_SYSCONF_DIR' => '\\xampp\\php'
    'PHPRC' => '\\xampp\\php'
    'TMP' => '\\xampp\\tmp'
    'HTTP_HOST' => 'localhost:8123'
    'HTTP_CONNECTION' => 'keep-alive'
    'HTTP_SEC_CH_UA' => '\"Chromium\";v=\"148\", \"Google Chrome\";v=\"148\", \"Not/A)Brand\";v=\"99\"'
    'HTTP_SEC_CH_UA_MOBILE' => '?0'
    'HTTP_SEC_CH_UA_PLATFORM' => '\"Windows\"'
    'HTTP_UPGRADE_INSECURE_REQUESTS' => '1'
    'HTTP_USER_AGENT' => 'Mozilla/5.0 (Windows NT 10.0; Win64; x64) AppleWebKit/537.36 (KHTML, like Gecko) Chrome/148.0.0.0 Safari/537.36'
    'HTTP_ACCEPT' => 'text/html,application/xhtml+xml,application/xml;q=0.9,image/avif,image/webp,image/apng,*/*;q=0.8,application/signed-exchange;v=b3;q=0.7'
    'HTTP_SEC_FETCH_SITE' => 'same-origin'
    'HTTP_SEC_FETCH_MODE' => 'navigate'
    'HTTP_SEC_FETCH_DEST' => 'document'
    'HTTP_REFERER' => 'http://localhost:8123/inlislite3/backend/setting/member/jenis-anggota/default-lokasi?id=2'
    'HTTP_ACCEPT_ENCODING' => 'gzip, deflate, br, zstd'
    'HTTP_ACCEPT_LANGUAGE' => 'en-US,en;q=0.9'
    'HTTP_COOKIE' => 'PHPSESSID=a1hse6o894r0lqp9k3235aiu73; _csrf=c8749628a6dad2e07d9818a8ab153325ef06e686d5f7eab8d4f5d20e628926d5a%3A2%3A%7Bi%3A0%3Bs%3A5%3A%22_csrf%22%3Bi%3A1%3Bs%3A32%3A%222kOgrJVXAhQYkj6bwfwyUmzDqb7xuc7y%22%3B%7D; _backendInlislite=f8ac89d84ca5b998e42618a64341f5a962218cc676022ecba1374f9a867bf993a%3A2%3A%7Bi%3A0%3Bs%3A17%3A%22_backendInlislite%22%3Bi%3A1%3Bs%3A32%3A%22rW6_PoDEiZho7I_xeQ2f9KPcAVofCwpF%22%3B%7D; backendSession=5sqdhr1t2krqr29llmlik6hve1; _identity=af3e2a0e951dec577795a0c5ffd91cd682a11d709a13aa959f261807f7b4af33a%3A2%3A%7Bi%3A0%3Bs%3A9%3A%22_identity%22%3Bi%3A1%3Bs%3A17%3A%22%5B33%2Cnull%2C2592000%5D%22%3B%7D'
    'PATH' => 'C:\\Program Files (x86)\\Common Files\\Intel\\Shared Libraries\\redist\\intel64\\compiler;C:\\Program Files\\Common Files\\Oracle\\Java\\javapath;C:\\WINDOWS\\system32;C:\\WINDOWS;C:\\WINDOWS\\System32\\Wbem;C:\\WINDOWS\\System32\\WindowsPowerShell\\v1.0\\;C:\\WINDOWS\\System32\\OpenSSH\\;C:\\Program Files\\Git\\cmd;C:\\Program Files\\Java\\jdk-23\\bin;;C:\\Program Files\\dotnet\\;C:\\Program Files\\GitHub CLI\\;C:\\Program Files\\nodejs\\;C:\\Users\\PC\\.cargo\\bin;C:\\Users\\PC\\.local\\bin;C:\\Users\\PC\\AppData\\Local\\Programs\\Python\\Python312\\Scripts\\;C:\\Users\\PC\\AppData\\Local\\Programs\\Python\\Python312\\;C:\\Users\\PC\\AppData\\Local\\Microsoft\\WindowsApps;C:\\Users\\PC\\AppData\\Local\\Programs\\Microsoft VS Code\\bin;C:\\Users\\PC\\AppData\\Local\\Microsoft\\WinGet\\Packages\\Schniz.fnm_Microsoft.Winget.Source_8wekyb3d8bbwe;C:\\titan;C:\\Users\\PC\\go\\bin;C:\\Users\\PC\\AppData\\Local\\Android\\Sdk\\platform-tools;C:\\Users\\PC\\AppData\\Local\\Muse Hub\\lib;C:\\Users\\PC\\AppData\\Local\\Programs\\Antigravity\\bin;C:\\Users\\PC\\.dotnet\\tools;C:\\ffmpeg-8.0.1-essentials_build\\ffmpeg-8.0.1-essentials_build\\bin;C:\\Users\\PC\\AppData\\Local\\Microsoft\\WinGet\\Packages\\Gyan.FFmpeg_Microsoft.Winget.Source_8wekyb3d8bbwe\\ffmpeg-8.0.1-full_build\\bin;C:\\Users\\PC\\AppData\\Roaming\\npm;C:\\Users\\PC\\AppData\\Local\\Programs\\Ollama'
    'SystemRoot' => 'C:\\WINDOWS'
    'COMSPEC' => 'C:\\WINDOWS\\system32\\cmd.exe'
    'PATHEXT' => '.COM;.EXE;.BAT;.CMD;.VBS;.VBE;.JS;.JSE;.WSF;.WSH;.MSC'
    'WINDIR' => 'C:\\WINDOWS'
    'SERVER_SIGNATURE' => '<address>Apache/2.4.17 (Win32) OpenSSL/1.0.2d PHP/5.6.19 Server at localhost Port 8123</address>
'
    'SERVER_SOFTWARE' => 'Apache/2.4.17 (Win32) OpenSSL/1.0.2d PHP/5.6.19'
    'SERVER_NAME' => 'localhost'
    'SERVER_ADDR' => '::1'
    'SERVER_PORT' => '8123'
    'REMOTE_ADDR' => '::1'
    'DOCUMENT_ROOT' => 'C:/xampp/htdocs'
    'REQUEST_SCHEME' => 'http'
    'CONTEXT_PREFIX' => ''
    'CONTEXT_DOCUMENT_ROOT' => 'C:/xampp/htdocs'
    'SERVER_ADMIN' => 'postmaster@localhost'
    'SCRIPT_FILENAME' => 'C:/xampp/htdocs/inlislite3/backend/index.php'
    'REMOTE_PORT' => '10994'
    'REDIRECT_URL' => 'http://localhost:8123/inlislite3/backend/member/member/create'
    'GATEWAY_INTERFACE' => 'CGI/1.1'
    'SERVER_PROTOCOL' => 'HTTP/1.1'
    'REQUEST_METHOD' => 'GET'
    'QUERY_STRING' => ''
    'REQUEST_URI' => '/inlislite3/backend/member/member/create'
    'SCRIPT_NAME' => '/inlislite3/backend/index.php'
    'PHP_SELF' => '/inlislite3/backend/index.php'
    'REQUEST_TIME_FLOAT' => 1779863559.989
    'REQUEST_TIME' => 1779863559
]
2026-05-27 13:34:28 [::1][33][-][error][yii\i18n\PhpMessageSource::loadFallbackMessages] The message file for category 'kvdate' does not exist: C:\xampp\htdocs\inlislite3\vendor\kartik-v\yii2-widget-datepicker/messages/idn/kvdate.php Fallback file does not exist as well: C:\xampp\htdocs\inlislite3\vendor\kartik-v\yii2-widget-datepicker/messages/id/kvdate.php
    in C:\xampp\htdocs\inlislite3\vendor\kartik-v\yii2-widget-datepicker\DatePicker.php:290
    in C:\xampp\htdocs\inlislite3\vendor\kartik-v\yii2-widget-datepicker\DatePicker.php:316
    in C:\xampp\htdocs\inlislite3\vendor\kartik-v\yii2-widget-datepicker\DatePicker.php:266
2026-05-27 13:34:28 [::1][33][-][info][application] $_COOKIE = [
    'PHPSESSID' => 'a1hse6o894r0lqp9k3235aiu73'
    '_csrf' => 'c8749628a6dad2e07d9818a8ab153325ef06e686d5f7eab8d4f5d20e628926d5a:2:{i:0;s:5:\"_csrf\";i:1;s:32:\"2kOgrJVXAhQYkj6bwfwyUmzDqb7xuc7y\";}'
    '_backendInlislite' => 'f8ac89d84ca5b998e42618a64341f5a962218cc676022ecba1374f9a867bf993a:2:{i:0;s:17:\"_backendInlislite\";i:1;s:32:\"rW6_PoDEiZho7I_xeQ2f9KPcAVofCwpF\";}'
    'backendSession' => '5sqdhr1t2krqr29llmlik6hve1'
    '_identity' => 'af3e2a0e951dec577795a0c5ffd91cd682a11d709a13aa959f261807f7b4af33a:2:{i:0;s:9:\"_identity\";i:1;s:17:\"[33,null,2592000]\";}'
]

$_SESSION = [
    '__flash' => []
    '__returnUrl' => '/inlislite3/backend/member/member/index'
    'location' => '1'
    '__id' => 33
]

$_SERVER = [
    'REDIRECT_MIBDIRS' => 'C:/xampp/php/extras/mibs'
    'REDIRECT_MYSQL_HOME' => '\\xampp\\mysql\\bin'
    'REDIRECT_OPENSSL_CONF' => 'C:/xampp/apache/bin/openssl.cnf'
    'REDIRECT_PHP_PEAR_SYSCONF_DIR' => '\\xampp\\php'
    'REDIRECT_PHPRC' => '\\xampp\\php'
    'REDIRECT_TMP' => '\\xampp\\tmp'
    'REDIRECT_STATUS' => '200'
    'MIBDIRS' => 'C:/xampp/php/extras/mibs'
    'MYSQL_HOME' => '\\xampp\\mysql\\bin'
    'OPENSSL_CONF' => 'C:/xampp/apache/bin/openssl.cnf'
    'PHP_PEAR_SYSCONF_DIR' => '\\xampp\\php'
    'PHPRC' => '\\xampp\\php'
    'TMP' => '\\xampp\\tmp'
    'HTTP_HOST' => 'localhost:8123'
    'HTTP_CONNECTION' => 'keep-alive'
    'HTTP_SEC_CH_UA' => '\"Chromium\";v=\"148\", \"Google Chrome\";v=\"148\", \"Not/A)Brand\";v=\"99\"'
    'HTTP_SEC_CH_UA_MOBILE' => '?0'
    'HTTP_SEC_CH_UA_PLATFORM' => '\"Windows\"'
    'HTTP_UPGRADE_INSECURE_REQUESTS' => '1'
    'HTTP_USER_AGENT' => 'Mozilla/5.0 (Windows NT 10.0; Win64; x64) AppleWebKit/537.36 (KHTML, like Gecko) Chrome/148.0.0.0 Safari/537.36'
    'HTTP_ACCEPT' => 'text/html,application/xhtml+xml,application/xml;q=0.9,image/avif,image/webp,image/apng,*/*;q=0.8,application/signed-exchange;v=b3;q=0.7'
    'HTTP_SEC_FETCH_SITE' => 'same-origin'
    'HTTP_SEC_FETCH_MODE' => 'navigate'
    'HTTP_SEC_FETCH_USER' => '?1'
    'HTTP_SEC_FETCH_DEST' => 'document'
    'HTTP_REFERER' => 'http://localhost:8123/inlislite3/backend/setting/member/jenis-anggota'
    'HTTP_ACCEPT_ENCODING' => 'gzip, deflate, br, zstd'
    'HTTP_ACCEPT_LANGUAGE' => 'en-US,en;q=0.9'
    'HTTP_COOKIE' => 'PHPSESSID=a1hse6o894r0lqp9k3235aiu73; _csrf=c8749628a6dad2e07d9818a8ab153325ef06e686d5f7eab8d4f5d20e628926d5a%3A2%3A%7Bi%3A0%3Bs%3A5%3A%22_csrf%22%3Bi%3A1%3Bs%3A32%3A%222kOgrJVXAhQYkj6bwfwyUmzDqb7xuc7y%22%3B%7D; _backendInlislite=f8ac89d84ca5b998e42618a64341f5a962218cc676022ecba1374f9a867bf993a%3A2%3A%7Bi%3A0%3Bs%3A17%3A%22_backendInlislite%22%3Bi%3A1%3Bs%3A32%3A%22rW6_PoDEiZho7I_xeQ2f9KPcAVofCwpF%22%3B%7D; backendSession=5sqdhr1t2krqr29llmlik6hve1; _identity=af3e2a0e951dec577795a0c5ffd91cd682a11d709a13aa959f261807f7b4af33a%3A2%3A%7Bi%3A0%3Bs%3A9%3A%22_identity%22%3Bi%3A1%3Bs%3A17%3A%22%5B33%2Cnull%2C2592000%5D%22%3B%7D'
    'PATH' => 'C:\\Program Files (x86)\\Common Files\\Intel\\Shared Libraries\\redist\\intel64\\compiler;C:\\Program Files\\Common Files\\Oracle\\Java\\javapath;C:\\WINDOWS\\system32;C:\\WINDOWS;C:\\WINDOWS\\System32\\Wbem;C:\\WINDOWS\\System32\\WindowsPowerShell\\v1.0\\;C:\\WINDOWS\\System32\\OpenSSH\\;C:\\Program Files\\Git\\cmd;C:\\Program Files\\Java\\jdk-23\\bin;;C:\\Program Files\\dotnet\\;C:\\Program Files\\GitHub CLI\\;C:\\Program Files\\nodejs\\;C:\\Users\\PC\\.cargo\\bin;C:\\Users\\PC\\.local\\bin;C:\\Users\\PC\\AppData\\Local\\Programs\\Python\\Python312\\Scripts\\;C:\\Users\\PC\\AppData\\Local\\Programs\\Python\\Python312\\;C:\\Users\\PC\\AppData\\Local\\Microsoft\\WindowsApps;C:\\Users\\PC\\AppData\\Local\\Programs\\Microsoft VS Code\\bin;C:\\Users\\PC\\AppData\\Local\\Microsoft\\WinGet\\Packages\\Schniz.fnm_Microsoft.Winget.Source_8wekyb3d8bbwe;C:\\titan;C:\\Users\\PC\\go\\bin;C:\\Users\\PC\\AppData\\Local\\Android\\Sdk\\platform-tools;C:\\Users\\PC\\AppData\\Local\\Muse Hub\\lib;C:\\Users\\PC\\AppData\\Local\\Programs\\Antigravity\\bin;C:\\Users\\PC\\.dotnet\\tools;C:\\ffmpeg-8.0.1-essentials_build\\ffmpeg-8.0.1-essentials_build\\bin;C:\\Users\\PC\\AppData\\Local\\Microsoft\\WinGet\\Packages\\Gyan.FFmpeg_Microsoft.Winget.Source_8wekyb3d8bbwe\\ffmpeg-8.0.1-full_build\\bin;C:\\Users\\PC\\AppData\\Roaming\\npm;C:\\Users\\PC\\AppData\\Local\\Programs\\Ollama'
    'SystemRoot' => 'C:\\WINDOWS'
    'COMSPEC' => 'C:\\WINDOWS\\system32\\cmd.exe'
    'PATHEXT' => '.COM;.EXE;.BAT;.CMD;.VBS;.VBE;.JS;.JSE;.WSF;.WSH;.MSC'
    'WINDIR' => 'C:\\WINDOWS'
    'SERVER_SIGNATURE' => '<address>Apache/2.4.17 (Win32) OpenSSL/1.0.2d PHP/5.6.19 Server at localhost Port 8123</address>
'
    'SERVER_SOFTWARE' => 'Apache/2.4.17 (Win32) OpenSSL/1.0.2d PHP/5.6.19'
    'SERVER_NAME' => 'localhost'
    'SERVER_ADDR' => '::1'
    'SERVER_PORT' => '8123'
    'REMOTE_ADDR' => '::1'
    'DOCUMENT_ROOT' => 'C:/xampp/htdocs'
    'REQUEST_SCHEME' => 'http'
    'CONTEXT_PREFIX' => ''
    'CONTEXT_DOCUMENT_ROOT' => 'C:/xampp/htdocs'
    'SERVER_ADMIN' => 'postmaster@localhost'
    'SCRIPT_FILENAME' => 'C:/xampp/htdocs/inlislite3/backend/index.php'
    'REMOTE_PORT' => '10156'
    'REDIRECT_URL' => 'http://localhost:8123/inlislite3/backend/member/member/create'
    'GATEWAY_INTERFACE' => 'CGI/1.1'
    'SERVER_PROTOCOL' => 'HTTP/1.1'
    'REQUEST_METHOD' => 'GET'
    'QUERY_STRING' => ''
    'REQUEST_URI' => '/inlislite3/backend/member/member/create'
    'SCRIPT_NAME' => '/inlislite3/backend/index.php'
    'PHP_SELF' => '/inlislite3/backend/index.php'
    'REQUEST_TIME_FLOAT' => 1779863668.343
    'REQUEST_TIME' => 1779863668
]
2026-05-27 13:36:45 [::1][33][-][error][yii\i18n\PhpMessageSource::loadFallbackMessages] The message file for category 'kvdate' does not exist: C:\xampp\htdocs\inlislite3\vendor\kartik-v\yii2-widget-datepicker/messages/idn/kvdate.php Fallback file does not exist as well: C:\xampp\htdocs\inlislite3\vendor\kartik-v\yii2-widget-datepicker/messages/id/kvdate.php
    in C:\xampp\htdocs\inlislite3\vendor\kartik-v\yii2-widget-datepicker\DatePicker.php:290
    in C:\xampp\htdocs\inlislite3\vendor\kartik-v\yii2-widget-datepicker\DatePicker.php:316
    in C:\xampp\htdocs\inlislite3\vendor\kartik-v\yii2-widget-datepicker\DatePicker.php:266
2026-05-27 13:36:45 [::1][33][-][info][application] $_COOKIE = [
    'PHPSESSID' => 'a1hse6o894r0lqp9k3235aiu73'
    '_csrf' => 'c8749628a6dad2e07d9818a8ab153325ef06e686d5f7eab8d4f5d20e628926d5a:2:{i:0;s:5:\"_csrf\";i:1;s:32:\"2kOgrJVXAhQYkj6bwfwyUmzDqb7xuc7y\";}'
    '_backendInlislite' => 'f8ac89d84ca5b998e42618a64341f5a962218cc676022ecba1374f9a867bf993a:2:{i:0;s:17:\"_backendInlislite\";i:1;s:32:\"rW6_PoDEiZho7I_xeQ2f9KPcAVofCwpF\";}'
    'backendSession' => '5sqdhr1t2krqr29llmlik6hve1'
    '_identity' => 'af3e2a0e951dec577795a0c5ffd91cd682a11d709a13aa959f261807f7b4af33a:2:{i:0;s:9:\"_identity\";i:1;s:17:\"[33,null,2592000]\";}'
]

$_SESSION = [
    '__flash' => []
    '__returnUrl' => '/inlislite3/backend/member/member/index'
    'location' => '1'
    '__id' => 33
]

$_SERVER = [
    'REDIRECT_MIBDIRS' => 'C:/xampp/php/extras/mibs'
    'REDIRECT_MYSQL_HOME' => '\\xampp\\mysql\\bin'
    'REDIRECT_OPENSSL_CONF' => 'C:/xampp/apache/bin/openssl.cnf'
    'REDIRECT_PHP_PEAR_SYSCONF_DIR' => '\\xampp\\php'
    'REDIRECT_PHPRC' => '\\xampp\\php'
    'REDIRECT_TMP' => '\\xampp\\tmp'
    'REDIRECT_STATUS' => '200'
    'MIBDIRS' => 'C:/xampp/php/extras/mibs'
    'MYSQL_HOME' => '\\xampp\\mysql\\bin'
    'OPENSSL_CONF' => 'C:/xampp/apache/bin/openssl.cnf'
    'PHP_PEAR_SYSCONF_DIR' => '\\xampp\\php'
    'PHPRC' => '\\xampp\\php'
    'TMP' => '\\xampp\\tmp'
    'HTTP_HOST' => 'localhost:8123'
    'HTTP_CONNECTION' => 'keep-alive'
    'HTTP_SEC_CH_UA' => '\"Chromium\";v=\"148\", \"Google Chrome\";v=\"148\", \"Not/A)Brand\";v=\"99\"'
    'HTTP_SEC_CH_UA_MOBILE' => '?0'
    'HTTP_SEC_CH_UA_PLATFORM' => '\"Windows\"'
    'HTTP_UPGRADE_INSECURE_REQUESTS' => '1'
    'HTTP_USER_AGENT' => 'Mozilla/5.0 (Windows NT 10.0; Win64; x64) AppleWebKit/537.36 (KHTML, like Gecko) Chrome/148.0.0.0 Safari/537.36'
    'HTTP_ACCEPT' => 'text/html,application/xhtml+xml,application/xml;q=0.9,image/avif,image/webp,image/apng,*/*;q=0.8,application/signed-exchange;v=b3;q=0.7'
    'HTTP_SEC_FETCH_SITE' => 'same-origin'
    'HTTP_SEC_FETCH_MODE' => 'navigate'
    'HTTP_SEC_FETCH_USER' => '?1'
    'HTTP_SEC_FETCH_DEST' => 'document'
    'HTTP_REFERER' => 'http://localhost:8123/inlislite3/backend/laporan/anggota/perpendaftaran'
    'HTTP_ACCEPT_ENCODING' => 'gzip, deflate, br, zstd'
    'HTTP_ACCEPT_LANGUAGE' => 'en-US,en;q=0.9'
    'HTTP_COOKIE' => 'PHPSESSID=a1hse6o894r0lqp9k3235aiu73; _csrf=c8749628a6dad2e07d9818a8ab153325ef06e686d5f7eab8d4f5d20e628926d5a%3A2%3A%7Bi%3A0%3Bs%3A5%3A%22_csrf%22%3Bi%3A1%3Bs%3A32%3A%222kOgrJVXAhQYkj6bwfwyUmzDqb7xuc7y%22%3B%7D; _backendInlislite=f8ac89d84ca5b998e42618a64341f5a962218cc676022ecba1374f9a867bf993a%3A2%3A%7Bi%3A0%3Bs%3A17%3A%22_backendInlislite%22%3Bi%3A1%3Bs%3A32%3A%22rW6_PoDEiZho7I_xeQ2f9KPcAVofCwpF%22%3B%7D; backendSession=5sqdhr1t2krqr29llmlik6hve1; _identity=af3e2a0e951dec577795a0c5ffd91cd682a11d709a13aa959f261807f7b4af33a%3A2%3A%7Bi%3A0%3Bs%3A9%3A%22_identity%22%3Bi%3A1%3Bs%3A17%3A%22%5B33%2Cnull%2C2592000%5D%22%3B%7D'
    'PATH' => 'C:\\Program Files (x86)\\Common Files\\Intel\\Shared Libraries\\redist\\intel64\\compiler;C:\\Program Files\\Common Files\\Oracle\\Java\\javapath;C:\\WINDOWS\\system32;C:\\WINDOWS;C:\\WINDOWS\\System32\\Wbem;C:\\WINDOWS\\System32\\WindowsPowerShell\\v1.0\\;C:\\WINDOWS\\System32\\OpenSSH\\;C:\\Program Files\\Git\\cmd;C:\\Program Files\\Java\\jdk-23\\bin;;C:\\Program Files\\dotnet\\;C:\\Program Files\\GitHub CLI\\;C:\\Program Files\\nodejs\\;C:\\Users\\PC\\.cargo\\bin;C:\\Users\\PC\\.local\\bin;C:\\Users\\PC\\AppData\\Local\\Programs\\Python\\Python312\\Scripts\\;C:\\Users\\PC\\AppData\\Local\\Programs\\Python\\Python312\\;C:\\Users\\PC\\AppData\\Local\\Microsoft\\WindowsApps;C:\\Users\\PC\\AppData\\Local\\Programs\\Microsoft VS Code\\bin;C:\\Users\\PC\\AppData\\Local\\Microsoft\\WinGet\\Packages\\Schniz.fnm_Microsoft.Winget.Source_8wekyb3d8bbwe;C:\\titan;C:\\Users\\PC\\go\\bin;C:\\Users\\PC\\AppData\\Local\\Android\\Sdk\\platform-tools;C:\\Users\\PC\\AppData\\Local\\Muse Hub\\lib;C:\\Users\\PC\\AppData\\Local\\Programs\\Antigravity\\bin;C:\\Users\\PC\\.dotnet\\tools;C:\\ffmpeg-8.0.1-essentials_build\\ffmpeg-8.0.1-essentials_build\\bin;C:\\Users\\PC\\AppData\\Local\\Microsoft\\WinGet\\Packages\\Gyan.FFmpeg_Microsoft.Winget.Source_8wekyb3d8bbwe\\ffmpeg-8.0.1-full_build\\bin;C:\\Users\\PC\\AppData\\Roaming\\npm;C:\\Users\\PC\\AppData\\Local\\Programs\\Ollama'
    'SystemRoot' => 'C:\\WINDOWS'
    'COMSPEC' => 'C:\\WINDOWS\\system32\\cmd.exe'
    'PATHEXT' => '.COM;.EXE;.BAT;.CMD;.VBS;.VBE;.JS;.JSE;.WSF;.WSH;.MSC'
    'WINDIR' => 'C:\\WINDOWS'
    'SERVER_SIGNATURE' => '<address>Apache/2.4.17 (Win32) OpenSSL/1.0.2d PHP/5.6.19 Server at localhost Port 8123</address>
'
    'SERVER_SOFTWARE' => 'Apache/2.4.17 (Win32) OpenSSL/1.0.2d PHP/5.6.19'
    'SERVER_NAME' => 'localhost'
    'SERVER_ADDR' => '::1'
    'SERVER_PORT' => '8123'
    'REMOTE_ADDR' => '::1'
    'DOCUMENT_ROOT' => 'C:/xampp/htdocs'
    'REQUEST_SCHEME' => 'http'
    'CONTEXT_PREFIX' => ''
    'CONTEXT_DOCUMENT_ROOT' => 'C:/xampp/htdocs'
    'SERVER_ADMIN' => 'postmaster@localhost'
    'SCRIPT_FILENAME' => 'C:/xampp/htdocs/inlislite3/backend/index.php'
    'REMOTE_PORT' => '10620'
    'REDIRECT_URL' => 'http://localhost:8123/inlislite3/backend/setting/checkpoint/memberguesses/anggota'
    'GATEWAY_INTERFACE' => 'CGI/1.1'
    'SERVER_PROTOCOL' => 'HTTP/1.1'
    'REQUEST_METHOD' => 'GET'
    'QUERY_STRING' => ''
    'REQUEST_URI' => '/inlislite3/backend/setting/checkpoint/memberguesses/anggota'
    'SCRIPT_NAME' => '/inlislite3/backend/index.php'
    'PHP_SELF' => '/inlislite3/backend/index.php'
    'REQUEST_TIME_FLOAT' => 1779863805.034
    'REQUEST_TIME' => 1779863805
]
2026-05-27 13:36:47 [::1][33][-][error][yii\i18n\PhpMessageSource::loadFallbackMessages] The message file for category 'kvdate' does not exist: C:\xampp\htdocs\inlislite3\vendor\kartik-v\yii2-widget-datepicker/messages/idn/kvdate.php Fallback file does not exist as well: C:\xampp\htdocs\inlislite3\vendor\kartik-v\yii2-widget-datepicker/messages/id/kvdate.php
    in C:\xampp\htdocs\inlislite3\vendor\kartik-v\yii2-widget-datepicker\DatePicker.php:290
    in C:\xampp\htdocs\inlislite3\vendor\kartik-v\yii2-widget-datepicker\DatePicker.php:316
    in C:\xampp\htdocs\inlislite3\vendor\kartik-v\yii2-widget-datepicker\DatePicker.php:266
2026-05-27 13:36:47 [::1][33][-][info][application] $_COOKIE = [
    'PHPSESSID' => 'a1hse6o894r0lqp9k3235aiu73'
    '_csrf' => 'c8749628a6dad2e07d9818a8ab153325ef06e686d5f7eab8d4f5d20e628926d5a:2:{i:0;s:5:\"_csrf\";i:1;s:32:\"2kOgrJVXAhQYkj6bwfwyUmzDqb7xuc7y\";}'
    '_backendInlislite' => 'f8ac89d84ca5b998e42618a64341f5a962218cc676022ecba1374f9a867bf993a:2:{i:0;s:17:\"_backendInlislite\";i:1;s:32:\"rW6_PoDEiZho7I_xeQ2f9KPcAVofCwpF\";}'
    'backendSession' => '5sqdhr1t2krqr29llmlik6hve1'
    '_identity' => 'af3e2a0e951dec577795a0c5ffd91cd682a11d709a13aa959f261807f7b4af33a:2:{i:0;s:9:\"_identity\";i:1;s:17:\"[33,null,2592000]\";}'
]

$_SESSION = [
    '__flash' => []
    '__returnUrl' => '/inlislite3/backend/member/member/index'
    'location' => '1'
    '__id' => 33
]

$_SERVER = [
    'REDIRECT_MIBDIRS' => 'C:/xampp/php/extras/mibs'
    'REDIRECT_MYSQL_HOME' => '\\xampp\\mysql\\bin'
    'REDIRECT_OPENSSL_CONF' => 'C:/xampp/apache/bin/openssl.cnf'
    'REDIRECT_PHP_PEAR_SYSCONF_DIR' => '\\xampp\\php'
    'REDIRECT_PHPRC' => '\\xampp\\php'
    'REDIRECT_TMP' => '\\xampp\\tmp'
    'REDIRECT_STATUS' => '200'
    'MIBDIRS' => 'C:/xampp/php/extras/mibs'
    'MYSQL_HOME' => '\\xampp\\mysql\\bin'
    'OPENSSL_CONF' => 'C:/xampp/apache/bin/openssl.cnf'
    'PHP_PEAR_SYSCONF_DIR' => '\\xampp\\php'
    'PHPRC' => '\\xampp\\php'
    'TMP' => '\\xampp\\tmp'
    'HTTP_HOST' => 'localhost:8123'
    'HTTP_CONNECTION' => 'keep-alive'
    'HTTP_SEC_CH_UA' => '\"Chromium\";v=\"148\", \"Google Chrome\";v=\"148\", \"Not/A)Brand\";v=\"99\"'
    'HTTP_SEC_CH_UA_MOBILE' => '?0'
    'HTTP_SEC_CH_UA_PLATFORM' => '\"Windows\"'
    'HTTP_UPGRADE_INSECURE_REQUESTS' => '1'
    'HTTP_USER_AGENT' => 'Mozilla/5.0 (Windows NT 10.0; Win64; x64) AppleWebKit/537.36 (KHTML, like Gecko) Chrome/148.0.0.0 Safari/537.36'
    'HTTP_ACCEPT' => 'text/html,application/xhtml+xml,application/xml;q=0.9,image/avif,image/webp,image/apng,*/*;q=0.8,application/signed-exchange;v=b3;q=0.7'
    'HTTP_SEC_FETCH_SITE' => 'same-origin'
    'HTTP_SEC_FETCH_MODE' => 'navigate'
    'HTTP_SEC_FETCH_USER' => '?1'
    'HTTP_SEC_FETCH_DEST' => 'document'
    'HTTP_REFERER' => 'http://localhost:8123/inlislite3/backend/setting/checkpoint/memberguesses/anggota'
    'HTTP_ACCEPT_ENCODING' => 'gzip, deflate, br, zstd'
    'HTTP_ACCEPT_LANGUAGE' => 'en-US,en;q=0.9'
    'HTTP_COOKIE' => 'PHPSESSID=a1hse6o894r0lqp9k3235aiu73; _csrf=c8749628a6dad2e07d9818a8ab153325ef06e686d5f7eab8d4f5d20e628926d5a%3A2%3A%7Bi%3A0%3Bs%3A5%3A%22_csrf%22%3Bi%3A1%3Bs%3A32%3A%222kOgrJVXAhQYkj6bwfwyUmzDqb7xuc7y%22%3B%7D; _backendInlislite=f8ac89d84ca5b998e42618a64341f5a962218cc676022ecba1374f9a867bf993a%3A2%3A%7Bi%3A0%3Bs%3A17%3A%22_backendInlislite%22%3Bi%3A1%3Bs%3A32%3A%22rW6_PoDEiZho7I_xeQ2f9KPcAVofCwpF%22%3B%7D; backendSession=5sqdhr1t2krqr29llmlik6hve1; _identity=af3e2a0e951dec577795a0c5ffd91cd682a11d709a13aa959f261807f7b4af33a%3A2%3A%7Bi%3A0%3Bs%3A9%3A%22_identity%22%3Bi%3A1%3Bs%3A17%3A%22%5B33%2Cnull%2C2592000%5D%22%3B%7D'
    'PATH' => 'C:\\Program Files (x86)\\Common Files\\Intel\\Shared Libraries\\redist\\intel64\\compiler;C:\\Program Files\\Common Files\\Oracle\\Java\\javapath;C:\\WINDOWS\\system32;C:\\WINDOWS;C:\\WINDOWS\\System32\\Wbem;C:\\WINDOWS\\System32\\WindowsPowerShell\\v1.0\\;C:\\WINDOWS\\System32\\OpenSSH\\;C:\\Program Files\\Git\\cmd;C:\\Program Files\\Java\\jdk-23\\bin;;C:\\Program Files\\dotnet\\;C:\\Program Files\\GitHub CLI\\;C:\\Program Files\\nodejs\\;C:\\Users\\PC\\.cargo\\bin;C:\\Users\\PC\\.local\\bin;C:\\Users\\PC\\AppData\\Local\\Programs\\Python\\Python312\\Scripts\\;C:\\Users\\PC\\AppData\\Local\\Programs\\Python\\Python312\\;C:\\Users\\PC\\AppData\\Local\\Microsoft\\WindowsApps;C:\\Users\\PC\\AppData\\Local\\Programs\\Microsoft VS Code\\bin;C:\\Users\\PC\\AppData\\Local\\Microsoft\\WinGet\\Packages\\Schniz.fnm_Microsoft.Winget.Source_8wekyb3d8bbwe;C:\\titan;C:\\Users\\PC\\go\\bin;C:\\Users\\PC\\AppData\\Local\\Android\\Sdk\\platform-tools;C:\\Users\\PC\\AppData\\Local\\Muse Hub\\lib;C:\\Users\\PC\\AppData\\Local\\Programs\\Antigravity\\bin;C:\\Users\\PC\\.dotnet\\tools;C:\\ffmpeg-8.0.1-essentials_build\\ffmpeg-8.0.1-essentials_build\\bin;C:\\Users\\PC\\AppData\\Local\\Microsoft\\WinGet\\Packages\\Gyan.FFmpeg_Microsoft.Winget.Source_8wekyb3d8bbwe\\ffmpeg-8.0.1-full_build\\bin;C:\\Users\\PC\\AppData\\Roaming\\npm;C:\\Users\\PC\\AppData\\Local\\Programs\\Ollama'
    'SystemRoot' => 'C:\\WINDOWS'
    'COMSPEC' => 'C:\\WINDOWS\\system32\\cmd.exe'
    'PATHEXT' => '.COM;.EXE;.BAT;.CMD;.VBS;.VBE;.JS;.JSE;.WSF;.WSH;.MSC'
    'WINDIR' => 'C:\\WINDOWS'
    'SERVER_SIGNATURE' => '<address>Apache/2.4.17 (Win32) OpenSSL/1.0.2d PHP/5.6.19 Server at localhost Port 8123</address>
'
    'SERVER_SOFTWARE' => 'Apache/2.4.17 (Win32) OpenSSL/1.0.2d PHP/5.6.19'
    'SERVER_NAME' => 'localhost'
    'SERVER_ADDR' => '::1'
    'SERVER_PORT' => '8123'
    'REMOTE_ADDR' => '::1'
    'DOCUMENT_ROOT' => 'C:/xampp/htdocs'
    'REQUEST_SCHEME' => 'http'
    'CONTEXT_PREFIX' => ''
    'CONTEXT_DOCUMENT_ROOT' => 'C:/xampp/htdocs'
    'SERVER_ADMIN' => 'postmaster@localhost'
    'SCRIPT_FILENAME' => 'C:/xampp/htdocs/inlislite3/backend/index.php'
    'REMOTE_PORT' => '10620'
    'REDIRECT_URL' => 'http://localhost:8123/inlislite3/backend/setting/checkpoint/memberguesses/nonanggota'
    'GATEWAY_INTERFACE' => 'CGI/1.1'
    'SERVER_PROTOCOL' => 'HTTP/1.1'
    'REQUEST_METHOD' => 'GET'
    'QUERY_STRING' => ''
    'REQUEST_URI' => '/inlislite3/backend/setting/checkpoint/memberguesses/nonanggota'
    'SCRIPT_NAME' => '/inlislite3/backend/index.php'
    'PHP_SELF' => '/inlislite3/backend/index.php'
    'REQUEST_TIME_FLOAT' => 1779863807.175
    'REQUEST_TIME' => 1779863807
]
2026-05-27 13:36:48 [::1][33][-][error][yii\i18n\PhpMessageSource::loadFallbackMessages] The message file for category 'kvdate' does not exist: C:\xampp\htdocs\inlislite3\vendor\kartik-v\yii2-widget-datepicker/messages/idn/kvdate.php Fallback file does not exist as well: C:\xampp\htdocs\inlislite3\vendor\kartik-v\yii2-widget-datepicker/messages/id/kvdate.php
    in C:\xampp\htdocs\inlislite3\vendor\kartik-v\yii2-widget-datepicker\DatePicker.php:290
    in C:\xampp\htdocs\inlislite3\vendor\kartik-v\yii2-widget-datepicker\DatePicker.php:316
    in C:\xampp\htdocs\inlislite3\vendor\kartik-v\yii2-widget-datepicker\DatePicker.php:266
2026-05-27 13:36:48 [::1][33][-][info][application] $_COOKIE = [
    'PHPSESSID' => 'a1hse6o894r0lqp9k3235aiu73'
    '_csrf' => 'c8749628a6dad2e07d9818a8ab153325ef06e686d5f7eab8d4f5d20e628926d5a:2:{i:0;s:5:\"_csrf\";i:1;s:32:\"2kOgrJVXAhQYkj6bwfwyUmzDqb7xuc7y\";}'
    '_backendInlislite' => 'f8ac89d84ca5b998e42618a64341f5a962218cc676022ecba1374f9a867bf993a:2:{i:0;s:17:\"_backendInlislite\";i:1;s:32:\"rW6_PoDEiZho7I_xeQ2f9KPcAVofCwpF\";}'
    'backendSession' => '5sqdhr1t2krqr29llmlik6hve1'
    '_identity' => 'af3e2a0e951dec577795a0c5ffd91cd682a11d709a13aa959f261807f7b4af33a:2:{i:0;s:9:\"_identity\";i:1;s:17:\"[33,null,2592000]\";}'
]

$_SESSION = [
    '__flash' => []
    '__returnUrl' => '/inlislite3/backend/member/member/index'
    'location' => '1'
    '__id' => 33
]

$_SERVER = [
    'REDIRECT_MIBDIRS' => 'C:/xampp/php/extras/mibs'
    'REDIRECT_MYSQL_HOME' => '\\xampp\\mysql\\bin'
    'REDIRECT_OPENSSL_CONF' => 'C:/xampp/apache/bin/openssl.cnf'
    'REDIRECT_PHP_PEAR_SYSCONF_DIR' => '\\xampp\\php'
    'REDIRECT_PHPRC' => '\\xampp\\php'
    'REDIRECT_TMP' => '\\xampp\\tmp'
    'REDIRECT_STATUS' => '200'
    'MIBDIRS' => 'C:/xampp/php/extras/mibs'
    'MYSQL_HOME' => '\\xampp\\mysql\\bin'
    'OPENSSL_CONF' => 'C:/xampp/apache/bin/openssl.cnf'
    'PHP_PEAR_SYSCONF_DIR' => '\\xampp\\php'
    'PHPRC' => '\\xampp\\php'
    'TMP' => '\\xampp\\tmp'
    'HTTP_HOST' => 'localhost:8123'
    'HTTP_CONNECTION' => 'keep-alive'
    'HTTP_SEC_CH_UA' => '\"Chromium\";v=\"148\", \"Google Chrome\";v=\"148\", \"Not/A)Brand\";v=\"99\"'
    'HTTP_SEC_CH_UA_MOBILE' => '?0'
    'HTTP_SEC_CH_UA_PLATFORM' => '\"Windows\"'
    'HTTP_UPGRADE_INSECURE_REQUESTS' => '1'
    'HTTP_USER_AGENT' => 'Mozilla/5.0 (Windows NT 10.0; Win64; x64) AppleWebKit/537.36 (KHTML, like Gecko) Chrome/148.0.0.0 Safari/537.36'
    'HTTP_ACCEPT' => 'text/html,application/xhtml+xml,application/xml;q=0.9,image/avif,image/webp,image/apng,*/*;q=0.8,application/signed-exchange;v=b3;q=0.7'
    'HTTP_SEC_FETCH_SITE' => 'same-origin'
    'HTTP_SEC_FETCH_MODE' => 'navigate'
    'HTTP_SEC_FETCH_USER' => '?1'
    'HTTP_SEC_FETCH_DEST' => 'document'
    'HTTP_REFERER' => 'http://localhost:8123/inlislite3/backend/setting/checkpoint/memberguesses/nonanggota'
    'HTTP_ACCEPT_ENCODING' => 'gzip, deflate, br, zstd'
    'HTTP_ACCEPT_LANGUAGE' => 'en-US,en;q=0.9'
    'HTTP_COOKIE' => 'PHPSESSID=a1hse6o894r0lqp9k3235aiu73; _csrf=c8749628a6dad2e07d9818a8ab153325ef06e686d5f7eab8d4f5d20e628926d5a%3A2%3A%7Bi%3A0%3Bs%3A5%3A%22_csrf%22%3Bi%3A1%3Bs%3A32%3A%222kOgrJVXAhQYkj6bwfwyUmzDqb7xuc7y%22%3B%7D; _backendInlislite=f8ac89d84ca5b998e42618a64341f5a962218cc676022ecba1374f9a867bf993a%3A2%3A%7Bi%3A0%3Bs%3A17%3A%22_backendInlislite%22%3Bi%3A1%3Bs%3A32%3A%22rW6_PoDEiZho7I_xeQ2f9KPcAVofCwpF%22%3B%7D; backendSession=5sqdhr1t2krqr29llmlik6hve1; _identity=af3e2a0e951dec577795a0c5ffd91cd682a11d709a13aa959f261807f7b4af33a%3A2%3A%7Bi%3A0%3Bs%3A9%3A%22_identity%22%3Bi%3A1%3Bs%3A17%3A%22%5B33%2Cnull%2C2592000%5D%22%3B%7D'
    'PATH' => 'C:\\Program Files (x86)\\Common Files\\Intel\\Shared Libraries\\redist\\intel64\\compiler;C:\\Program Files\\Common Files\\Oracle\\Java\\javapath;C:\\WINDOWS\\system32;C:\\WINDOWS;C:\\WINDOWS\\System32\\Wbem;C:\\WINDOWS\\System32\\WindowsPowerShell\\v1.0\\;C:\\WINDOWS\\System32\\OpenSSH\\;C:\\Program Files\\Git\\cmd;C:\\Program Files\\Java\\jdk-23\\bin;;C:\\Program Files\\dotnet\\;C:\\Program Files\\GitHub CLI\\;C:\\Program Files\\nodejs\\;C:\\Users\\PC\\.cargo\\bin;C:\\Users\\PC\\.local\\bin;C:\\Users\\PC\\AppData\\Local\\Programs\\Python\\Python312\\Scripts\\;C:\\Users\\PC\\AppData\\Local\\Programs\\Python\\Python312\\;C:\\Users\\PC\\AppData\\Local\\Microsoft\\WindowsApps;C:\\Users\\PC\\AppData\\Local\\Programs\\Microsoft VS Code\\bin;C:\\Users\\PC\\AppData\\Local\\Microsoft\\WinGet\\Packages\\Schniz.fnm_Microsoft.Winget.Source_8wekyb3d8bbwe;C:\\titan;C:\\Users\\PC\\go\\bin;C:\\Users\\PC\\AppData\\Local\\Android\\Sdk\\platform-tools;C:\\Users\\PC\\AppData\\Local\\Muse Hub\\lib;C:\\Users\\PC\\AppData\\Local\\Programs\\Antigravity\\bin;C:\\Users\\PC\\.dotnet\\tools;C:\\ffmpeg-8.0.1-essentials_build\\ffmpeg-8.0.1-essentials_build\\bin;C:\\Users\\PC\\AppData\\Local\\Microsoft\\WinGet\\Packages\\Gyan.FFmpeg_Microsoft.Winget.Source_8wekyb3d8bbwe\\ffmpeg-8.0.1-full_build\\bin;C:\\Users\\PC\\AppData\\Roaming\\npm;C:\\Users\\PC\\AppData\\Local\\Programs\\Ollama'
    'SystemRoot' => 'C:\\WINDOWS'
    'COMSPEC' => 'C:\\WINDOWS\\system32\\cmd.exe'
    'PATHEXT' => '.COM;.EXE;.BAT;.CMD;.VBS;.VBE;.JS;.JSE;.WSF;.WSH;.MSC'
    'WINDIR' => 'C:\\WINDOWS'
    'SERVER_SIGNATURE' => '<address>Apache/2.4.17 (Win32) OpenSSL/1.0.2d PHP/5.6.19 Server at localhost Port 8123</address>
'
    'SERVER_SOFTWARE' => 'Apache/2.4.17 (Win32) OpenSSL/1.0.2d PHP/5.6.19'
    'SERVER_NAME' => 'localhost'
    'SERVER_ADDR' => '::1'
    'SERVER_PORT' => '8123'
    'REMOTE_ADDR' => '::1'
    'DOCUMENT_ROOT' => 'C:/xampp/htdocs'
    'REQUEST_SCHEME' => 'http'
    'CONTEXT_PREFIX' => ''
    'CONTEXT_DOCUMENT_ROOT' => 'C:/xampp/htdocs'
    'SERVER_ADMIN' => 'postmaster@localhost'
    'SCRIPT_FILENAME' => 'C:/xampp/htdocs/inlislite3/backend/index.php'
    'REMOTE_PORT' => '10620'
    'REDIRECT_URL' => 'http://localhost:8123/inlislite3/backend/setting/checkpoint/memberguesses/rombongan'
    'GATEWAY_INTERFACE' => 'CGI/1.1'
    'SERVER_PROTOCOL' => 'HTTP/1.1'
    'REQUEST_METHOD' => 'GET'
    'QUERY_STRING' => ''
    'REQUEST_URI' => '/inlislite3/backend/setting/checkpoint/memberguesses/rombongan'
    'SCRIPT_NAME' => '/inlislite3/backend/index.php'
    'PHP_SELF' => '/inlislite3/backend/index.php'
    'REQUEST_TIME_FLOAT' => 1779863808.646
    'REQUEST_TIME' => 1779863808
]
2026-05-27 13:36:59 [::1][33][-][error][yii\i18n\PhpMessageSource::loadFallbackMessages] The message file for category 'kvdate' does not exist: C:\xampp\htdocs\inlislite3\vendor\kartik-v\yii2-widget-datepicker/messages/idn/kvdate.php Fallback file does not exist as well: C:\xampp\htdocs\inlislite3\vendor\kartik-v\yii2-widget-datepicker/messages/id/kvdate.php
    in C:\xampp\htdocs\inlislite3\vendor\kartik-v\yii2-widget-datepicker\DatePicker.php:290
    in C:\xampp\htdocs\inlislite3\vendor\kartik-v\yii2-widget-datepicker\DatePicker.php:316
    in C:\xampp\htdocs\inlislite3\vendor\kartik-v\yii2-widget-datepicker\DatePicker.php:266
2026-05-27 13:36:59 [::1][33][-][info][application] $_GET = [
    'for' => 'coll'
    'rda' => '0'
    'dep' => '1'
]

$_COOKIE = [
    'PHPSESSID' => 'a1hse6o894r0lqp9k3235aiu73'
    '_csrf' => 'c8749628a6dad2e07d9818a8ab153325ef06e686d5f7eab8d4f5d20e628926d5a:2:{i:0;s:5:\"_csrf\";i:1;s:32:\"2kOgrJVXAhQYkj6bwfwyUmzDqb7xuc7y\";}'
    '_backendInlislite' => 'f8ac89d84ca5b998e42618a64341f5a962218cc676022ecba1374f9a867bf993a:2:{i:0;s:17:\"_backendInlislite\";i:1;s:32:\"rW6_PoDEiZho7I_xeQ2f9KPcAVofCwpF\";}'
    'backendSession' => '5sqdhr1t2krqr29llmlik6hve1'
    '_identity' => 'af3e2a0e951dec577795a0c5ffd91cd682a11d709a13aa959f261807f7b4af33a:2:{i:0;s:9:\"_identity\";i:1;s:17:\"[33,null,2592000]\";}'
]

$_SESSION = [
    '__flash' => []
    '__returnUrl' => '/inlislite3/backend/member/member/index'
    'location' => '1'
    '__id' => 33
    'taglist' => []
]

$_SERVER = [
    'REDIRECT_MIBDIRS' => 'C:/xampp/php/extras/mibs'
    'REDIRECT_MYSQL_HOME' => '\\xampp\\mysql\\bin'
    'REDIRECT_OPENSSL_CONF' => 'C:/xampp/apache/bin/openssl.cnf'
    'REDIRECT_PHP_PEAR_SYSCONF_DIR' => '\\xampp\\php'
    'REDIRECT_PHPRC' => '\\xampp\\php'
    'REDIRECT_TMP' => '\\xampp\\tmp'
    'REDIRECT_STATUS' => '200'
    'MIBDIRS' => 'C:/xampp/php/extras/mibs'
    'MYSQL_HOME' => '\\xampp\\mysql\\bin'
    'OPENSSL_CONF' => 'C:/xampp/apache/bin/openssl.cnf'
    'PHP_PEAR_SYSCONF_DIR' => '\\xampp\\php'
    'PHPRC' => '\\xampp\\php'
    'TMP' => '\\xampp\\tmp'
    'HTTP_HOST' => 'localhost:8123'
    'HTTP_CONNECTION' => 'keep-alive'
    'HTTP_UPGRADE_INSECURE_REQUESTS' => '1'
    'HTTP_USER_AGENT' => 'Mozilla/5.0 (Windows NT 10.0; Win64; x64) AppleWebKit/537.36 (KHTML, like Gecko) Chrome/148.0.0.0 Safari/537.36'
    'HTTP_ACCEPT' => 'text/html,application/xhtml+xml,application/xml;q=0.9,image/avif,image/webp,image/apng,*/*;q=0.8,application/signed-exchange;v=b3;q=0.7'
    'HTTP_SEC_FETCH_SITE' => 'same-origin'
    'HTTP_SEC_FETCH_MODE' => 'navigate'
    'HTTP_SEC_FETCH_USER' => '?1'
    'HTTP_SEC_FETCH_DEST' => 'document'
    'HTTP_SEC_CH_UA' => '\"Chromium\";v=\"148\", \"Google Chrome\";v=\"148\", \"Not/A)Brand\";v=\"99\"'
    'HTTP_SEC_CH_UA_MOBILE' => '?0'
    'HTTP_SEC_CH_UA_PLATFORM' => '\"Windows\"'
    'HTTP_REFERER' => 'http://localhost:8123/inlislite3/backend/setting/checkpoint/memberguesses/rombongan'
    'HTTP_ACCEPT_ENCODING' => 'gzip, deflate, br, zstd'
    'HTTP_ACCEPT_LANGUAGE' => 'en-US,en;q=0.9'
    'HTTP_COOKIE' => 'PHPSESSID=a1hse6o894r0lqp9k3235aiu73; _csrf=c8749628a6dad2e07d9818a8ab153325ef06e686d5f7eab8d4f5d20e628926d5a%3A2%3A%7Bi%3A0%3Bs%3A5%3A%22_csrf%22%3Bi%3A1%3Bs%3A32%3A%222kOgrJVXAhQYkj6bwfwyUmzDqb7xuc7y%22%3B%7D; _backendInlislite=f8ac89d84ca5b998e42618a64341f5a962218cc676022ecba1374f9a867bf993a%3A2%3A%7Bi%3A0%3Bs%3A17%3A%22_backendInlislite%22%3Bi%3A1%3Bs%3A32%3A%22rW6_PoDEiZho7I_xeQ2f9KPcAVofCwpF%22%3B%7D; backendSession=5sqdhr1t2krqr29llmlik6hve1; _identity=af3e2a0e951dec577795a0c5ffd91cd682a11d709a13aa959f261807f7b4af33a%3A2%3A%7Bi%3A0%3Bs%3A9%3A%22_identity%22%3Bi%3A1%3Bs%3A17%3A%22%5B33%2Cnull%2C2592000%5D%22%3B%7D'
    'PATH' => 'C:\\Program Files (x86)\\Common Files\\Intel\\Shared Libraries\\redist\\intel64\\compiler;C:\\Program Files\\Common Files\\Oracle\\Java\\javapath;C:\\WINDOWS\\system32;C:\\WINDOWS;C:\\WINDOWS\\System32\\Wbem;C:\\WINDOWS\\System32\\WindowsPowerShell\\v1.0\\;C:\\WINDOWS\\System32\\OpenSSH\\;C:\\Program Files\\Git\\cmd;C:\\Program Files\\Java\\jdk-23\\bin;;C:\\Program Files\\dotnet\\;C:\\Program Files\\GitHub CLI\\;C:\\Program Files\\nodejs\\;C:\\Users\\PC\\.cargo\\bin;C:\\Users\\PC\\.local\\bin;C:\\Users\\PC\\AppData\\Local\\Programs\\Python\\Python312\\Scripts\\;C:\\Users\\PC\\AppData\\Local\\Programs\\Python\\Python312\\;C:\\Users\\PC\\AppData\\Local\\Microsoft\\WindowsApps;C:\\Users\\PC\\AppData\\Local\\Programs\\Microsoft VS Code\\bin;C:\\Users\\PC\\AppData\\Local\\Microsoft\\WinGet\\Packages\\Schniz.fnm_Microsoft.Winget.Source_8wekyb3d8bbwe;C:\\titan;C:\\Users\\PC\\go\\bin;C:\\Users\\PC\\AppData\\Local\\Android\\Sdk\\platform-tools;C:\\Users\\PC\\AppData\\Local\\Muse Hub\\lib;C:\\Users\\PC\\AppData\\Local\\Programs\\Antigravity\\bin;C:\\Users\\PC\\.dotnet\\tools;C:\\ffmpeg-8.0.1-essentials_build\\ffmpeg-8.0.1-essentials_build\\bin;C:\\Users\\PC\\AppData\\Local\\Microsoft\\WinGet\\Packages\\Gyan.FFmpeg_Microsoft.Winget.Source_8wekyb3d8bbwe\\ffmpeg-8.0.1-full_build\\bin;C:\\Users\\PC\\AppData\\Roaming\\npm;C:\\Users\\PC\\AppData\\Local\\Programs\\Ollama'
    'SystemRoot' => 'C:\\WINDOWS'
    'COMSPEC' => 'C:\\WINDOWS\\system32\\cmd.exe'
    'PATHEXT' => '.COM;.EXE;.BAT;.CMD;.VBS;.VBE;.JS;.JSE;.WSF;.WSH;.MSC'
    'WINDIR' => 'C:\\WINDOWS'
    'SERVER_SIGNATURE' => '<address>Apache/2.4.17 (Win32) OpenSSL/1.0.2d PHP/5.6.19 Server at localhost Port 8123</address>
'
    'SERVER_SOFTWARE' => 'Apache/2.4.17 (Win32) OpenSSL/1.0.2d PHP/5.6.19'
    'SERVER_NAME' => 'localhost'
    'SERVER_ADDR' => '::1'
    'SERVER_PORT' => '8123'
    'REMOTE_ADDR' => '::1'
    'DOCUMENT_ROOT' => 'C:/xampp/htdocs'
    'REQUEST_SCHEME' => 'http'
    'CONTEXT_PREFIX' => ''
    'CONTEXT_DOCUMENT_ROOT' => 'C:/xampp/htdocs'
    'SERVER_ADMIN' => 'postmaster@localhost'
    'SCRIPT_FILENAME' => 'C:/xampp/htdocs/inlislite3/backend/index.php'
    'REMOTE_PORT' => '4224'
    'REDIRECT_QUERY_STRING' => 'for=coll&rda=0&dep=1'
    'REDIRECT_URL' => 'http://localhost:8123/inlislite3/backend/pengkatalogan/katalog/create-deposit?for=coll&rda=0&dep=1'
    'GATEWAY_INTERFACE' => 'CGI/1.1'
    'SERVER_PROTOCOL' => 'HTTP/1.1'
    'REQUEST_METHOD' => 'GET'
    'QUERY_STRING' => 'for=coll&rda=0&dep=1'
    'REQUEST_URI' => '/inlislite3/backend/pengkatalogan/katalog/create-deposit?for=coll&rda=0&dep=1'
    'SCRIPT_NAME' => '/inlislite3/backend/index.php'
    'PHP_SELF' => '/inlislite3/backend/index.php'
    'REQUEST_TIME_FLOAT' => 1779863819.732
    'REQUEST_TIME' => 1779863819
]
2026-05-27 13:37:39 [::1][33][-][error][yii\i18n\PhpMessageSource::loadFallbackMessages] The message file for category 'kvdate' does not exist: C:\xampp\htdocs\inlislite3\vendor\kartik-v\yii2-widget-datepicker/messages/idn/kvdate.php Fallback file does not exist as well: C:\xampp\htdocs\inlislite3\vendor\kartik-v\yii2-widget-datepicker/messages/id/kvdate.php
    in C:\xampp\htdocs\inlislite3\vendor\kartik-v\yii2-widget-datepicker\DatePicker.php:290
    in C:\xampp\htdocs\inlislite3\vendor\kartik-v\yii2-widget-datepicker\DatePicker.php:316
    in C:\xampp\htdocs\inlislite3\vendor\kartik-v\yii2-widget-datepicker\DatePicker.php:266
2026-05-27 13:37:39 [::1][33][-][info][application] $_GET = [
    'for' => 'coll'
    'rda' => '1'
]

$_COOKIE = [
    'PHPSESSID' => 'a1hse6o894r0lqp9k3235aiu73'
    '_csrf' => 'c8749628a6dad2e07d9818a8ab153325ef06e686d5f7eab8d4f5d20e628926d5a:2:{i:0;s:5:\"_csrf\";i:1;s:32:\"2kOgrJVXAhQYkj6bwfwyUmzDqb7xuc7y\";}'
    '_backendInlislite' => 'f8ac89d84ca5b998e42618a64341f5a962218cc676022ecba1374f9a867bf993a:2:{i:0;s:17:\"_backendInlislite\";i:1;s:32:\"rW6_PoDEiZho7I_xeQ2f9KPcAVofCwpF\";}'
    'backendSession' => '5sqdhr1t2krqr29llmlik6hve1'
    '_identity' => 'af3e2a0e951dec577795a0c5ffd91cd682a11d709a13aa959f261807f7b4af33a:2:{i:0;s:9:\"_identity\";i:1;s:17:\"[33,null,2592000]\";}'
]

$_SESSION = [
    '__flash' => []
    '__returnUrl' => '/inlislite3/backend/member/member/index'
    'location' => '1'
    '__id' => 33
    'taglist' => []
]

$_SERVER = [
    'REDIRECT_MIBDIRS' => 'C:/xampp/php/extras/mibs'
    'REDIRECT_MYSQL_HOME' => '\\xampp\\mysql\\bin'
    'REDIRECT_OPENSSL_CONF' => 'C:/xampp/apache/bin/openssl.cnf'
    'REDIRECT_PHP_PEAR_SYSCONF_DIR' => '\\xampp\\php'
    'REDIRECT_PHPRC' => '\\xampp\\php'
    'REDIRECT_TMP' => '\\xampp\\tmp'
    'REDIRECT_STATUS' => '200'
    'MIBDIRS' => 'C:/xampp/php/extras/mibs'
    'MYSQL_HOME' => '\\xampp\\mysql\\bin'
    'OPENSSL_CONF' => 'C:/xampp/apache/bin/openssl.cnf'
    'PHP_PEAR_SYSCONF_DIR' => '\\xampp\\php'
    'PHPRC' => '\\xampp\\php'
    'TMP' => '\\xampp\\tmp'
    'HTTP_HOST' => 'localhost:8123'
    'HTTP_CONNECTION' => 'keep-alive'
    'HTTP_SEC_CH_UA' => '\"Chromium\";v=\"148\", \"Google Chrome\";v=\"148\", \"Not/A)Brand\";v=\"99\"'
    'HTTP_SEC_CH_UA_MOBILE' => '?0'
    'HTTP_SEC_CH_UA_PLATFORM' => '\"Windows\"'
    'HTTP_UPGRADE_INSECURE_REQUESTS' => '1'
    'HTTP_USER_AGENT' => 'Mozilla/5.0 (Windows NT 10.0; Win64; x64) AppleWebKit/537.36 (KHTML, like Gecko) Chrome/148.0.0.0 Safari/537.36'
    'HTTP_ACCEPT' => 'text/html,application/xhtml+xml,application/xml;q=0.9,image/avif,image/webp,image/apng,*/*;q=0.8,application/signed-exchange;v=b3;q=0.7'
    'HTTP_SEC_FETCH_SITE' => 'same-origin'
    'HTTP_SEC_FETCH_MODE' => 'navigate'
    'HTTP_SEC_FETCH_USER' => '?1'
    'HTTP_SEC_FETCH_DEST' => 'document'
    'HTTP_REFERER' => 'http://localhost:8123/inlislite3/backend/akuisisi/koleksi/index'
    'HTTP_ACCEPT_ENCODING' => 'gzip, deflate, br, zstd'
    'HTTP_ACCEPT_LANGUAGE' => 'en-US,en;q=0.9'
    'HTTP_COOKIE' => 'PHPSESSID=a1hse6o894r0lqp9k3235aiu73; _csrf=c8749628a6dad2e07d9818a8ab153325ef06e686d5f7eab8d4f5d20e628926d5a%3A2%3A%7Bi%3A0%3Bs%3A5%3A%22_csrf%22%3Bi%3A1%3Bs%3A32%3A%222kOgrJVXAhQYkj6bwfwyUmzDqb7xuc7y%22%3B%7D; _backendInlislite=f8ac89d84ca5b998e42618a64341f5a962218cc676022ecba1374f9a867bf993a%3A2%3A%7Bi%3A0%3Bs%3A17%3A%22_backendInlislite%22%3Bi%3A1%3Bs%3A32%3A%22rW6_PoDEiZho7I_xeQ2f9KPcAVofCwpF%22%3B%7D; backendSession=5sqdhr1t2krqr29llmlik6hve1; _identity=af3e2a0e951dec577795a0c5ffd91cd682a11d709a13aa959f261807f7b4af33a%3A2%3A%7Bi%3A0%3Bs%3A9%3A%22_identity%22%3Bi%3A1%3Bs%3A17%3A%22%5B33%2Cnull%2C2592000%5D%22%3B%7D'
    'PATH' => 'C:\\Program Files (x86)\\Common Files\\Intel\\Shared Libraries\\redist\\intel64\\compiler;C:\\Program Files\\Common Files\\Oracle\\Java\\javapath;C:\\WINDOWS\\system32;C:\\WINDOWS;C:\\WINDOWS\\System32\\Wbem;C:\\WINDOWS\\System32\\WindowsPowerShell\\v1.0\\;C:\\WINDOWS\\System32\\OpenSSH\\;C:\\Program Files\\Git\\cmd;C:\\Program Files\\Java\\jdk-23\\bin;;C:\\Program Files\\dotnet\\;C:\\Program Files\\GitHub CLI\\;C:\\Program Files\\nodejs\\;C:\\Users\\PC\\.cargo\\bin;C:\\Users\\PC\\.local\\bin;C:\\Users\\PC\\AppData\\Local\\Programs\\Python\\Python312\\Scripts\\;C:\\Users\\PC\\AppData\\Local\\Programs\\Python\\Python312\\;C:\\Users\\PC\\AppData\\Local\\Microsoft\\WindowsApps;C:\\Users\\PC\\AppData\\Local\\Programs\\Microsoft VS Code\\bin;C:\\Users\\PC\\AppData\\Local\\Microsoft\\WinGet\\Packages\\Schniz.fnm_Microsoft.Winget.Source_8wekyb3d8bbwe;C:\\titan;C:\\Users\\PC\\go\\bin;C:\\Users\\PC\\AppData\\Local\\Android\\Sdk\\platform-tools;C:\\Users\\PC\\AppData\\Local\\Muse Hub\\lib;C:\\Users\\PC\\AppData\\Local\\Programs\\Antigravity\\bin;C:\\Users\\PC\\.dotnet\\tools;C:\\ffmpeg-8.0.1-essentials_build\\ffmpeg-8.0.1-essentials_build\\bin;C:\\Users\\PC\\AppData\\Local\\Microsoft\\WinGet\\Packages\\Gyan.FFmpeg_Microsoft.Winget.Source_8wekyb3d8bbwe\\ffmpeg-8.0.1-full_build\\bin;C:\\Users\\PC\\AppData\\Roaming\\npm;C:\\Users\\PC\\AppData\\Local\\Programs\\Ollama'
    'SystemRoot' => 'C:\\WINDOWS'
    'COMSPEC' => 'C:\\WINDOWS\\system32\\cmd.exe'
    'PATHEXT' => '.COM;.EXE;.BAT;.CMD;.VBS;.VBE;.JS;.JSE;.WSF;.WSH;.MSC'
    'WINDIR' => 'C:\\WINDOWS'
    'SERVER_SIGNATURE' => '<address>Apache/2.4.17 (Win32) OpenSSL/1.0.2d PHP/5.6.19 Server at localhost Port 8123</address>
'
    'SERVER_SOFTWARE' => 'Apache/2.4.17 (Win32) OpenSSL/1.0.2d PHP/5.6.19'
    'SERVER_NAME' => 'localhost'
    'SERVER_ADDR' => '::1'
    'SERVER_PORT' => '8123'
    'REMOTE_ADDR' => '::1'
    'DOCUMENT_ROOT' => 'C:/xampp/htdocs'
    'REQUEST_SCHEME' => 'http'
    'CONTEXT_PREFIX' => ''
    'CONTEXT_DOCUMENT_ROOT' => 'C:/xampp/htdocs'
    'SERVER_ADMIN' => 'postmaster@localhost'
    'SCRIPT_FILENAME' => 'C:/xampp/htdocs/inlislite3/backend/index.php'
    'REMOTE_PORT' => '1640'
    'REDIRECT_QUERY_STRING' => 'for=coll&rda=1'
    'REDIRECT_URL' => 'http://localhost:8123/inlislite3/backend/pengkatalogan/katalog/create?for=coll&rda=1'
    'GATEWAY_INTERFACE' => 'CGI/1.1'
    'SERVER_PROTOCOL' => 'HTTP/1.1'
    'REQUEST_METHOD' => 'GET'
    'QUERY_STRING' => 'for=coll&rda=1'
    'REQUEST_URI' => '/inlislite3/backend/pengkatalogan/katalog/create?for=coll&rda=1'
    'SCRIPT_NAME' => '/inlislite3/backend/index.php'
    'PHP_SELF' => '/inlislite3/backend/index.php'
    'REQUEST_TIME_FLOAT' => 1779863859.079
    'REQUEST_TIME' => 1779863859
]
2026-05-27 14:07:55 [::1][33][-][error][yii\i18n\PhpMessageSource::loadFallbackMessages] The message file for category 'kvdate' does not exist: C:\xampp\htdocs\inlislite3\vendor\kartik-v\yii2-widget-datepicker/messages/idn/kvdate.php Fallback file does not exist as well: C:\xampp\htdocs\inlislite3\vendor\kartik-v\yii2-widget-datepicker/messages/id/kvdate.php
    in C:\xampp\htdocs\inlislite3\vendor\kartik-v\yii2-widget-datepicker\DatePicker.php:290
    in C:\xampp\htdocs\inlislite3\vendor\kartik-v\yii2-widget-datepicker\DatePicker.php:316
    in C:\xampp\htdocs\inlislite3\vendor\kartik-v\yii2-widget-datepicker\DatePicker.php:266
2026-05-27 14:07:54 [::1][33][-][info][application] $_GET = [
    'for' => 'coll'
    'rda' => '1'
]

$_COOKIE = [
    'PHPSESSID' => 'a1hse6o894r0lqp9k3235aiu73'
    '_csrf' => 'c8749628a6dad2e07d9818a8ab153325ef06e686d5f7eab8d4f5d20e628926d5a:2:{i:0;s:5:\"_csrf\";i:1;s:32:\"2kOgrJVXAhQYkj6bwfwyUmzDqb7xuc7y\";}'
    '_backendInlislite' => 'f8ac89d84ca5b998e42618a64341f5a962218cc676022ecba1374f9a867bf993a:2:{i:0;s:17:\"_backendInlislite\";i:1;s:32:\"rW6_PoDEiZho7I_xeQ2f9KPcAVofCwpF\";}'
    'backendSession' => '5sqdhr1t2krqr29llmlik6hve1'
    '_identity' => 'af3e2a0e951dec577795a0c5ffd91cd682a11d709a13aa959f261807f7b4af33a:2:{i:0;s:9:\"_identity\";i:1;s:17:\"[33,null,2592000]\";}'
    'keanggotaanSession' => 'h83goah1pik1jdt4mqvprsedp2'
    '_OpacInlislite' => '45fc81a75876a632265dec0a6edc924974252b6e6c5af6ec530fb9957fb84484a:2:{i:0;s:14:\"_OpacInlislite\";i:1;s:32:\"1-7ozG-kemS-QF0VGKqeP9sWA6egQ6zw\";}'
]

$_SESSION = [
    '__flash' => []
    '__returnUrl' => '/inlislite3/backend/member/member/index'
    'location' => '1'
    '__id' => 33
    'taglist' => []
    'SessCatalogTabActive' => null
]

$_SERVER = [
    'REDIRECT_MIBDIRS' => 'C:/xampp/php/extras/mibs'
    'REDIRECT_MYSQL_HOME' => '\\xampp\\mysql\\bin'
    'REDIRECT_OPENSSL_CONF' => 'C:/xampp/apache/bin/openssl.cnf'
    'REDIRECT_PHP_PEAR_SYSCONF_DIR' => '\\xampp\\php'
    'REDIRECT_PHPRC' => '\\xampp\\php'
    'REDIRECT_TMP' => '\\xampp\\tmp'
    'REDIRECT_STATUS' => '200'
    'MIBDIRS' => 'C:/xampp/php/extras/mibs'
    'MYSQL_HOME' => '\\xampp\\mysql\\bin'
    'OPENSSL_CONF' => 'C:/xampp/apache/bin/openssl.cnf'
    'PHP_PEAR_SYSCONF_DIR' => '\\xampp\\php'
    'PHPRC' => '\\xampp\\php'
    'TMP' => '\\xampp\\tmp'
    'HTTP_HOST' => 'localhost:8123'
    'HTTP_CONNECTION' => 'keep-alive'
    'HTTP_SEC_CH_UA' => '\"Chromium\";v=\"148\", \"Google Chrome\";v=\"148\", \"Not/A)Brand\";v=\"99\"'
    'HTTP_SEC_CH_UA_MOBILE' => '?0'
    'HTTP_SEC_CH_UA_PLATFORM' => '\"Windows\"'
    'HTTP_UPGRADE_INSECURE_REQUESTS' => '1'
    'HTTP_USER_AGENT' => 'Mozilla/5.0 (Windows NT 10.0; Win64; x64) AppleWebKit/537.36 (KHTML, like Gecko) Chrome/148.0.0.0 Safari/537.36'
    'HTTP_ACCEPT' => 'text/html,application/xhtml+xml,application/xml;q=0.9,image/avif,image/webp,image/apng,*/*;q=0.8,application/signed-exchange;v=b3;q=0.7'
    'HTTP_SEC_FETCH_SITE' => 'same-origin'
    'HTTP_SEC_FETCH_MODE' => 'navigate'
    'HTTP_SEC_FETCH_USER' => '?1'
    'HTTP_SEC_FETCH_DEST' => 'document'
    'HTTP_REFERER' => 'http://localhost:8123/inlislite3/backend/pengkatalogan/katalog-export-data-tag/index'
    'HTTP_ACCEPT_ENCODING' => 'gzip, deflate, br, zstd'
    'HTTP_ACCEPT_LANGUAGE' => 'en-US,en;q=0.9'
    'HTTP_COOKIE' => 'PHPSESSID=a1hse6o894r0lqp9k3235aiu73; _csrf=c8749628a6dad2e07d9818a8ab153325ef06e686d5f7eab8d4f5d20e628926d5a%3A2%3A%7Bi%3A0%3Bs%3A5%3A%22_csrf%22%3Bi%3A1%3Bs%3A32%3A%222kOgrJVXAhQYkj6bwfwyUmzDqb7xuc7y%22%3B%7D; _backendInlislite=f8ac89d84ca5b998e42618a64341f5a962218cc676022ecba1374f9a867bf993a%3A2%3A%7Bi%3A0%3Bs%3A17%3A%22_backendInlislite%22%3Bi%3A1%3Bs%3A32%3A%22rW6_PoDEiZho7I_xeQ2f9KPcAVofCwpF%22%3B%7D; backendSession=5sqdhr1t2krqr29llmlik6hve1; _identity=af3e2a0e951dec577795a0c5ffd91cd682a11d709a13aa959f261807f7b4af33a%3A2%3A%7Bi%3A0%3Bs%3A9%3A%22_identity%22%3Bi%3A1%3Bs%3A17%3A%22%5B33%2Cnull%2C2592000%5D%22%3B%7D; keanggotaanSession=h83goah1pik1jdt4mqvprsedp2; _OpacInlislite=45fc81a75876a632265dec0a6edc924974252b6e6c5af6ec530fb9957fb84484a%3A2%3A%7Bi%3A0%3Bs%3A14%3A%22_OpacInlislite%22%3Bi%3A1%3Bs%3A32%3A%221-7ozG-kemS-QF0VGKqeP9sWA6egQ6zw%22%3B%7D'
    'PATH' => 'C:\\Program Files (x86)\\Common Files\\Intel\\Shared Libraries\\redist\\intel64\\compiler;C:\\Program Files\\Common Files\\Oracle\\Java\\javapath;C:\\WINDOWS\\system32;C:\\WINDOWS;C:\\WINDOWS\\System32\\Wbem;C:\\WINDOWS\\System32\\WindowsPowerShell\\v1.0\\;C:\\WINDOWS\\System32\\OpenSSH\\;C:\\Program Files\\Git\\cmd;C:\\Program Files\\Java\\jdk-23\\bin;;C:\\Program Files\\dotnet\\;C:\\Program Files\\GitHub CLI\\;C:\\Program Files\\nodejs\\;C:\\Users\\PC\\.cargo\\bin;C:\\Users\\PC\\.local\\bin;C:\\Users\\PC\\AppData\\Local\\Programs\\Python\\Python312\\Scripts\\;C:\\Users\\PC\\AppData\\Local\\Programs\\Python\\Python312\\;C:\\Users\\PC\\AppData\\Local\\Microsoft\\WindowsApps;C:\\Users\\PC\\AppData\\Local\\Programs\\Microsoft VS Code\\bin;C:\\Users\\PC\\AppData\\Local\\Microsoft\\WinGet\\Packages\\Schniz.fnm_Microsoft.Winget.Source_8wekyb3d8bbwe;C:\\titan;C:\\Users\\PC\\go\\bin;C:\\Users\\PC\\AppData\\Local\\Android\\Sdk\\platform-tools;C:\\Users\\PC\\AppData\\Local\\Muse Hub\\lib;C:\\Users\\PC\\AppData\\Local\\Programs\\Antigravity\\bin;C:\\Users\\PC\\.dotnet\\tools;C:\\ffmpeg-8.0.1-essentials_build\\ffmpeg-8.0.1-essentials_build\\bin;C:\\Users\\PC\\AppData\\Local\\Microsoft\\WinGet\\Packages\\Gyan.FFmpeg_Microsoft.Winget.Source_8wekyb3d8bbwe\\ffmpeg-8.0.1-full_build\\bin;C:\\Users\\PC\\AppData\\Roaming\\npm;C:\\Users\\PC\\AppData\\Local\\Programs\\Ollama'
    'SystemRoot' => 'C:\\WINDOWS'
    'COMSPEC' => 'C:\\WINDOWS\\system32\\cmd.exe'
    'PATHEXT' => '.COM;.EXE;.BAT;.CMD;.VBS;.VBE;.JS;.JSE;.WSF;.WSH;.MSC'
    'WINDIR' => 'C:\\WINDOWS'
    'SERVER_SIGNATURE' => '<address>Apache/2.4.17 (Win32) OpenSSL/1.0.2d PHP/5.6.19 Server at localhost Port 8123</address>
'
    'SERVER_SOFTWARE' => 'Apache/2.4.17 (Win32) OpenSSL/1.0.2d PHP/5.6.19'
    'SERVER_NAME' => 'localhost'
    'SERVER_ADDR' => '::1'
    'SERVER_PORT' => '8123'
    'REMOTE_ADDR' => '::1'
    'DOCUMENT_ROOT' => 'C:/xampp/htdocs'
    'REQUEST_SCHEME' => 'http'
    'CONTEXT_PREFIX' => ''
    'CONTEXT_DOCUMENT_ROOT' => 'C:/xampp/htdocs'
    'SERVER_ADMIN' => 'postmaster@localhost'
    'SCRIPT_FILENAME' => 'C:/xampp/htdocs/inlislite3/backend/index.php'
    'REMOTE_PORT' => '2007'
    'REDIRECT_QUERY_STRING' => 'for=coll&rda=1'
    'REDIRECT_URL' => 'http://localhost:8123/inlislite3/backend/pengkatalogan/katalog/create?for=coll&rda=1'
    'GATEWAY_INTERFACE' => 'CGI/1.1'
    'SERVER_PROTOCOL' => 'HTTP/1.1'
    'REQUEST_METHOD' => 'GET'
    'QUERY_STRING' => 'for=coll&rda=1'
    'REQUEST_URI' => '/inlislite3/backend/pengkatalogan/katalog/create?for=coll&rda=1'
    'SCRIPT_NAME' => '/inlislite3/backend/index.php'
    'PHP_SELF' => '/inlislite3/backend/index.php'
    'REQUEST_TIME_FLOAT' => 1779865674.934
    'REQUEST_TIME' => 1779865674
]
2026-05-27 14:08:02 [::1][33][-][error][yii\i18n\PhpMessageSource::loadFallbackMessages] The message file for category 'kvdate' does not exist: C:\xampp\htdocs\inlislite3\vendor\kartik-v\yii2-widget-datepicker/messages/idn/kvdate.php Fallback file does not exist as well: C:\xampp\htdocs\inlislite3\vendor\kartik-v\yii2-widget-datepicker/messages/id/kvdate.php
    in C:\xampp\htdocs\inlislite3\vendor\kartik-v\yii2-widget-datepicker\DatePicker.php:290
    in C:\xampp\htdocs\inlislite3\vendor\kartik-v\yii2-widget-datepicker\DatePicker.php:316
    in C:\xampp\htdocs\inlislite3\vendor\kartik-v\yii2-widget-datepicker\DatePicker.php:266
2026-05-27 14:08:02 [::1][33][-][info][application] $_GET = [
    'for' => 'coll'
    'rda' => '0'
]

$_COOKIE = [
    'PHPSESSID' => 'a1hse6o894r0lqp9k3235aiu73'
    '_csrf' => 'c8749628a6dad2e07d9818a8ab153325ef06e686d5f7eab8d4f5d20e628926d5a:2:{i:0;s:5:\"_csrf\";i:1;s:32:\"2kOgrJVXAhQYkj6bwfwyUmzDqb7xuc7y\";}'
    '_backendInlislite' => 'f8ac89d84ca5b998e42618a64341f5a962218cc676022ecba1374f9a867bf993a:2:{i:0;s:17:\"_backendInlislite\";i:1;s:32:\"rW6_PoDEiZho7I_xeQ2f9KPcAVofCwpF\";}'
    'backendSession' => '5sqdhr1t2krqr29llmlik6hve1'
    '_identity' => 'af3e2a0e951dec577795a0c5ffd91cd682a11d709a13aa959f261807f7b4af33a:2:{i:0;s:9:\"_identity\";i:1;s:17:\"[33,null,2592000]\";}'
    'keanggotaanSession' => 'h83goah1pik1jdt4mqvprsedp2'
    '_OpacInlislite' => '45fc81a75876a632265dec0a6edc924974252b6e6c5af6ec530fb9957fb84484a:2:{i:0;s:14:\"_OpacInlislite\";i:1;s:32:\"1-7ozG-kemS-QF0VGKqeP9sWA6egQ6zw\";}'
]

$_SESSION = [
    '__flash' => []
    '__returnUrl' => '/inlislite3/backend/member/member/index'
    'location' => '1'
    '__id' => 33
    'taglist' => []
    'SessCatalogTabActive' => null
]

$_SERVER = [
    'REDIRECT_MIBDIRS' => 'C:/xampp/php/extras/mibs'
    'REDIRECT_MYSQL_HOME' => '\\xampp\\mysql\\bin'
    'REDIRECT_OPENSSL_CONF' => 'C:/xampp/apache/bin/openssl.cnf'
    'REDIRECT_PHP_PEAR_SYSCONF_DIR' => '\\xampp\\php'
    'REDIRECT_PHPRC' => '\\xampp\\php'
    'REDIRECT_TMP' => '\\xampp\\tmp'
    'REDIRECT_STATUS' => '200'
    'MIBDIRS' => 'C:/xampp/php/extras/mibs'
    'MYSQL_HOME' => '\\xampp\\mysql\\bin'
    'OPENSSL_CONF' => 'C:/xampp/apache/bin/openssl.cnf'
    'PHP_PEAR_SYSCONF_DIR' => '\\xampp\\php'
    'PHPRC' => '\\xampp\\php'
    'TMP' => '\\xampp\\tmp'
    'HTTP_HOST' => 'localhost:8123'
    'HTTP_CONNECTION' => 'keep-alive'
    'HTTP_SEC_CH_UA' => '\"Chromium\";v=\"148\", \"Google Chrome\";v=\"148\", \"Not/A)Brand\";v=\"99\"'
    'HTTP_SEC_CH_UA_MOBILE' => '?0'
    'HTTP_SEC_CH_UA_PLATFORM' => '\"Windows\"'
    'HTTP_UPGRADE_INSECURE_REQUESTS' => '1'
    'HTTP_USER_AGENT' => 'Mozilla/5.0 (Windows NT 10.0; Win64; x64) AppleWebKit/537.36 (KHTML, like Gecko) Chrome/148.0.0.0 Safari/537.36'
    'HTTP_ACCEPT' => 'text/html,application/xhtml+xml,application/xml;q=0.9,image/avif,image/webp,image/apng,*/*;q=0.8,application/signed-exchange;v=b3;q=0.7'
    'HTTP_SEC_FETCH_SITE' => 'same-origin'
    'HTTP_SEC_FETCH_MODE' => 'navigate'
    'HTTP_SEC_FETCH_USER' => '?1'
    'HTTP_SEC_FETCH_DEST' => 'document'
    'HTTP_REFERER' => 'http://localhost:8123/inlislite3/backend/pengkatalogan/katalog/create?for=coll&rda=1'
    'HTTP_ACCEPT_ENCODING' => 'gzip, deflate, br, zstd'
    'HTTP_ACCEPT_LANGUAGE' => 'en-US,en;q=0.9'
    'HTTP_COOKIE' => 'PHPSESSID=a1hse6o894r0lqp9k3235aiu73; _csrf=c8749628a6dad2e07d9818a8ab153325ef06e686d5f7eab8d4f5d20e628926d5a%3A2%3A%7Bi%3A0%3Bs%3A5%3A%22_csrf%22%3Bi%3A1%3Bs%3A32%3A%222kOgrJVXAhQYkj6bwfwyUmzDqb7xuc7y%22%3B%7D; _backendInlislite=f8ac89d84ca5b998e42618a64341f5a962218cc676022ecba1374f9a867bf993a%3A2%3A%7Bi%3A0%3Bs%3A17%3A%22_backendInlislite%22%3Bi%3A1%3Bs%3A32%3A%22rW6_PoDEiZho7I_xeQ2f9KPcAVofCwpF%22%3B%7D; backendSession=5sqdhr1t2krqr29llmlik6hve1; _identity=af3e2a0e951dec577795a0c5ffd91cd682a11d709a13aa959f261807f7b4af33a%3A2%3A%7Bi%3A0%3Bs%3A9%3A%22_identity%22%3Bi%3A1%3Bs%3A17%3A%22%5B33%2Cnull%2C2592000%5D%22%3B%7D; keanggotaanSession=h83goah1pik1jdt4mqvprsedp2; _OpacInlislite=45fc81a75876a632265dec0a6edc924974252b6e6c5af6ec530fb9957fb84484a%3A2%3A%7Bi%3A0%3Bs%3A14%3A%22_OpacInlislite%22%3Bi%3A1%3Bs%3A32%3A%221-7ozG-kemS-QF0VGKqeP9sWA6egQ6zw%22%3B%7D'
    'PATH' => 'C:\\Program Files (x86)\\Common Files\\Intel\\Shared Libraries\\redist\\intel64\\compiler;C:\\Program Files\\Common Files\\Oracle\\Java\\javapath;C:\\WINDOWS\\system32;C:\\WINDOWS;C:\\WINDOWS\\System32\\Wbem;C:\\WINDOWS\\System32\\WindowsPowerShell\\v1.0\\;C:\\WINDOWS\\System32\\OpenSSH\\;C:\\Program Files\\Git\\cmd;C:\\Program Files\\Java\\jdk-23\\bin;;C:\\Program Files\\dotnet\\;C:\\Program Files\\GitHub CLI\\;C:\\Program Files\\nodejs\\;C:\\Users\\PC\\.cargo\\bin;C:\\Users\\PC\\.local\\bin;C:\\Users\\PC\\AppData\\Local\\Programs\\Python\\Python312\\Scripts\\;C:\\Users\\PC\\AppData\\Local\\Programs\\Python\\Python312\\;C:\\Users\\PC\\AppData\\Local\\Microsoft\\WindowsApps;C:\\Users\\PC\\AppData\\Local\\Programs\\Microsoft VS Code\\bin;C:\\Users\\PC\\AppData\\Local\\Microsoft\\WinGet\\Packages\\Schniz.fnm_Microsoft.Winget.Source_8wekyb3d8bbwe;C:\\titan;C:\\Users\\PC\\go\\bin;C:\\Users\\PC\\AppData\\Local\\Android\\Sdk\\platform-tools;C:\\Users\\PC\\AppData\\Local\\Muse Hub\\lib;C:\\Users\\PC\\AppData\\Local\\Programs\\Antigravity\\bin;C:\\Users\\PC\\.dotnet\\tools;C:\\ffmpeg-8.0.1-essentials_build\\ffmpeg-8.0.1-essentials_build\\bin;C:\\Users\\PC\\AppData\\Local\\Microsoft\\WinGet\\Packages\\Gyan.FFmpeg_Microsoft.Winget.Source_8wekyb3d8bbwe\\ffmpeg-8.0.1-full_build\\bin;C:\\Users\\PC\\AppData\\Roaming\\npm;C:\\Users\\PC\\AppData\\Local\\Programs\\Ollama'
    'SystemRoot' => 'C:\\WINDOWS'
    'COMSPEC' => 'C:\\WINDOWS\\system32\\cmd.exe'
    'PATHEXT' => '.COM;.EXE;.BAT;.CMD;.VBS;.VBE;.JS;.JSE;.WSF;.WSH;.MSC'
    'WINDIR' => 'C:\\WINDOWS'
    'SERVER_SIGNATURE' => '<address>Apache/2.4.17 (Win32) OpenSSL/1.0.2d PHP/5.6.19 Server at localhost Port 8123</address>
'
    'SERVER_SOFTWARE' => 'Apache/2.4.17 (Win32) OpenSSL/1.0.2d PHP/5.6.19'
    'SERVER_NAME' => 'localhost'
    'SERVER_ADDR' => '::1'
    'SERVER_PORT' => '8123'
    'REMOTE_ADDR' => '::1'
    'DOCUMENT_ROOT' => 'C:/xampp/htdocs'
    'REQUEST_SCHEME' => 'http'
    'CONTEXT_PREFIX' => ''
    'CONTEXT_DOCUMENT_ROOT' => 'C:/xampp/htdocs'
    'SERVER_ADMIN' => 'postmaster@localhost'
    'SCRIPT_FILENAME' => 'C:/xampp/htdocs/inlislite3/backend/index.php'
    'REMOTE_PORT' => '14406'
    'REDIRECT_QUERY_STRING' => 'for=coll&rda=0'
    'REDIRECT_URL' => 'http://localhost:8123/inlislite3/backend/pengkatalogan/katalog/create?for=coll&rda=0'
    'GATEWAY_INTERFACE' => 'CGI/1.1'
    'SERVER_PROTOCOL' => 'HTTP/1.1'
    'REQUEST_METHOD' => 'GET'
    'QUERY_STRING' => 'for=coll&rda=0'
    'REQUEST_URI' => '/inlislite3/backend/pengkatalogan/katalog/create?for=coll&rda=0'
    'SCRIPT_NAME' => '/inlislite3/backend/index.php'
    'PHP_SELF' => '/inlislite3/backend/index.php'
    'REQUEST_TIME_FLOAT' => 1779865682.269
    'REQUEST_TIME' => 1779865682
]
2026-05-27 14:08:29 [::1][33][-][error][yii\i18n\PhpMessageSource::loadFallbackMessages] The message file for category 'kvdate' does not exist: C:\xampp\htdocs\inlislite3\vendor\kartik-v\yii2-widget-datepicker/messages/idn/kvdate.php Fallback file does not exist as well: C:\xampp\htdocs\inlislite3\vendor\kartik-v\yii2-widget-datepicker/messages/id/kvdate.php
    in C:\xampp\htdocs\inlislite3\vendor\kartik-v\yii2-widget-datepicker\DatePicker.php:290
    in C:\xampp\htdocs\inlislite3\vendor\kartik-v\yii2-widget-datepicker\DatePicker.php:316
    in C:\xampp\htdocs\inlislite3\vendor\kartik-v\yii2-widget-datepicker\DatePicker.php:266
2026-05-27 14:08:29 [::1][33][-][info][application] $_GET = [
    'for' => 'coll'
    'rda' => '0'
]

$_COOKIE = [
    'PHPSESSID' => 'a1hse6o894r0lqp9k3235aiu73'
    '_csrf' => 'c8749628a6dad2e07d9818a8ab153325ef06e686d5f7eab8d4f5d20e628926d5a:2:{i:0;s:5:\"_csrf\";i:1;s:32:\"2kOgrJVXAhQYkj6bwfwyUmzDqb7xuc7y\";}'
    '_backendInlislite' => 'f8ac89d84ca5b998e42618a64341f5a962218cc676022ecba1374f9a867bf993a:2:{i:0;s:17:\"_backendInlislite\";i:1;s:32:\"rW6_PoDEiZho7I_xeQ2f9KPcAVofCwpF\";}'
    'backendSession' => '5sqdhr1t2krqr29llmlik6hve1'
    '_identity' => 'af3e2a0e951dec577795a0c5ffd91cd682a11d709a13aa959f261807f7b4af33a:2:{i:0;s:9:\"_identity\";i:1;s:17:\"[33,null,2592000]\";}'
    'keanggotaanSession' => 'h83goah1pik1jdt4mqvprsedp2'
    '_OpacInlislite' => '45fc81a75876a632265dec0a6edc924974252b6e6c5af6ec530fb9957fb84484a:2:{i:0;s:14:\"_OpacInlislite\";i:1;s:32:\"1-7ozG-kemS-QF0VGKqeP9sWA6egQ6zw\";}'
]

$_SESSION = [
    '__flash' => []
    '__returnUrl' => '/inlislite3/backend/member/member/index'
    'location' => '1'
    '__id' => 33
    'taglist' => []
    'SessCatalogTabActive' => null
]

$_SERVER = [
    'REDIRECT_MIBDIRS' => 'C:/xampp/php/extras/mibs'
    'REDIRECT_MYSQL_HOME' => '\\xampp\\mysql\\bin'
    'REDIRECT_OPENSSL_CONF' => 'C:/xampp/apache/bin/openssl.cnf'
    'REDIRECT_PHP_PEAR_SYSCONF_DIR' => '\\xampp\\php'
    'REDIRECT_PHPRC' => '\\xampp\\php'
    'REDIRECT_TMP' => '\\xampp\\tmp'
    'REDIRECT_STATUS' => '200'
    'MIBDIRS' => 'C:/xampp/php/extras/mibs'
    'MYSQL_HOME' => '\\xampp\\mysql\\bin'
    'OPENSSL_CONF' => 'C:/xampp/apache/bin/openssl.cnf'
    'PHP_PEAR_SYSCONF_DIR' => '\\xampp\\php'
    'PHPRC' => '\\xampp\\php'
    'TMP' => '\\xampp\\tmp'
    'HTTP_HOST' => 'localhost:8123'
    'HTTP_CONNECTION' => 'keep-alive'
    'HTTP_SEC_CH_UA' => '\"Chromium\";v=\"148\", \"Google Chrome\";v=\"148\", \"Not/A)Brand\";v=\"99\"'
    'HTTP_SEC_CH_UA_MOBILE' => '?0'
    'HTTP_SEC_CH_UA_PLATFORM' => '\"Windows\"'
    'HTTP_UPGRADE_INSECURE_REQUESTS' => '1'
    'HTTP_USER_AGENT' => 'Mozilla/5.0 (Windows NT 10.0; Win64; x64) AppleWebKit/537.36 (KHTML, like Gecko) Chrome/148.0.0.0 Safari/537.36'
    'HTTP_ACCEPT' => 'text/html,application/xhtml+xml,application/xml;q=0.9,image/avif,image/webp,image/apng,*/*;q=0.8,application/signed-exchange;v=b3;q=0.7'
    'HTTP_SEC_FETCH_SITE' => 'same-origin'
    'HTTP_SEC_FETCH_MODE' => 'navigate'
    'HTTP_SEC_FETCH_USER' => '?1'
    'HTTP_SEC_FETCH_DEST' => 'document'
    'HTTP_REFERER' => 'http://localhost:8123/inlislite3/backend/akuisisi/koleksi-import/index'
    'HTTP_ACCEPT_ENCODING' => 'gzip, deflate, br, zstd'
    'HTTP_ACCEPT_LANGUAGE' => 'en-US,en;q=0.9'
    'HTTP_COOKIE' => 'PHPSESSID=a1hse6o894r0lqp9k3235aiu73; _csrf=c8749628a6dad2e07d9818a8ab153325ef06e686d5f7eab8d4f5d20e628926d5a%3A2%3A%7Bi%3A0%3Bs%3A5%3A%22_csrf%22%3Bi%3A1%3Bs%3A32%3A%222kOgrJVXAhQYkj6bwfwyUmzDqb7xuc7y%22%3B%7D; _backendInlislite=f8ac89d84ca5b998e42618a64341f5a962218cc676022ecba1374f9a867bf993a%3A2%3A%7Bi%3A0%3Bs%3A17%3A%22_backendInlislite%22%3Bi%3A1%3Bs%3A32%3A%22rW6_PoDEiZho7I_xeQ2f9KPcAVofCwpF%22%3B%7D; backendSession=5sqdhr1t2krqr29llmlik6hve1; _identity=af3e2a0e951dec577795a0c5ffd91cd682a11d709a13aa959f261807f7b4af33a%3A2%3A%7Bi%3A0%3Bs%3A9%3A%22_identity%22%3Bi%3A1%3Bs%3A17%3A%22%5B33%2Cnull%2C2592000%5D%22%3B%7D; keanggotaanSession=h83goah1pik1jdt4mqvprsedp2; _OpacInlislite=45fc81a75876a632265dec0a6edc924974252b6e6c5af6ec530fb9957fb84484a%3A2%3A%7Bi%3A0%3Bs%3A14%3A%22_OpacInlislite%22%3Bi%3A1%3Bs%3A32%3A%221-7ozG-kemS-QF0VGKqeP9sWA6egQ6zw%22%3B%7D'
    'PATH' => 'C:\\Program Files (x86)\\Common Files\\Intel\\Shared Libraries\\redist\\intel64\\compiler;C:\\Program Files\\Common Files\\Oracle\\Java\\javapath;C:\\WINDOWS\\system32;C:\\WINDOWS;C:\\WINDOWS\\System32\\Wbem;C:\\WINDOWS\\System32\\WindowsPowerShell\\v1.0\\;C:\\WINDOWS\\System32\\OpenSSH\\;C:\\Program Files\\Git\\cmd;C:\\Program Files\\Java\\jdk-23\\bin;;C:\\Program Files\\dotnet\\;C:\\Program Files\\GitHub CLI\\;C:\\Program Files\\nodejs\\;C:\\Users\\PC\\.cargo\\bin;C:\\Users\\PC\\.local\\bin;C:\\Users\\PC\\AppData\\Local\\Programs\\Python\\Python312\\Scripts\\;C:\\Users\\PC\\AppData\\Local\\Programs\\Python\\Python312\\;C:\\Users\\PC\\AppData\\Local\\Microsoft\\WindowsApps;C:\\Users\\PC\\AppData\\Local\\Programs\\Microsoft VS Code\\bin;C:\\Users\\PC\\AppData\\Local\\Microsoft\\WinGet\\Packages\\Schniz.fnm_Microsoft.Winget.Source_8wekyb3d8bbwe;C:\\titan;C:\\Users\\PC\\go\\bin;C:\\Users\\PC\\AppData\\Local\\Android\\Sdk\\platform-tools;C:\\Users\\PC\\AppData\\Local\\Muse Hub\\lib;C:\\Users\\PC\\AppData\\Local\\Programs\\Antigravity\\bin;C:\\Users\\PC\\.dotnet\\tools;C:\\ffmpeg-8.0.1-essentials_build\\ffmpeg-8.0.1-essentials_build\\bin;C:\\Users\\PC\\AppData\\Local\\Microsoft\\WinGet\\Packages\\Gyan.FFmpeg_Microsoft.Winget.Source_8wekyb3d8bbwe\\ffmpeg-8.0.1-full_build\\bin;C:\\Users\\PC\\AppData\\Roaming\\npm;C:\\Users\\PC\\AppData\\Local\\Programs\\Ollama'
    'SystemRoot' => 'C:\\WINDOWS'
    'COMSPEC' => 'C:\\WINDOWS\\system32\\cmd.exe'
    'PATHEXT' => '.COM;.EXE;.BAT;.CMD;.VBS;.VBE;.JS;.JSE;.WSF;.WSH;.MSC'
    'WINDIR' => 'C:\\WINDOWS'
    'SERVER_SIGNATURE' => '<address>Apache/2.4.17 (Win32) OpenSSL/1.0.2d PHP/5.6.19 Server at localhost Port 8123</address>
'
    'SERVER_SOFTWARE' => 'Apache/2.4.17 (Win32) OpenSSL/1.0.2d PHP/5.6.19'
    'SERVER_NAME' => 'localhost'
    'SERVER_ADDR' => '::1'
    'SERVER_PORT' => '8123'
    'REMOTE_ADDR' => '::1'
    'DOCUMENT_ROOT' => 'C:/xampp/htdocs'
    'REQUEST_SCHEME' => 'http'
    'CONTEXT_PREFIX' => ''
    'CONTEXT_DOCUMENT_ROOT' => 'C:/xampp/htdocs'
    'SERVER_ADMIN' => 'postmaster@localhost'
    'SCRIPT_FILENAME' => 'C:/xampp/htdocs/inlislite3/backend/index.php'
    'REMOTE_PORT' => '2406'
    'REDIRECT_QUERY_STRING' => 'for=coll&rda=0'
    'REDIRECT_URL' => 'http://localhost:8123/inlislite3/backend/pengkatalogan/katalog/create?for=coll&rda=0'
    'GATEWAY_INTERFACE' => 'CGI/1.1'
    'SERVER_PROTOCOL' => 'HTTP/1.1'
    'REQUEST_METHOD' => 'GET'
    'QUERY_STRING' => 'for=coll&rda=0'
    'REQUEST_URI' => '/inlislite3/backend/pengkatalogan/katalog/create?for=coll&rda=0'
    'SCRIPT_NAME' => '/inlislite3/backend/index.php'
    'PHP_SELF' => '/inlislite3/backend/index.php'
    'REQUEST_TIME_FLOAT' => 1779865709.389
    'REQUEST_TIME' => 1779865709
]
2026-05-27 14:08:31 [::1][33][-][error][yii\i18n\PhpMessageSource::loadFallbackMessages] The message file for category 'kvdate' does not exist: C:\xampp\htdocs\inlislite3\vendor\kartik-v\yii2-widget-datepicker/messages/idn/kvdate.php Fallback file does not exist as well: C:\xampp\htdocs\inlislite3\vendor\kartik-v\yii2-widget-datepicker/messages/id/kvdate.php
    in C:\xampp\htdocs\inlislite3\vendor\kartik-v\yii2-widget-datepicker\DatePicker.php:290
    in C:\xampp\htdocs\inlislite3\vendor\kartik-v\yii2-widget-datepicker\DatePicker.php:316
    in C:\xampp\htdocs\inlislite3\vendor\kartik-v\yii2-widget-datepicker\DatePicker.php:266
2026-05-27 14:08:31 [::1][33][-][info][application] $_GET = [
    'for' => 'coll'
    'rda' => '1'
]

$_COOKIE = [
    'PHPSESSID' => 'a1hse6o894r0lqp9k3235aiu73'
    '_csrf' => 'c8749628a6dad2e07d9818a8ab153325ef06e686d5f7eab8d4f5d20e628926d5a:2:{i:0;s:5:\"_csrf\";i:1;s:32:\"2kOgrJVXAhQYkj6bwfwyUmzDqb7xuc7y\";}'
    '_backendInlislite' => 'f8ac89d84ca5b998e42618a64341f5a962218cc676022ecba1374f9a867bf993a:2:{i:0;s:17:\"_backendInlislite\";i:1;s:32:\"rW6_PoDEiZho7I_xeQ2f9KPcAVofCwpF\";}'
    'backendSession' => '5sqdhr1t2krqr29llmlik6hve1'
    '_identity' => 'af3e2a0e951dec577795a0c5ffd91cd682a11d709a13aa959f261807f7b4af33a:2:{i:0;s:9:\"_identity\";i:1;s:17:\"[33,null,2592000]\";}'
    'keanggotaanSession' => 'h83goah1pik1jdt4mqvprsedp2'
    '_OpacInlislite' => '45fc81a75876a632265dec0a6edc924974252b6e6c5af6ec530fb9957fb84484a:2:{i:0;s:14:\"_OpacInlislite\";i:1;s:32:\"1-7ozG-kemS-QF0VGKqeP9sWA6egQ6zw\";}'
]

$_SESSION = [
    '__flash' => []
    '__returnUrl' => '/inlislite3/backend/member/member/index'
    'location' => '1'
    '__id' => 33
    'taglist' => []
    'SessCatalogTabActive' => null
]

$_SERVER = [
    'REDIRECT_MIBDIRS' => 'C:/xampp/php/extras/mibs'
    'REDIRECT_MYSQL_HOME' => '\\xampp\\mysql\\bin'
    'REDIRECT_OPENSSL_CONF' => 'C:/xampp/apache/bin/openssl.cnf'
    'REDIRECT_PHP_PEAR_SYSCONF_DIR' => '\\xampp\\php'
    'REDIRECT_PHPRC' => '\\xampp\\php'
    'REDIRECT_TMP' => '\\xampp\\tmp'
    'REDIRECT_STATUS' => '200'
    'MIBDIRS' => 'C:/xampp/php/extras/mibs'
    'MYSQL_HOME' => '\\xampp\\mysql\\bin'
    'OPENSSL_CONF' => 'C:/xampp/apache/bin/openssl.cnf'
    'PHP_PEAR_SYSCONF_DIR' => '\\xampp\\php'
    'PHPRC' => '\\xampp\\php'
    'TMP' => '\\xampp\\tmp'
    'HTTP_HOST' => 'localhost:8123'
    'HTTP_CONNECTION' => 'keep-alive'
    'HTTP_SEC_CH_UA' => '\"Chromium\";v=\"148\", \"Google Chrome\";v=\"148\", \"Not/A)Brand\";v=\"99\"'
    'HTTP_SEC_CH_UA_MOBILE' => '?0'
    'HTTP_SEC_CH_UA_PLATFORM' => '\"Windows\"'
    'HTTP_UPGRADE_INSECURE_REQUESTS' => '1'
    'HTTP_USER_AGENT' => 'Mozilla/5.0 (Windows NT 10.0; Win64; x64) AppleWebKit/537.36 (KHTML, like Gecko) Chrome/148.0.0.0 Safari/537.36'
    'HTTP_ACCEPT' => 'text/html,application/xhtml+xml,application/xml;q=0.9,image/avif,image/webp,image/apng,*/*;q=0.8,application/signed-exchange;v=b3;q=0.7'
    'HTTP_SEC_FETCH_SITE' => 'same-origin'
    'HTTP_SEC_FETCH_MODE' => 'navigate'
    'HTTP_SEC_FETCH_USER' => '?1'
    'HTTP_SEC_FETCH_DEST' => 'document'
    'HTTP_REFERER' => 'http://localhost:8123/inlislite3/backend/pengkatalogan/katalog/create?for=coll&rda=0'
    'HTTP_ACCEPT_ENCODING' => 'gzip, deflate, br, zstd'
    'HTTP_ACCEPT_LANGUAGE' => 'en-US,en;q=0.9'
    'HTTP_COOKIE' => 'PHPSESSID=a1hse6o894r0lqp9k3235aiu73; _csrf=c8749628a6dad2e07d9818a8ab153325ef06e686d5f7eab8d4f5d20e628926d5a%3A2%3A%7Bi%3A0%3Bs%3A5%3A%22_csrf%22%3Bi%3A1%3Bs%3A32%3A%222kOgrJVXAhQYkj6bwfwyUmzDqb7xuc7y%22%3B%7D; _backendInlislite=f8ac89d84ca5b998e42618a64341f5a962218cc676022ecba1374f9a867bf993a%3A2%3A%7Bi%3A0%3Bs%3A17%3A%22_backendInlislite%22%3Bi%3A1%3Bs%3A32%3A%22rW6_PoDEiZho7I_xeQ2f9KPcAVofCwpF%22%3B%7D; backendSession=5sqdhr1t2krqr29llmlik6hve1; _identity=af3e2a0e951dec577795a0c5ffd91cd682a11d709a13aa959f261807f7b4af33a%3A2%3A%7Bi%3A0%3Bs%3A9%3A%22_identity%22%3Bi%3A1%3Bs%3A17%3A%22%5B33%2Cnull%2C2592000%5D%22%3B%7D; keanggotaanSession=h83goah1pik1jdt4mqvprsedp2; _OpacInlislite=45fc81a75876a632265dec0a6edc924974252b6e6c5af6ec530fb9957fb84484a%3A2%3A%7Bi%3A0%3Bs%3A14%3A%22_OpacInlislite%22%3Bi%3A1%3Bs%3A32%3A%221-7ozG-kemS-QF0VGKqeP9sWA6egQ6zw%22%3B%7D'
    'PATH' => 'C:\\Program Files (x86)\\Common Files\\Intel\\Shared Libraries\\redist\\intel64\\compiler;C:\\Program Files\\Common Files\\Oracle\\Java\\javapath;C:\\WINDOWS\\system32;C:\\WINDOWS;C:\\WINDOWS\\System32\\Wbem;C:\\WINDOWS\\System32\\WindowsPowerShell\\v1.0\\;C:\\WINDOWS\\System32\\OpenSSH\\;C:\\Program Files\\Git\\cmd;C:\\Program Files\\Java\\jdk-23\\bin;;C:\\Program Files\\dotnet\\;C:\\Program Files\\GitHub CLI\\;C:\\Program Files\\nodejs\\;C:\\Users\\PC\\.cargo\\bin;C:\\Users\\PC\\.local\\bin;C:\\Users\\PC\\AppData\\Local\\Programs\\Python\\Python312\\Scripts\\;C:\\Users\\PC\\AppData\\Local\\Programs\\Python\\Python312\\;C:\\Users\\PC\\AppData\\Local\\Microsoft\\WindowsApps;C:\\Users\\PC\\AppData\\Local\\Programs\\Microsoft VS Code\\bin;C:\\Users\\PC\\AppData\\Local\\Microsoft\\WinGet\\Packages\\Schniz.fnm_Microsoft.Winget.Source_8wekyb3d8bbwe;C:\\titan;C:\\Users\\PC\\go\\bin;C:\\Users\\PC\\AppData\\Local\\Android\\Sdk\\platform-tools;C:\\Users\\PC\\AppData\\Local\\Muse Hub\\lib;C:\\Users\\PC\\AppData\\Local\\Programs\\Antigravity\\bin;C:\\Users\\PC\\.dotnet\\tools;C:\\ffmpeg-8.0.1-essentials_build\\ffmpeg-8.0.1-essentials_build\\bin;C:\\Users\\PC\\AppData\\Local\\Microsoft\\WinGet\\Packages\\Gyan.FFmpeg_Microsoft.Winget.Source_8wekyb3d8bbwe\\ffmpeg-8.0.1-full_build\\bin;C:\\Users\\PC\\AppData\\Roaming\\npm;C:\\Users\\PC\\AppData\\Local\\Programs\\Ollama'
    'SystemRoot' => 'C:\\WINDOWS'
    'COMSPEC' => 'C:\\WINDOWS\\system32\\cmd.exe'
    'PATHEXT' => '.COM;.EXE;.BAT;.CMD;.VBS;.VBE;.JS;.JSE;.WSF;.WSH;.MSC'
    'WINDIR' => 'C:\\WINDOWS'
    'SERVER_SIGNATURE' => '<address>Apache/2.4.17 (Win32) OpenSSL/1.0.2d PHP/5.6.19 Server at localhost Port 8123</address>
'
    'SERVER_SOFTWARE' => 'Apache/2.4.17 (Win32) OpenSSL/1.0.2d PHP/5.6.19'
    'SERVER_NAME' => 'localhost'
    'SERVER_ADDR' => '::1'
    'SERVER_PORT' => '8123'
    'REMOTE_ADDR' => '::1'
    'DOCUMENT_ROOT' => 'C:/xampp/htdocs'
    'REQUEST_SCHEME' => 'http'
    'CONTEXT_PREFIX' => ''
    'CONTEXT_DOCUMENT_ROOT' => 'C:/xampp/htdocs'
    'SERVER_ADMIN' => 'postmaster@localhost'
    'SCRIPT_FILENAME' => 'C:/xampp/htdocs/inlislite3/backend/index.php'
    'REMOTE_PORT' => '2406'
    'REDIRECT_QUERY_STRING' => 'for=coll&rda=1'
    'REDIRECT_URL' => 'http://localhost:8123/inlislite3/backend/pengkatalogan/katalog/create?for=coll&rda=1'
    'GATEWAY_INTERFACE' => 'CGI/1.1'
    'SERVER_PROTOCOL' => 'HTTP/1.1'
    'REQUEST_METHOD' => 'GET'
    'QUERY_STRING' => 'for=coll&rda=1'
    'REQUEST_URI' => '/inlislite3/backend/pengkatalogan/katalog/create?for=coll&rda=1'
    'SCRIPT_NAME' => '/inlislite3/backend/index.php'
    'PHP_SELF' => '/inlislite3/backend/index.php'
    'REQUEST_TIME_FLOAT' => 1779865711.549
    'REQUEST_TIME' => 1779865711
]
2026-05-30 01:51:58 [::1][33][sft9k8625t9fcu2sgh7eaq6gf6][error][yii\web\HttpException:404] exception 'yii\base\InvalidRouteException' with message 'Unable to resolve the request "uploaded_files/aplikasi/favicon.png".' in C:\xampp\htdocs\inlislite3\vendor\yiisoft\yii2\base\Module.php:460
Stack trace:
#0 C:\xampp\htdocs\inlislite3\vendor\yiisoft\yii2\web\Application.php(84): yii\base\Module->runAction('uploaded_files/...', Array)
#1 C:\xampp\htdocs\inlislite3\vendor\yiisoft\yii2\base\Application.php(375): yii\web\Application->handleRequest(Object(yii\web\Request))
#2 C:\xampp\htdocs\inlislite3\backend\index.php(18): yii\base\Application->run()
#3 {main}

Next exception 'yii\web\NotFoundHttpException' with message 'Halaman tidak ditemukan.' in C:\xampp\htdocs\inlislite3\vendor\yiisoft\yii2\web\Application.php:96
Stack trace:
#0 C:\xampp\htdocs\inlislite3\vendor\yiisoft\yii2\base\Application.php(375): yii\web\Application->handleRequest(Object(yii\web\Request))
#1 C:\xampp\htdocs\inlislite3\backend\index.php(18): yii\base\Application->run()
#2 {main}
2026-05-30 01:51:58 [::1][33][sft9k8625t9fcu2sgh7eaq6gf6][info][application] $_COOKIE = [
    'PHPSESSID' => 'kif5a9umu24merorrfnkfdbdb7'
    '_csrf' => 'bb3c8e5e094880578fe663731b2a6fc3b262d3b2f7fc25d1c67d0c4571b5cb8fa:2:{i:0;s:5:\"_csrf\";i:1;s:32:\"mLdn2F9kKz9XW8R-fmmZ7vd2LkL0fBLM\";}'
    '_backendInlislite' => '677765919becf9c834b632a780cfa251b250219e7d07df78dc6843fa64123091a:2:{i:0;s:17:\"_backendInlislite\";i:1;s:32:\"b5HMZEqZfjo1Fn5-0FeWMn1YDHwapvMC\";}'
    'backendSession' => 'sft9k8625t9fcu2sgh7eaq6gf6'
    '_identity' => 'af3e2a0e951dec577795a0c5ffd91cd682a11d709a13aa959f261807f7b4af33a:2:{i:0;s:9:\"_identity\";i:1;s:17:\"[33,null,2592000]\";}'
]

$_SESSION = [
    '__flash' => []
    '__returnUrl' => '/inlislite3/backend/'
    'location' => '1'
    '__id' => 33
]

$_SERVER = [
    'REDIRECT_MIBDIRS' => 'C:/xampp/php/extras/mibs'
    'REDIRECT_MYSQL_HOME' => '\\xampp\\mysql\\bin'
    'REDIRECT_OPENSSL_CONF' => 'C:/xampp/apache/bin/openssl.cnf'
    'REDIRECT_PHP_PEAR_SYSCONF_DIR' => '\\xampp\\php'
    'REDIRECT_PHPRC' => '\\xampp\\php'
    'REDIRECT_TMP' => '\\xampp\\tmp'
    'REDIRECT_STATUS' => '200'
    'MIBDIRS' => 'C:/xampp/php/extras/mibs'
    'MYSQL_HOME' => '\\xampp\\mysql\\bin'
    'OPENSSL_CONF' => 'C:/xampp/apache/bin/openssl.cnf'
    'PHP_PEAR_SYSCONF_DIR' => '\\xampp\\php'
    'PHPRC' => '\\xampp\\php'
    'TMP' => '\\xampp\\tmp'
    'HTTP_HOST' => 'localhost:8123'
    'HTTP_CONNECTION' => 'keep-alive'
    'HTTP_SEC_CH_UA_PLATFORM' => '\"Windows\"'
    'HTTP_USER_AGENT' => 'Mozilla/5.0 (Windows NT 10.0; Win64; x64) AppleWebKit/537.36 (KHTML, like Gecko) Chrome/148.0.0.0 Safari/537.36'
    'HTTP_SEC_CH_UA' => '\"Chromium\";v=\"148\", \"Google Chrome\";v=\"148\", \"Not/A)Brand\";v=\"99\"'
    'HTTP_SEC_CH_UA_MOBILE' => '?0'
    'HTTP_ACCEPT' => 'image/avif,image/webp,image/apng,image/svg+xml,image/*,*/*;q=0.8'
    'HTTP_SEC_FETCH_SITE' => 'same-origin'
    'HTTP_SEC_FETCH_MODE' => 'no-cors'
    'HTTP_SEC_FETCH_DEST' => 'image'
    'HTTP_REFERER' => 'http://localhost:8123/inlislite3/backend/'
    'HTTP_ACCEPT_ENCODING' => 'gzip, deflate, br, zstd'
    'HTTP_ACCEPT_LANGUAGE' => 'en-US,en;q=0.9,id;q=0.8'
    'HTTP_COOKIE' => 'PHPSESSID=kif5a9umu24merorrfnkfdbdb7; _csrf=bb3c8e5e094880578fe663731b2a6fc3b262d3b2f7fc25d1c67d0c4571b5cb8fa%3A2%3A%7Bi%3A0%3Bs%3A5%3A%22_csrf%22%3Bi%3A1%3Bs%3A32%3A%22mLdn2F9kKz9XW8R-fmmZ7vd2LkL0fBLM%22%3B%7D; _backendInlislite=677765919becf9c834b632a780cfa251b250219e7d07df78dc6843fa64123091a%3A2%3A%7Bi%3A0%3Bs%3A17%3A%22_backendInlislite%22%3Bi%3A1%3Bs%3A32%3A%22b5HMZEqZfjo1Fn5-0FeWMn1YDHwapvMC%22%3B%7D; backendSession=sft9k8625t9fcu2sgh7eaq6gf6; _identity=af3e2a0e951dec577795a0c5ffd91cd682a11d709a13aa959f261807f7b4af33a%3A2%3A%7Bi%3A0%3Bs%3A9%3A%22_identity%22%3Bi%3A1%3Bs%3A17%3A%22%5B33%2Cnull%2C2592000%5D%22%3B%7D'
    'PATH' => 'C:\\Program Files (x86)\\Common Files\\Intel\\Shared Libraries\\redist\\intel64\\compiler;C:\\Program Files\\Common Files\\Oracle\\Java\\javapath;C:\\WINDOWS\\system32;C:\\WINDOWS;C:\\WINDOWS\\System32\\Wbem;C:\\WINDOWS\\System32\\WindowsPowerShell\\v1.0\\;C:\\WINDOWS\\System32\\OpenSSH\\;C:\\Program Files\\Git\\cmd;C:\\Program Files\\Java\\jdk-23\\bin;;C:\\Program Files\\dotnet\\;C:\\Program Files\\GitHub CLI\\;C:\\Program Files\\nodejs\\;C:\\Users\\PC\\.cargo\\bin;C:\\Users\\PC\\.local\\bin;C:\\Users\\PC\\AppData\\Local\\Programs\\Python\\Python312\\Scripts\\;C:\\Users\\PC\\AppData\\Local\\Programs\\Python\\Python312\\;C:\\Users\\PC\\AppData\\Local\\Microsoft\\WindowsApps;C:\\Users\\PC\\AppData\\Local\\Programs\\Microsoft VS Code\\bin;C:\\Users\\PC\\AppData\\Local\\Microsoft\\WinGet\\Packages\\Schniz.fnm_Microsoft.Winget.Source_8wekyb3d8bbwe;C:\\titan;C:\\Users\\PC\\go\\bin;C:\\Users\\PC\\AppData\\Local\\Android\\Sdk\\platform-tools;C:\\Users\\PC\\AppData\\Local\\Muse Hub\\lib;C:\\Users\\PC\\AppData\\Local\\Programs\\Antigravity\\bin;C:\\Users\\PC\\.dotnet\\tools;C:\\ffmpeg-8.0.1-essentials_build\\ffmpeg-8.0.1-essentials_build\\bin;C:\\Users\\PC\\AppData\\Local\\Microsoft\\WinGet\\Packages\\Gyan.FFmpeg_Microsoft.Winget.Source_8wekyb3d8bbwe\\ffmpeg-8.0.1-full_build\\bin;C:\\Users\\PC\\AppData\\Roaming\\npm;C:\\Users\\PC\\AppData\\Local\\Programs\\Ollama'
    'SystemRoot' => 'C:\\WINDOWS'
    'COMSPEC' => 'C:\\WINDOWS\\system32\\cmd.exe'
    'PATHEXT' => '.COM;.EXE;.BAT;.CMD;.VBS;.VBE;.JS;.JSE;.WSF;.WSH;.MSC'
    'WINDIR' => 'C:\\WINDOWS'
    'SERVER_SIGNATURE' => '<address>Apache/2.4.17 (Win32) OpenSSL/1.0.2d PHP/5.6.19 Server at localhost Port 8123</address>
'
    'SERVER_SOFTWARE' => 'Apache/2.4.17 (Win32) OpenSSL/1.0.2d PHP/5.6.19'
    'SERVER_NAME' => 'localhost'
    'SERVER_ADDR' => '::1'
    'SERVER_PORT' => '8123'
    'REMOTE_ADDR' => '::1'
    'DOCUMENT_ROOT' => 'C:/xampp/htdocs'
    'REQUEST_SCHEME' => 'http'
    'CONTEXT_PREFIX' => ''
    'CONTEXT_DOCUMENT_ROOT' => 'C:/xampp/htdocs'
    'SERVER_ADMIN' => 'postmaster@localhost'
    'SCRIPT_FILENAME' => 'C:/xampp/htdocs/inlislite3/backend/index.php'
    'REMOTE_PORT' => '12925'
    'REDIRECT_URL' => 'http://localhost:8123/inlislite3/backend/uploaded_files/aplikasi/favicon.png'
    'GATEWAY_INTERFACE' => 'CGI/1.1'
    'SERVER_PROTOCOL' => 'HTTP/1.1'
    'REQUEST_METHOD' => 'GET'
    'QUERY_STRING' => ''
    'REQUEST_URI' => '/inlislite3/backend/uploaded_files/aplikasi/favicon.png'
    'SCRIPT_NAME' => '/inlislite3/backend/index.php'
    'PHP_SELF' => '/inlislite3/backend/index.php'
    'REQUEST_TIME_FLOAT' => 1780080718.456
    'REQUEST_TIME' => 1780080718
]
2026-05-30 02:07:14 [::1][33][-][error][yii\i18n\PhpMessageSource::loadFallbackMessages] The message file for category 'kvdate' does not exist: C:\xampp\htdocs\inlislite3\vendor\kartik-v\yii2-widget-datepicker/messages/idn/kvdate.php Fallback file does not exist as well: C:\xampp\htdocs\inlislite3\vendor\kartik-v\yii2-widget-datepicker/messages/id/kvdate.php
    in C:\xampp\htdocs\inlislite3\vendor\kartik-v\yii2-widget-datepicker\DatePicker.php:290
    in C:\xampp\htdocs\inlislite3\vendor\kartik-v\yii2-widget-datepicker\DatePicker.php:316
    in C:\xampp\htdocs\inlislite3\vendor\kartik-v\yii2-widget-datepicker\DatePicker.php:266
2026-05-30 02:07:14 [::1][33][-][info][application] $_GET = [
    'for' => 'coll'
    'rda' => '0'
]

$_COOKIE = [
    'PHPSESSID' => 'kif5a9umu24merorrfnkfdbdb7'
    '_csrf' => 'bb3c8e5e094880578fe663731b2a6fc3b262d3b2f7fc25d1c67d0c4571b5cb8fa:2:{i:0;s:5:\"_csrf\";i:1;s:32:\"mLdn2F9kKz9XW8R-fmmZ7vd2LkL0fBLM\";}'
    '_backendInlislite' => '677765919becf9c834b632a780cfa251b250219e7d07df78dc6843fa64123091a:2:{i:0;s:17:\"_backendInlislite\";i:1;s:32:\"b5HMZEqZfjo1Fn5-0FeWMn1YDHwapvMC\";}'
    'backendSession' => 'sft9k8625t9fcu2sgh7eaq6gf6'
    '_identity' => 'af3e2a0e951dec577795a0c5ffd91cd682a11d709a13aa959f261807f7b4af33a:2:{i:0;s:9:\"_identity\";i:1;s:17:\"[33,null,2592000]\";}'
]

$_SESSION = [
    '__flash' => []
    '__returnUrl' => '/inlislite3/backend/'
    'location' => '1'
    '__id' => 33
    'taglist' => []
    'SessCatalogTabActive' => null
]

$_SERVER = [
    'REDIRECT_MIBDIRS' => 'C:/xampp/php/extras/mibs'
    'REDIRECT_MYSQL_HOME' => '\\xampp\\mysql\\bin'
    'REDIRECT_OPENSSL_CONF' => 'C:/xampp/apache/bin/openssl.cnf'
    'REDIRECT_PHP_PEAR_SYSCONF_DIR' => '\\xampp\\php'
    'REDIRECT_PHPRC' => '\\xampp\\php'
    'REDIRECT_TMP' => '\\xampp\\tmp'
    'REDIRECT_STATUS' => '200'
    'MIBDIRS' => 'C:/xampp/php/extras/mibs'
    'MYSQL_HOME' => '\\xampp\\mysql\\bin'
    'OPENSSL_CONF' => 'C:/xampp/apache/bin/openssl.cnf'
    'PHP_PEAR_SYSCONF_DIR' => '\\xampp\\php'
    'PHPRC' => '\\xampp\\php'
    'TMP' => '\\xampp\\tmp'
    'HTTP_HOST' => 'localhost:8123'
    'HTTP_CONNECTION' => 'keep-alive'
    'HTTP_SEC_CH_UA' => '\"Chromium\";v=\"148\", \"Google Chrome\";v=\"148\", \"Not/A)Brand\";v=\"99\"'
    'HTTP_SEC_CH_UA_MOBILE' => '?0'
    'HTTP_SEC_CH_UA_PLATFORM' => '\"Windows\"'
    'HTTP_UPGRADE_INSECURE_REQUESTS' => '1'
    'HTTP_USER_AGENT' => 'Mozilla/5.0 (Windows NT 10.0; Win64; x64) AppleWebKit/537.36 (KHTML, like Gecko) Chrome/148.0.0.0 Safari/537.36'
    'HTTP_ACCEPT' => 'text/html,application/xhtml+xml,application/xml;q=0.9,image/avif,image/webp,image/apng,*/*;q=0.8,application/signed-exchange;v=b3;q=0.7'
    'HTTP_SEC_FETCH_SITE' => 'same-origin'
    'HTTP_SEC_FETCH_MODE' => 'navigate'
    'HTTP_SEC_FETCH_USER' => '?1'
    'HTTP_SEC_FETCH_DEST' => 'document'
    'HTTP_REFERER' => 'http://localhost:8123/inlislite3/backend/pengkatalogan/katalog/index'
    'HTTP_ACCEPT_ENCODING' => 'gzip, deflate, br, zstd'
    'HTTP_ACCEPT_LANGUAGE' => 'en-US,en;q=0.9,id;q=0.8'
    'HTTP_COOKIE' => 'PHPSESSID=kif5a9umu24merorrfnkfdbdb7; _csrf=bb3c8e5e094880578fe663731b2a6fc3b262d3b2f7fc25d1c67d0c4571b5cb8fa%3A2%3A%7Bi%3A0%3Bs%3A5%3A%22_csrf%22%3Bi%3A1%3Bs%3A32%3A%22mLdn2F9kKz9XW8R-fmmZ7vd2LkL0fBLM%22%3B%7D; _backendInlislite=677765919becf9c834b632a780cfa251b250219e7d07df78dc6843fa64123091a%3A2%3A%7Bi%3A0%3Bs%3A17%3A%22_backendInlislite%22%3Bi%3A1%3Bs%3A32%3A%22b5HMZEqZfjo1Fn5-0FeWMn1YDHwapvMC%22%3B%7D; backendSession=sft9k8625t9fcu2sgh7eaq6gf6; _identity=af3e2a0e951dec577795a0c5ffd91cd682a11d709a13aa959f261807f7b4af33a%3A2%3A%7Bi%3A0%3Bs%3A9%3A%22_identity%22%3Bi%3A1%3Bs%3A17%3A%22%5B33%2Cnull%2C2592000%5D%22%3B%7D'
    'PATH' => 'C:\\Program Files (x86)\\Common Files\\Intel\\Shared Libraries\\redist\\intel64\\compiler;C:\\Program Files\\Common Files\\Oracle\\Java\\javapath;C:\\WINDOWS\\system32;C:\\WINDOWS;C:\\WINDOWS\\System32\\Wbem;C:\\WINDOWS\\System32\\WindowsPowerShell\\v1.0\\;C:\\WINDOWS\\System32\\OpenSSH\\;C:\\Program Files\\Git\\cmd;C:\\Program Files\\Java\\jdk-23\\bin;;C:\\Program Files\\dotnet\\;C:\\Program Files\\GitHub CLI\\;C:\\Program Files\\nodejs\\;C:\\Users\\PC\\.cargo\\bin;C:\\Users\\PC\\.local\\bin;C:\\Users\\PC\\AppData\\Local\\Programs\\Python\\Python312\\Scripts\\;C:\\Users\\PC\\AppData\\Local\\Programs\\Python\\Python312\\;C:\\Users\\PC\\AppData\\Local\\Microsoft\\WindowsApps;C:\\Users\\PC\\AppData\\Local\\Programs\\Microsoft VS Code\\bin;C:\\Users\\PC\\AppData\\Local\\Microsoft\\WinGet\\Packages\\Schniz.fnm_Microsoft.Winget.Source_8wekyb3d8bbwe;C:\\titan;C:\\Users\\PC\\go\\bin;C:\\Users\\PC\\AppData\\Local\\Android\\Sdk\\platform-tools;C:\\Users\\PC\\AppData\\Local\\Muse Hub\\lib;C:\\Users\\PC\\AppData\\Local\\Programs\\Antigravity\\bin;C:\\Users\\PC\\.dotnet\\tools;C:\\ffmpeg-8.0.1-essentials_build\\ffmpeg-8.0.1-essentials_build\\bin;C:\\Users\\PC\\AppData\\Local\\Microsoft\\WinGet\\Packages\\Gyan.FFmpeg_Microsoft.Winget.Source_8wekyb3d8bbwe\\ffmpeg-8.0.1-full_build\\bin;C:\\Users\\PC\\AppData\\Roaming\\npm;C:\\Users\\PC\\AppData\\Local\\Programs\\Ollama'
    'SystemRoot' => 'C:\\WINDOWS'
    'COMSPEC' => 'C:\\WINDOWS\\system32\\cmd.exe'
    'PATHEXT' => '.COM;.EXE;.BAT;.CMD;.VBS;.VBE;.JS;.JSE;.WSF;.WSH;.MSC'
    'WINDIR' => 'C:\\WINDOWS'
    'SERVER_SIGNATURE' => '<address>Apache/2.4.17 (Win32) OpenSSL/1.0.2d PHP/5.6.19 Server at localhost Port 8123</address>
'
    'SERVER_SOFTWARE' => 'Apache/2.4.17 (Win32) OpenSSL/1.0.2d PHP/5.6.19'
    'SERVER_NAME' => 'localhost'
    'SERVER_ADDR' => '::1'
    'SERVER_PORT' => '8123'
    'REMOTE_ADDR' => '::1'
    'DOCUMENT_ROOT' => 'C:/xampp/htdocs'
    'REQUEST_SCHEME' => 'http'
    'CONTEXT_PREFIX' => ''
    'CONTEXT_DOCUMENT_ROOT' => 'C:/xampp/htdocs'
    'SERVER_ADMIN' => 'postmaster@localhost'
    'SCRIPT_FILENAME' => 'C:/xampp/htdocs/inlislite3/backend/index.php'
    'REMOTE_PORT' => '7546'
    'REDIRECT_QUERY_STRING' => 'for=coll&rda=0'
    'REDIRECT_URL' => 'http://localhost:8123/inlislite3/backend/pengkatalogan/katalog/create?for=coll&rda=0'
    'GATEWAY_INTERFACE' => 'CGI/1.1'
    'SERVER_PROTOCOL' => 'HTTP/1.1'
    'REQUEST_METHOD' => 'GET'
    'QUERY_STRING' => 'for=coll&rda=0'
    'REQUEST_URI' => '/inlislite3/backend/pengkatalogan/katalog/create?for=coll&rda=0'
    'SCRIPT_NAME' => '/inlislite3/backend/index.php'
    'PHP_SELF' => '/inlislite3/backend/index.php'
    'REQUEST_TIME_FLOAT' => 1780081634.472
    'REQUEST_TIME' => 1780081634
]
2026-05-30 02:07:49 [::1][33][-][error][yii\i18n\PhpMessageSource::loadFallbackMessages] The message file for category 'kvdate' does not exist: C:\xampp\htdocs\inlislite3\vendor\kartik-v\yii2-widget-datepicker/messages/idn/kvdate.php Fallback file does not exist as well: C:\xampp\htdocs\inlislite3\vendor\kartik-v\yii2-widget-datepicker/messages/id/kvdate.php
    in C:\xampp\htdocs\inlislite3\vendor\kartik-v\yii2-widget-datepicker\DatePicker.php:290
    in C:\xampp\htdocs\inlislite3\vendor\kartik-v\yii2-widget-datepicker\DatePicker.php:316
    in C:\xampp\htdocs\inlislite3\vendor\kartik-v\yii2-widget-datepicker\DatePicker.php:266
2026-05-30 02:07:49 [::1][33][-][info][application] $_GET = [
    'for' => 'coll'
    'rda' => '0'
]

$_COOKIE = [
    'PHPSESSID' => 'kif5a9umu24merorrfnkfdbdb7'
    '_csrf' => 'bb3c8e5e094880578fe663731b2a6fc3b262d3b2f7fc25d1c67d0c4571b5cb8fa:2:{i:0;s:5:\"_csrf\";i:1;s:32:\"mLdn2F9kKz9XW8R-fmmZ7vd2LkL0fBLM\";}'
    '_backendInlislite' => '677765919becf9c834b632a780cfa251b250219e7d07df78dc6843fa64123091a:2:{i:0;s:17:\"_backendInlislite\";i:1;s:32:\"b5HMZEqZfjo1Fn5-0FeWMn1YDHwapvMC\";}'
    'backendSession' => 'sft9k8625t9fcu2sgh7eaq6gf6'
    '_identity' => 'af3e2a0e951dec577795a0c5ffd91cd682a11d709a13aa959f261807f7b4af33a:2:{i:0;s:9:\"_identity\";i:1;s:17:\"[33,null,2592000]\";}'
]

$_SESSION = [
    '__flash' => []
    '__returnUrl' => '/inlislite3/backend/'
    'location' => '1'
    '__id' => 33
    'taglist' => []
    'SessCatalogTabActive' => null
]

$_SERVER = [
    'REDIRECT_MIBDIRS' => 'C:/xampp/php/extras/mibs'
    'REDIRECT_MYSQL_HOME' => '\\xampp\\mysql\\bin'
    'REDIRECT_OPENSSL_CONF' => 'C:/xampp/apache/bin/openssl.cnf'
    'REDIRECT_PHP_PEAR_SYSCONF_DIR' => '\\xampp\\php'
    'REDIRECT_PHPRC' => '\\xampp\\php'
    'REDIRECT_TMP' => '\\xampp\\tmp'
    'REDIRECT_STATUS' => '200'
    'MIBDIRS' => 'C:/xampp/php/extras/mibs'
    'MYSQL_HOME' => '\\xampp\\mysql\\bin'
    'OPENSSL_CONF' => 'C:/xampp/apache/bin/openssl.cnf'
    'PHP_PEAR_SYSCONF_DIR' => '\\xampp\\php'
    'PHPRC' => '\\xampp\\php'
    'TMP' => '\\xampp\\tmp'
    'HTTP_HOST' => 'localhost:8123'
    'HTTP_CONNECTION' => 'keep-alive'
    'HTTP_SEC_CH_UA' => '\"Chromium\";v=\"148\", \"Google Chrome\";v=\"148\", \"Not/A)Brand\";v=\"99\"'
    'HTTP_SEC_CH_UA_MOBILE' => '?0'
    'HTTP_SEC_CH_UA_PLATFORM' => '\"Windows\"'
    'HTTP_UPGRADE_INSECURE_REQUESTS' => '1'
    'HTTP_USER_AGENT' => 'Mozilla/5.0 (Windows NT 10.0; Win64; x64) AppleWebKit/537.36 (KHTML, like Gecko) Chrome/148.0.0.0 Safari/537.36'
    'HTTP_ACCEPT' => 'text/html,application/xhtml+xml,application/xml;q=0.9,image/avif,image/webp,image/apng,*/*;q=0.8,application/signed-exchange;v=b3;q=0.7'
    'HTTP_SEC_FETCH_SITE' => 'same-origin'
    'HTTP_SEC_FETCH_MODE' => 'navigate'
    'HTTP_SEC_FETCH_USER' => '?1'
    'HTTP_SEC_FETCH_DEST' => 'document'
    'HTTP_REFERER' => 'http://localhost:8123/inlislite3/backend/akuisisi/koleksi/index'
    'HTTP_ACCEPT_ENCODING' => 'gzip, deflate, br, zstd'
    'HTTP_ACCEPT_LANGUAGE' => 'en-US,en;q=0.9,id;q=0.8'
    'HTTP_COOKIE' => 'PHPSESSID=kif5a9umu24merorrfnkfdbdb7; _csrf=bb3c8e5e094880578fe663731b2a6fc3b262d3b2f7fc25d1c67d0c4571b5cb8fa%3A2%3A%7Bi%3A0%3Bs%3A5%3A%22_csrf%22%3Bi%3A1%3Bs%3A32%3A%22mLdn2F9kKz9XW8R-fmmZ7vd2LkL0fBLM%22%3B%7D; _backendInlislite=677765919becf9c834b632a780cfa251b250219e7d07df78dc6843fa64123091a%3A2%3A%7Bi%3A0%3Bs%3A17%3A%22_backendInlislite%22%3Bi%3A1%3Bs%3A32%3A%22b5HMZEqZfjo1Fn5-0FeWMn1YDHwapvMC%22%3B%7D; backendSession=sft9k8625t9fcu2sgh7eaq6gf6; _identity=af3e2a0e951dec577795a0c5ffd91cd682a11d709a13aa959f261807f7b4af33a%3A2%3A%7Bi%3A0%3Bs%3A9%3A%22_identity%22%3Bi%3A1%3Bs%3A17%3A%22%5B33%2Cnull%2C2592000%5D%22%3B%7D'
    'PATH' => 'C:\\Program Files (x86)\\Common Files\\Intel\\Shared Libraries\\redist\\intel64\\compiler;C:\\Program Files\\Common Files\\Oracle\\Java\\javapath;C:\\WINDOWS\\system32;C:\\WINDOWS;C:\\WINDOWS\\System32\\Wbem;C:\\WINDOWS\\System32\\WindowsPowerShell\\v1.0\\;C:\\WINDOWS\\System32\\OpenSSH\\;C:\\Program Files\\Git\\cmd;C:\\Program Files\\Java\\jdk-23\\bin;;C:\\Program Files\\dotnet\\;C:\\Program Files\\GitHub CLI\\;C:\\Program Files\\nodejs\\;C:\\Users\\PC\\.cargo\\bin;C:\\Users\\PC\\.local\\bin;C:\\Users\\PC\\AppData\\Local\\Programs\\Python\\Python312\\Scripts\\;C:\\Users\\PC\\AppData\\Local\\Programs\\Python\\Python312\\;C:\\Users\\PC\\AppData\\Local\\Microsoft\\WindowsApps;C:\\Users\\PC\\AppData\\Local\\Programs\\Microsoft VS Code\\bin;C:\\Users\\PC\\AppData\\Local\\Microsoft\\WinGet\\Packages\\Schniz.fnm_Microsoft.Winget.Source_8wekyb3d8bbwe;C:\\titan;C:\\Users\\PC\\go\\bin;C:\\Users\\PC\\AppData\\Local\\Android\\Sdk\\platform-tools;C:\\Users\\PC\\AppData\\Local\\Muse Hub\\lib;C:\\Users\\PC\\AppData\\Local\\Programs\\Antigravity\\bin;C:\\Users\\PC\\.dotnet\\tools;C:\\ffmpeg-8.0.1-essentials_build\\ffmpeg-8.0.1-essentials_build\\bin;C:\\Users\\PC\\AppData\\Local\\Microsoft\\WinGet\\Packages\\Gyan.FFmpeg_Microsoft.Winget.Source_8wekyb3d8bbwe\\ffmpeg-8.0.1-full_build\\bin;C:\\Users\\PC\\AppData\\Roaming\\npm;C:\\Users\\PC\\AppData\\Local\\Programs\\Ollama'
    'SystemRoot' => 'C:\\WINDOWS'
    'COMSPEC' => 'C:\\WINDOWS\\system32\\cmd.exe'
    'PATHEXT' => '.COM;.EXE;.BAT;.CMD;.VBS;.VBE;.JS;.JSE;.WSF;.WSH;.MSC'
    'WINDIR' => 'C:\\WINDOWS'
    'SERVER_SIGNATURE' => '<address>Apache/2.4.17 (Win32) OpenSSL/1.0.2d PHP/5.6.19 Server at localhost Port 8123</address>
'
    'SERVER_SOFTWARE' => 'Apache/2.4.17 (Win32) OpenSSL/1.0.2d PHP/5.6.19'
    'SERVER_NAME' => 'localhost'
    'SERVER_ADDR' => '::1'
    'SERVER_PORT' => '8123'
    'REMOTE_ADDR' => '::1'
    'DOCUMENT_ROOT' => 'C:/xampp/htdocs'
    'REQUEST_SCHEME' => 'http'
    'CONTEXT_PREFIX' => ''
    'CONTEXT_DOCUMENT_ROOT' => 'C:/xampp/htdocs'
    'SERVER_ADMIN' => 'postmaster@localhost'
    'SCRIPT_FILENAME' => 'C:/xampp/htdocs/inlislite3/backend/index.php'
    'REMOTE_PORT' => '4344'
    'REDIRECT_QUERY_STRING' => 'for=coll&rda=0'
    'REDIRECT_URL' => 'http://localhost:8123/inlislite3/backend/pengkatalogan/katalog/create?for=coll&rda=0'
    'GATEWAY_INTERFACE' => 'CGI/1.1'
    'SERVER_PROTOCOL' => 'HTTP/1.1'
    'REQUEST_METHOD' => 'GET'
    'QUERY_STRING' => 'for=coll&rda=0'
    'REQUEST_URI' => '/inlislite3/backend/pengkatalogan/katalog/create?for=coll&rda=0'
    'SCRIPT_NAME' => '/inlislite3/backend/index.php'
    'PHP_SELF' => '/inlislite3/backend/index.php'
    'REQUEST_TIME_FLOAT' => 1780081669.054
    'REQUEST_TIME' => 1780081669
]
2026-05-30 02:08:25 [::1][33][-][error][yii\i18n\PhpMessageSource::loadFallbackMessages] The message file for category 'kvdate' does not exist: C:\xampp\htdocs\inlislite3\vendor\kartik-v\yii2-widget-datepicker/messages/idn/kvdate.php Fallback file does not exist as well: C:\xampp\htdocs\inlislite3\vendor\kartik-v\yii2-widget-datepicker/messages/id/kvdate.php
    in C:\xampp\htdocs\inlislite3\vendor\kartik-v\yii2-widget-datepicker\DatePicker.php:290
    in C:\xampp\htdocs\inlislite3\vendor\kartik-v\yii2-widget-datepicker\DatePicker.php:316
    in C:\xampp\htdocs\inlislite3\vendor\kartik-v\yii2-widget-datepicker\DatePicker.php:266
2026-05-30 02:08:24 [::1][33][-][info][application] $_GET = [
    'for' => 'coll'
    'rda' => '1'
]

$_COOKIE = [
    'PHPSESSID' => 'kif5a9umu24merorrfnkfdbdb7'
    '_csrf' => 'bb3c8e5e094880578fe663731b2a6fc3b262d3b2f7fc25d1c67d0c4571b5cb8fa:2:{i:0;s:5:\"_csrf\";i:1;s:32:\"mLdn2F9kKz9XW8R-fmmZ7vd2LkL0fBLM\";}'
    '_backendInlislite' => '677765919becf9c834b632a780cfa251b250219e7d07df78dc6843fa64123091a:2:{i:0;s:17:\"_backendInlislite\";i:1;s:32:\"b5HMZEqZfjo1Fn5-0FeWMn1YDHwapvMC\";}'
    'backendSession' => 'sft9k8625t9fcu2sgh7eaq6gf6'
    '_identity' => 'af3e2a0e951dec577795a0c5ffd91cd682a11d709a13aa959f261807f7b4af33a:2:{i:0;s:9:\"_identity\";i:1;s:17:\"[33,null,2592000]\";}'
]

$_SESSION = [
    '__flash' => []
    '__returnUrl' => '/inlislite3/backend/'
    'location' => '1'
    '__id' => 33
    'taglist' => []
    'SessCatalogTabActive' => null
]

$_SERVER = [
    'REDIRECT_MIBDIRS' => 'C:/xampp/php/extras/mibs'
    'REDIRECT_MYSQL_HOME' => '\\xampp\\mysql\\bin'
    'REDIRECT_OPENSSL_CONF' => 'C:/xampp/apache/bin/openssl.cnf'
    'REDIRECT_PHP_PEAR_SYSCONF_DIR' => '\\xampp\\php'
    'REDIRECT_PHPRC' => '\\xampp\\php'
    'REDIRECT_TMP' => '\\xampp\\tmp'
    'REDIRECT_STATUS' => '200'
    'MIBDIRS' => 'C:/xampp/php/extras/mibs'
    'MYSQL_HOME' => '\\xampp\\mysql\\bin'
    'OPENSSL_CONF' => 'C:/xampp/apache/bin/openssl.cnf'
    'PHP_PEAR_SYSCONF_DIR' => '\\xampp\\php'
    'PHPRC' => '\\xampp\\php'
    'TMP' => '\\xampp\\tmp'
    'HTTP_HOST' => 'localhost:8123'
    'HTTP_CONNECTION' => 'keep-alive'
    'HTTP_SEC_CH_UA' => '\"Chromium\";v=\"148\", \"Google Chrome\";v=\"148\", \"Not/A)Brand\";v=\"99\"'
    'HTTP_SEC_CH_UA_MOBILE' => '?0'
    'HTTP_SEC_CH_UA_PLATFORM' => '\"Windows\"'
    'HTTP_UPGRADE_INSECURE_REQUESTS' => '1'
    'HTTP_USER_AGENT' => 'Mozilla/5.0 (Windows NT 10.0; Win64; x64) AppleWebKit/537.36 (KHTML, like Gecko) Chrome/148.0.0.0 Safari/537.36'
    'HTTP_ACCEPT' => 'text/html,application/xhtml+xml,application/xml;q=0.9,image/avif,image/webp,image/apng,*/*;q=0.8,application/signed-exchange;v=b3;q=0.7'
    'HTTP_SEC_FETCH_SITE' => 'same-origin'
    'HTTP_SEC_FETCH_MODE' => 'navigate'
    'HTTP_SEC_FETCH_USER' => '?1'
    'HTTP_SEC_FETCH_DEST' => 'document'
    'HTTP_REFERER' => 'http://localhost:8123/inlislite3/backend/pengkatalogan/katalog/create?for=coll&rda=0'
    'HTTP_ACCEPT_ENCODING' => 'gzip, deflate, br, zstd'
    'HTTP_ACCEPT_LANGUAGE' => 'en-US,en;q=0.9,id;q=0.8'
    'HTTP_COOKIE' => 'PHPSESSID=kif5a9umu24merorrfnkfdbdb7; _csrf=bb3c8e5e094880578fe663731b2a6fc3b262d3b2f7fc25d1c67d0c4571b5cb8fa%3A2%3A%7Bi%3A0%3Bs%3A5%3A%22_csrf%22%3Bi%3A1%3Bs%3A32%3A%22mLdn2F9kKz9XW8R-fmmZ7vd2LkL0fBLM%22%3B%7D; _backendInlislite=677765919becf9c834b632a780cfa251b250219e7d07df78dc6843fa64123091a%3A2%3A%7Bi%3A0%3Bs%3A17%3A%22_backendInlislite%22%3Bi%3A1%3Bs%3A32%3A%22b5HMZEqZfjo1Fn5-0FeWMn1YDHwapvMC%22%3B%7D; backendSession=sft9k8625t9fcu2sgh7eaq6gf6; _identity=af3e2a0e951dec577795a0c5ffd91cd682a11d709a13aa959f261807f7b4af33a%3A2%3A%7Bi%3A0%3Bs%3A9%3A%22_identity%22%3Bi%3A1%3Bs%3A17%3A%22%5B33%2Cnull%2C2592000%5D%22%3B%7D'
    'PATH' => 'C:\\Program Files (x86)\\Common Files\\Intel\\Shared Libraries\\redist\\intel64\\compiler;C:\\Program Files\\Common Files\\Oracle\\Java\\javapath;C:\\WINDOWS\\system32;C:\\WINDOWS;C:\\WINDOWS\\System32\\Wbem;C:\\WINDOWS\\System32\\WindowsPowerShell\\v1.0\\;C:\\WINDOWS\\System32\\OpenSSH\\;C:\\Program Files\\Git\\cmd;C:\\Program Files\\Java\\jdk-23\\bin;;C:\\Program Files\\dotnet\\;C:\\Program Files\\GitHub CLI\\;C:\\Program Files\\nodejs\\;C:\\Users\\PC\\.cargo\\bin;C:\\Users\\PC\\.local\\bin;C:\\Users\\PC\\AppData\\Local\\Programs\\Python\\Python312\\Scripts\\;C:\\Users\\PC\\AppData\\Local\\Programs\\Python\\Python312\\;C:\\Users\\PC\\AppData\\Local\\Microsoft\\WindowsApps;C:\\Users\\PC\\AppData\\Local\\Programs\\Microsoft VS Code\\bin;C:\\Users\\PC\\AppData\\Local\\Microsoft\\WinGet\\Packages\\Schniz.fnm_Microsoft.Winget.Source_8wekyb3d8bbwe;C:\\titan;C:\\Users\\PC\\go\\bin;C:\\Users\\PC\\AppData\\Local\\Android\\Sdk\\platform-tools;C:\\Users\\PC\\AppData\\Local\\Muse Hub\\lib;C:\\Users\\PC\\AppData\\Local\\Programs\\Antigravity\\bin;C:\\Users\\PC\\.dotnet\\tools;C:\\ffmpeg-8.0.1-essentials_build\\ffmpeg-8.0.1-essentials_build\\bin;C:\\Users\\PC\\AppData\\Local\\Microsoft\\WinGet\\Packages\\Gyan.FFmpeg_Microsoft.Winget.Source_8wekyb3d8bbwe\\ffmpeg-8.0.1-full_build\\bin;C:\\Users\\PC\\AppData\\Roaming\\npm;C:\\Users\\PC\\AppData\\Local\\Programs\\Ollama'
    'SystemRoot' => 'C:\\WINDOWS'
    'COMSPEC' => 'C:\\WINDOWS\\system32\\cmd.exe'
    'PATHEXT' => '.COM;.EXE;.BAT;.CMD;.VBS;.VBE;.JS;.JSE;.WSF;.WSH;.MSC'
    'WINDIR' => 'C:\\WINDOWS'
    'SERVER_SIGNATURE' => '<address>Apache/2.4.17 (Win32) OpenSSL/1.0.2d PHP/5.6.19 Server at localhost Port 8123</address>
'
    'SERVER_SOFTWARE' => 'Apache/2.4.17 (Win32) OpenSSL/1.0.2d PHP/5.6.19'
    'SERVER_NAME' => 'localhost'
    'SERVER_ADDR' => '::1'
    'SERVER_PORT' => '8123'
    'REMOTE_ADDR' => '::1'
    'DOCUMENT_ROOT' => 'C:/xampp/htdocs'
    'REQUEST_SCHEME' => 'http'
    'CONTEXT_PREFIX' => ''
    'CONTEXT_DOCUMENT_ROOT' => 'C:/xampp/htdocs'
    'SERVER_ADMIN' => 'postmaster@localhost'
    'SCRIPT_FILENAME' => 'C:/xampp/htdocs/inlislite3/backend/index.php'
    'REMOTE_PORT' => '6132'
    'REDIRECT_QUERY_STRING' => 'for=coll&rda=1'
    'REDIRECT_URL' => 'http://localhost:8123/inlislite3/backend/pengkatalogan/katalog/create?for=coll&rda=1'
    'GATEWAY_INTERFACE' => 'CGI/1.1'
    'SERVER_PROTOCOL' => 'HTTP/1.1'
    'REQUEST_METHOD' => 'GET'
    'QUERY_STRING' => 'for=coll&rda=1'
    'REQUEST_URI' => '/inlislite3/backend/pengkatalogan/katalog/create?for=coll&rda=1'
    'SCRIPT_NAME' => '/inlislite3/backend/index.php'
    'PHP_SELF' => '/inlislite3/backend/index.php'
    'REQUEST_TIME_FLOAT' => 1780081704.935
    'REQUEST_TIME' => 1780081704
]
2026-05-30 02:11:58 [::1][33][-][error][yii\i18n\PhpMessageSource::loadFallbackMessages] The message file for category 'kvdate' does not exist: C:\xampp\htdocs\inlislite3\vendor\kartik-v\yii2-widget-datepicker/messages/idn/kvdate.php Fallback file does not exist as well: C:\xampp\htdocs\inlislite3\vendor\kartik-v\yii2-widget-datepicker/messages/id/kvdate.php
    in C:\xampp\htdocs\inlislite3\vendor\kartik-v\yii2-widget-datepicker\DatePicker.php:290
    in C:\xampp\htdocs\inlislite3\vendor\kartik-v\yii2-widget-datepicker\DatePicker.php:316
    in C:\xampp\htdocs\inlislite3\vendor\kartik-v\yii2-widget-datepicker\DatePicker.php:266
2026-05-30 02:11:58 [::1][33][-][info][application] $_GET = [
    'for' => 'coll'
    'rda' => '0'
]

$_COOKIE = [
    'PHPSESSID' => 'kif5a9umu24merorrfnkfdbdb7'
    '_csrf' => 'bb3c8e5e094880578fe663731b2a6fc3b262d3b2f7fc25d1c67d0c4571b5cb8fa:2:{i:0;s:5:\"_csrf\";i:1;s:32:\"mLdn2F9kKz9XW8R-fmmZ7vd2LkL0fBLM\";}'
    '_backendInlislite' => '677765919becf9c834b632a780cfa251b250219e7d07df78dc6843fa64123091a:2:{i:0;s:17:\"_backendInlislite\";i:1;s:32:\"b5HMZEqZfjo1Fn5-0FeWMn1YDHwapvMC\";}'
    'backendSession' => 'sft9k8625t9fcu2sgh7eaq6gf6'
    '_identity' => 'af3e2a0e951dec577795a0c5ffd91cd682a11d709a13aa959f261807f7b4af33a:2:{i:0;s:9:\"_identity\";i:1;s:17:\"[33,null,2592000]\";}'
    'keanggotaanSession' => 'h2csvr3cjq6qli6glmbuhtol03'
    '_OpacInlislite' => 'd358dc5c93469889e42745489cf295dadcae1e655774758175c713373394fc09a:2:{i:0;s:14:\"_OpacInlislite\";i:1;s:32:\"BGuvXC6NXK0-M80q3_JBBAr-96uknP4o\";}'
]

$_SESSION = [
    '__flash' => []
    '__returnUrl' => '/inlislite3/backend/'
    'location' => '1'
    '__id' => 33
    'taglist' => []
    'SessCatalogTabActive' => null
    'SessJilidKoleksiList' => null
]

$_SERVER = [
    'REDIRECT_MIBDIRS' => 'C:/xampp/php/extras/mibs'
    'REDIRECT_MYSQL_HOME' => '\\xampp\\mysql\\bin'
    'REDIRECT_OPENSSL_CONF' => 'C:/xampp/apache/bin/openssl.cnf'
    'REDIRECT_PHP_PEAR_SYSCONF_DIR' => '\\xampp\\php'
    'REDIRECT_PHPRC' => '\\xampp\\php'
    'REDIRECT_TMP' => '\\xampp\\tmp'
    'REDIRECT_STATUS' => '200'
    'MIBDIRS' => 'C:/xampp/php/extras/mibs'
    'MYSQL_HOME' => '\\xampp\\mysql\\bin'
    'OPENSSL_CONF' => 'C:/xampp/apache/bin/openssl.cnf'
    'PHP_PEAR_SYSCONF_DIR' => '\\xampp\\php'
    'PHPRC' => '\\xampp\\php'
    'TMP' => '\\xampp\\tmp'
    'HTTP_HOST' => 'localhost:8123'
    'HTTP_CONNECTION' => 'keep-alive'
    'HTTP_SEC_CH_UA' => '\"Chromium\";v=\"148\", \"Google Chrome\";v=\"148\", \"Not/A)Brand\";v=\"99\"'
    'HTTP_SEC_CH_UA_MOBILE' => '?0'
    'HTTP_SEC_CH_UA_PLATFORM' => '\"Windows\"'
    'HTTP_UPGRADE_INSECURE_REQUESTS' => '1'
    'HTTP_USER_AGENT' => 'Mozilla/5.0 (Windows NT 10.0; Win64; x64) AppleWebKit/537.36 (KHTML, like Gecko) Chrome/148.0.0.0 Safari/537.36'
    'HTTP_ACCEPT' => 'text/html,application/xhtml+xml,application/xml;q=0.9,image/avif,image/webp,image/apng,*/*;q=0.8,application/signed-exchange;v=b3;q=0.7'
    'HTTP_SEC_FETCH_SITE' => 'same-origin'
    'HTTP_SEC_FETCH_MODE' => 'navigate'
    'HTTP_SEC_FETCH_USER' => '?1'
    'HTTP_SEC_FETCH_DEST' => 'document'
    'HTTP_REFERER' => 'http://localhost:8123/inlislite3/backend/setting/akuisisi/rekanan/index'
    'HTTP_ACCEPT_ENCODING' => 'gzip, deflate, br, zstd'
    'HTTP_ACCEPT_LANGUAGE' => 'en-US,en;q=0.9,id;q=0.8'
    'HTTP_COOKIE' => 'PHPSESSID=kif5a9umu24merorrfnkfdbdb7; _csrf=bb3c8e5e094880578fe663731b2a6fc3b262d3b2f7fc25d1c67d0c4571b5cb8fa%3A2%3A%7Bi%3A0%3Bs%3A5%3A%22_csrf%22%3Bi%3A1%3Bs%3A32%3A%22mLdn2F9kKz9XW8R-fmmZ7vd2LkL0fBLM%22%3B%7D; _backendInlislite=677765919becf9c834b632a780cfa251b250219e7d07df78dc6843fa64123091a%3A2%3A%7Bi%3A0%3Bs%3A17%3A%22_backendInlislite%22%3Bi%3A1%3Bs%3A32%3A%22b5HMZEqZfjo1Fn5-0FeWMn1YDHwapvMC%22%3B%7D; backendSession=sft9k8625t9fcu2sgh7eaq6gf6; _identity=af3e2a0e951dec577795a0c5ffd91cd682a11d709a13aa959f261807f7b4af33a%3A2%3A%7Bi%3A0%3Bs%3A9%3A%22_identity%22%3Bi%3A1%3Bs%3A17%3A%22%5B33%2Cnull%2C2592000%5D%22%3B%7D; keanggotaanSession=h2csvr3cjq6qli6glmbuhtol03; _OpacInlislite=d358dc5c93469889e42745489cf295dadcae1e655774758175c713373394fc09a%3A2%3A%7Bi%3A0%3Bs%3A14%3A%22_OpacInlislite%22%3Bi%3A1%3Bs%3A32%3A%22BGuvXC6NXK0-M80q3_JBBAr-96uknP4o%22%3B%7D'
    'PATH' => 'C:\\Program Files (x86)\\Common Files\\Intel\\Shared Libraries\\redist\\intel64\\compiler;C:\\Program Files\\Common Files\\Oracle\\Java\\javapath;C:\\WINDOWS\\system32;C:\\WINDOWS;C:\\WINDOWS\\System32\\Wbem;C:\\WINDOWS\\System32\\WindowsPowerShell\\v1.0\\;C:\\WINDOWS\\System32\\OpenSSH\\;C:\\Program Files\\Git\\cmd;C:\\Program Files\\Java\\jdk-23\\bin;;C:\\Program Files\\dotnet\\;C:\\Program Files\\GitHub CLI\\;C:\\Program Files\\nodejs\\;C:\\Users\\PC\\.cargo\\bin;C:\\Users\\PC\\.local\\bin;C:\\Users\\PC\\AppData\\Local\\Programs\\Python\\Python312\\Scripts\\;C:\\Users\\PC\\AppData\\Local\\Programs\\Python\\Python312\\;C:\\Users\\PC\\AppData\\Local\\Microsoft\\WindowsApps;C:\\Users\\PC\\AppData\\Local\\Programs\\Microsoft VS Code\\bin;C:\\Users\\PC\\AppData\\Local\\Microsoft\\WinGet\\Packages\\Schniz.fnm_Microsoft.Winget.Source_8wekyb3d8bbwe;C:\\titan;C:\\Users\\PC\\go\\bin;C:\\Users\\PC\\AppData\\Local\\Android\\Sdk\\platform-tools;C:\\Users\\PC\\AppData\\Local\\Muse Hub\\lib;C:\\Users\\PC\\AppData\\Local\\Programs\\Antigravity\\bin;C:\\Users\\PC\\.dotnet\\tools;C:\\ffmpeg-8.0.1-essentials_build\\ffmpeg-8.0.1-essentials_build\\bin;C:\\Users\\PC\\AppData\\Local\\Microsoft\\WinGet\\Packages\\Gyan.FFmpeg_Microsoft.Winget.Source_8wekyb3d8bbwe\\ffmpeg-8.0.1-full_build\\bin;C:\\Users\\PC\\AppData\\Roaming\\npm;C:\\Users\\PC\\AppData\\Local\\Programs\\Ollama'
    'SystemRoot' => 'C:\\WINDOWS'
    'COMSPEC' => 'C:\\WINDOWS\\system32\\cmd.exe'
    'PATHEXT' => '.COM;.EXE;.BAT;.CMD;.VBS;.VBE;.JS;.JSE;.WSF;.WSH;.MSC'
    'WINDIR' => 'C:\\WINDOWS'
    'SERVER_SIGNATURE' => '<address>Apache/2.4.17 (Win32) OpenSSL/1.0.2d PHP/5.6.19 Server at localhost Port 8123</address>
'
    'SERVER_SOFTWARE' => 'Apache/2.4.17 (Win32) OpenSSL/1.0.2d PHP/5.6.19'
    'SERVER_NAME' => 'localhost'
    'SERVER_ADDR' => '::1'
    'SERVER_PORT' => '8123'
    'REMOTE_ADDR' => '::1'
    'DOCUMENT_ROOT' => 'C:/xampp/htdocs'
    'REQUEST_SCHEME' => 'http'
    'CONTEXT_PREFIX' => ''
    'CONTEXT_DOCUMENT_ROOT' => 'C:/xampp/htdocs'
    'SERVER_ADMIN' => 'postmaster@localhost'
    'SCRIPT_FILENAME' => 'C:/xampp/htdocs/inlislite3/backend/index.php'
    'REMOTE_PORT' => '5246'
    'REDIRECT_QUERY_STRING' => 'for=coll&rda=0'
    'REDIRECT_URL' => 'http://localhost:8123/inlislite3/backend/pengkatalogan/katalog/create?for=coll&rda=0'
    'GATEWAY_INTERFACE' => 'CGI/1.1'
    'SERVER_PROTOCOL' => 'HTTP/1.1'
    'REQUEST_METHOD' => 'GET'
    'QUERY_STRING' => 'for=coll&rda=0'
    'REQUEST_URI' => '/inlislite3/backend/pengkatalogan/katalog/create?for=coll&rda=0'
    'SCRIPT_NAME' => '/inlislite3/backend/index.php'
    'PHP_SELF' => '/inlislite3/backend/index.php'
    'REQUEST_TIME_FLOAT' => 1780081918.448
    'REQUEST_TIME' => 1780081918
]
2026-05-30 02:12:02 [::1][33][-][error][yii\i18n\PhpMessageSource::loadFallbackMessages] The message file for category 'kvdate' does not exist: C:\xampp\htdocs\inlislite3\vendor\kartik-v\yii2-widget-datepicker/messages/idn/kvdate.php Fallback file does not exist as well: C:\xampp\htdocs\inlislite3\vendor\kartik-v\yii2-widget-datepicker/messages/id/kvdate.php
    in C:\xampp\htdocs\inlislite3\vendor\kartik-v\yii2-widget-datepicker\DatePicker.php:290
    in C:\xampp\htdocs\inlislite3\vendor\kartik-v\yii2-widget-datepicker\DatePicker.php:316
    in C:\xampp\htdocs\inlislite3\vendor\kartik-v\yii2-widget-datepicker\DatePicker.php:266
2026-05-30 02:12:02 [::1][33][-][info][application] $_GET = [
    'for' => 'coll'
    'rda' => '1'
]

$_COOKIE = [
    'PHPSESSID' => 'kif5a9umu24merorrfnkfdbdb7'
    '_csrf' => 'bb3c8e5e094880578fe663731b2a6fc3b262d3b2f7fc25d1c67d0c4571b5cb8fa:2:{i:0;s:5:\"_csrf\";i:1;s:32:\"mLdn2F9kKz9XW8R-fmmZ7vd2LkL0fBLM\";}'
    '_backendInlislite' => '677765919becf9c834b632a780cfa251b250219e7d07df78dc6843fa64123091a:2:{i:0;s:17:\"_backendInlislite\";i:1;s:32:\"b5HMZEqZfjo1Fn5-0FeWMn1YDHwapvMC\";}'
    'backendSession' => 'sft9k8625t9fcu2sgh7eaq6gf6'
    '_identity' => 'af3e2a0e951dec577795a0c5ffd91cd682a11d709a13aa959f261807f7b4af33a:2:{i:0;s:9:\"_identity\";i:1;s:17:\"[33,null,2592000]\";}'
    'keanggotaanSession' => 'h2csvr3cjq6qli6glmbuhtol03'
    '_OpacInlislite' => 'd358dc5c93469889e42745489cf295dadcae1e655774758175c713373394fc09a:2:{i:0;s:14:\"_OpacInlislite\";i:1;s:32:\"BGuvXC6NXK0-M80q3_JBBAr-96uknP4o\";}'
]

$_SESSION = [
    '__flash' => []
    '__returnUrl' => '/inlislite3/backend/'
    'location' => '1'
    '__id' => 33
    'taglist' => []
    'SessCatalogTabActive' => null
    'SessJilidKoleksiList' => null
]

$_SERVER = [
    'REDIRECT_MIBDIRS' => 'C:/xampp/php/extras/mibs'
    'REDIRECT_MYSQL_HOME' => '\\xampp\\mysql\\bin'
    'REDIRECT_OPENSSL_CONF' => 'C:/xampp/apache/bin/openssl.cnf'
    'REDIRECT_PHP_PEAR_SYSCONF_DIR' => '\\xampp\\php'
    'REDIRECT_PHPRC' => '\\xampp\\php'
    'REDIRECT_TMP' => '\\xampp\\tmp'
    'REDIRECT_STATUS' => '200'
    'MIBDIRS' => 'C:/xampp/php/extras/mibs'
    'MYSQL_HOME' => '\\xampp\\mysql\\bin'
    'OPENSSL_CONF' => 'C:/xampp/apache/bin/openssl.cnf'
    'PHP_PEAR_SYSCONF_DIR' => '\\xampp\\php'
    'PHPRC' => '\\xampp\\php'
    'TMP' => '\\xampp\\tmp'
    'HTTP_HOST' => 'localhost:8123'
    'HTTP_CONNECTION' => 'keep-alive'
    'HTTP_SEC_CH_UA' => '\"Chromium\";v=\"148\", \"Google Chrome\";v=\"148\", \"Not/A)Brand\";v=\"99\"'
    'HTTP_SEC_CH_UA_MOBILE' => '?0'
    'HTTP_SEC_CH_UA_PLATFORM' => '\"Windows\"'
    'HTTP_UPGRADE_INSECURE_REQUESTS' => '1'
    'HTTP_USER_AGENT' => 'Mozilla/5.0 (Windows NT 10.0; Win64; x64) AppleWebKit/537.36 (KHTML, like Gecko) Chrome/148.0.0.0 Safari/537.36'
    'HTTP_ACCEPT' => 'text/html,application/xhtml+xml,application/xml;q=0.9,image/avif,image/webp,image/apng,*/*;q=0.8,application/signed-exchange;v=b3;q=0.7'
    'HTTP_SEC_FETCH_SITE' => 'same-origin'
    'HTTP_SEC_FETCH_MODE' => 'navigate'
    'HTTP_SEC_FETCH_USER' => '?1'
    'HTTP_SEC_FETCH_DEST' => 'document'
    'HTTP_REFERER' => 'http://localhost:8123/inlislite3/backend/pengkatalogan/katalog/create?for=coll&rda=0'
    'HTTP_ACCEPT_ENCODING' => 'gzip, deflate, br, zstd'
    'HTTP_ACCEPT_LANGUAGE' => 'en-US,en;q=0.9,id;q=0.8'
    'HTTP_COOKIE' => 'PHPSESSID=kif5a9umu24merorrfnkfdbdb7; _csrf=bb3c8e5e094880578fe663731b2a6fc3b262d3b2f7fc25d1c67d0c4571b5cb8fa%3A2%3A%7Bi%3A0%3Bs%3A5%3A%22_csrf%22%3Bi%3A1%3Bs%3A32%3A%22mLdn2F9kKz9XW8R-fmmZ7vd2LkL0fBLM%22%3B%7D; _backendInlislite=677765919becf9c834b632a780cfa251b250219e7d07df78dc6843fa64123091a%3A2%3A%7Bi%3A0%3Bs%3A17%3A%22_backendInlislite%22%3Bi%3A1%3Bs%3A32%3A%22b5HMZEqZfjo1Fn5-0FeWMn1YDHwapvMC%22%3B%7D; backendSession=sft9k8625t9fcu2sgh7eaq6gf6; _identity=af3e2a0e951dec577795a0c5ffd91cd682a11d709a13aa959f261807f7b4af33a%3A2%3A%7Bi%3A0%3Bs%3A9%3A%22_identity%22%3Bi%3A1%3Bs%3A17%3A%22%5B33%2Cnull%2C2592000%5D%22%3B%7D; keanggotaanSession=h2csvr3cjq6qli6glmbuhtol03; _OpacInlislite=d358dc5c93469889e42745489cf295dadcae1e655774758175c713373394fc09a%3A2%3A%7Bi%3A0%3Bs%3A14%3A%22_OpacInlislite%22%3Bi%3A1%3Bs%3A32%3A%22BGuvXC6NXK0-M80q3_JBBAr-96uknP4o%22%3B%7D'
    'PATH' => 'C:\\Program Files (x86)\\Common Files\\Intel\\Shared Libraries\\redist\\intel64\\compiler;C:\\Program Files\\Common Files\\Oracle\\Java\\javapath;C:\\WINDOWS\\system32;C:\\WINDOWS;C:\\WINDOWS\\System32\\Wbem;C:\\WINDOWS\\System32\\WindowsPowerShell\\v1.0\\;C:\\WINDOWS\\System32\\OpenSSH\\;C:\\Program Files\\Git\\cmd;C:\\Program Files\\Java\\jdk-23\\bin;;C:\\Program Files\\dotnet\\;C:\\Program Files\\GitHub CLI\\;C:\\Program Files\\nodejs\\;C:\\Users\\PC\\.cargo\\bin;C:\\Users\\PC\\.local\\bin;C:\\Users\\PC\\AppData\\Local\\Programs\\Python\\Python312\\Scripts\\;C:\\Users\\PC\\AppData\\Local\\Programs\\Python\\Python312\\;C:\\Users\\PC\\AppData\\Local\\Microsoft\\WindowsApps;C:\\Users\\PC\\AppData\\Local\\Programs\\Microsoft VS Code\\bin;C:\\Users\\PC\\AppData\\Local\\Microsoft\\WinGet\\Packages\\Schniz.fnm_Microsoft.Winget.Source_8wekyb3d8bbwe;C:\\titan;C:\\Users\\PC\\go\\bin;C:\\Users\\PC\\AppData\\Local\\Android\\Sdk\\platform-tools;C:\\Users\\PC\\AppData\\Local\\Muse Hub\\lib;C:\\Users\\PC\\AppData\\Local\\Programs\\Antigravity\\bin;C:\\Users\\PC\\.dotnet\\tools;C:\\ffmpeg-8.0.1-essentials_build\\ffmpeg-8.0.1-essentials_build\\bin;C:\\Users\\PC\\AppData\\Local\\Microsoft\\WinGet\\Packages\\Gyan.FFmpeg_Microsoft.Winget.Source_8wekyb3d8bbwe\\ffmpeg-8.0.1-full_build\\bin;C:\\Users\\PC\\AppData\\Roaming\\npm;C:\\Users\\PC\\AppData\\Local\\Programs\\Ollama'
    'SystemRoot' => 'C:\\WINDOWS'
    'COMSPEC' => 'C:\\WINDOWS\\system32\\cmd.exe'
    'PATHEXT' => '.COM;.EXE;.BAT;.CMD;.VBS;.VBE;.JS;.JSE;.WSF;.WSH;.MSC'
    'WINDIR' => 'C:\\WINDOWS'
    'SERVER_SIGNATURE' => '<address>Apache/2.4.17 (Win32) OpenSSL/1.0.2d PHP/5.6.19 Server at localhost Port 8123</address>
'
    'SERVER_SOFTWARE' => 'Apache/2.4.17 (Win32) OpenSSL/1.0.2d PHP/5.6.19'
    'SERVER_NAME' => 'localhost'
    'SERVER_ADDR' => '::1'
    'SERVER_PORT' => '8123'
    'REMOTE_ADDR' => '::1'
    'DOCUMENT_ROOT' => 'C:/xampp/htdocs'
    'REQUEST_SCHEME' => 'http'
    'CONTEXT_PREFIX' => ''
    'CONTEXT_DOCUMENT_ROOT' => 'C:/xampp/htdocs'
    'SERVER_ADMIN' => 'postmaster@localhost'
    'SCRIPT_FILENAME' => 'C:/xampp/htdocs/inlislite3/backend/index.php'
    'REMOTE_PORT' => '1559'
    'REDIRECT_QUERY_STRING' => 'for=coll&rda=1'
    'REDIRECT_URL' => 'http://localhost:8123/inlislite3/backend/pengkatalogan/katalog/create?for=coll&rda=1'
    'GATEWAY_INTERFACE' => 'CGI/1.1'
    'SERVER_PROTOCOL' => 'HTTP/1.1'
    'REQUEST_METHOD' => 'GET'
    'QUERY_STRING' => 'for=coll&rda=1'
    'REQUEST_URI' => '/inlislite3/backend/pengkatalogan/katalog/create?for=coll&rda=1'
    'SCRIPT_NAME' => '/inlislite3/backend/index.php'
    'PHP_SELF' => '/inlislite3/backend/index.php'
    'REQUEST_TIME_FLOAT' => 1780081922.48
    'REQUEST_TIME' => 1780081922
]
2026-05-30 02:14:05 [::1][33][-][error][yii\i18n\PhpMessageSource::loadFallbackMessages] The message file for category 'kvdate' does not exist: C:\xampp\htdocs\inlislite3\vendor\kartik-v\yii2-widget-datepicker/messages/idn/kvdate.php Fallback file does not exist as well: C:\xampp\htdocs\inlislite3\vendor\kartik-v\yii2-widget-datepicker/messages/id/kvdate.php
    in C:\xampp\htdocs\inlislite3\vendor\kartik-v\yii2-widget-datepicker\DatePicker.php:290
    in C:\xampp\htdocs\inlislite3\vendor\kartik-v\yii2-widget-datepicker\DatePicker.php:316
    in C:\xampp\htdocs\inlislite3\vendor\kartik-v\yii2-widget-datepicker\DatePicker.php:266
2026-05-30 02:14:05 [::1][33][-][info][application] $_GET = [
    'id' => '0'
    'catalogid' => '0'
    'type' => '0'
]

$_COOKIE = [
    'PHPSESSID' => 'kif5a9umu24merorrfnkfdbdb7'
    '_csrf' => 'bb3c8e5e094880578fe663731b2a6fc3b262d3b2f7fc25d1c67d0c4571b5cb8fa:2:{i:0;s:5:\"_csrf\";i:1;s:32:\"mLdn2F9kKz9XW8R-fmmZ7vd2LkL0fBLM\";}'
    '_backendInlislite' => '677765919becf9c834b632a780cfa251b250219e7d07df78dc6843fa64123091a:2:{i:0;s:17:\"_backendInlislite\";i:1;s:32:\"b5HMZEqZfjo1Fn5-0FeWMn1YDHwapvMC\";}'
    'backendSession' => 'sft9k8625t9fcu2sgh7eaq6gf6'
    '_identity' => 'af3e2a0e951dec577795a0c5ffd91cd682a11d709a13aa959f261807f7b4af33a:2:{i:0;s:9:\"_identity\";i:1;s:17:\"[33,null,2592000]\";}'
    'keanggotaanSession' => 'h2csvr3cjq6qli6glmbuhtol03'
    '_OpacInlislite' => 'd358dc5c93469889e42745489cf295dadcae1e655774758175c713373394fc09a:2:{i:0;s:14:\"_OpacInlislite\";i:1;s:32:\"BGuvXC6NXK0-M80q3_JBBAr-96uknP4o\";}'
]

$_SESSION = [
    '__flash' => []
    '__returnUrl' => '/inlislite3/backend/'
    'location' => '1'
    '__id' => 33
    'taglist' => [
        'inputvalue' => [
            '001' => ''
            '005' => ''
            '006' => ''
            '007' => 'ta'
            '008' => ''
            '020' => [
                0 => '$a '
            ]
            '035' => [
                0 => '$a '
            ]
            '040' => '$a '
            '082' => [
                0 => '$a '
            ]
            '084' => [
                0 => '$a '
            ]
            '090' => [
                0 => '$a '
            ]
            100 => '$a '
            245 => '$a '
            250 => '$a '
            260 => [
                0 => '$a '
            ]
            300 => '$a '
            440 => [
                0 => '$a '
            ]
            500 => [
                0 => '$a '
            ]
            650 => [
                0 => '$a '
            ]
            700 => [
                0 => '$a '
            ]
            850 => [
                0 => '$a '
            ]
            990 => [
                0 => '$a '
            ]
            '041' => [
                0 => '$a '
            ]
            '043' => '$a '
            110 => '$a '
            111 => '$a '
            130 => '$a '
            240 => '$a '
            490 => [
                0 => '$a '
            ]
            502 => '$a '
            504 => '$a '
            505 => '$a '
            520 => [
                0 => '$a '
            ]
            521 => [
                0 => '$a '
            ]
            600 => [
                0 => '$a '
            ]
            610 => [
                0 => '$a '
            ]
            611 => [
                0 => '$a '
            ]
            630 => [
                0 => '$a '
            ]
            651 => [
                0 => '$a '
            ]
            710 => [
                0 => '$a '
            ]
            711 => [
                0 => '$a '
            ]
            730 => [
                0 => '$a '
            ]
            800 => [
                0 => '$a '
            ]
            810 => [
                0 => '$a '
            ]
            830 => [
                0 => '$a '
            ]
        ]
        'tagid' => [
            '001' => 1
            '005' => 3
            '006' => 4
            '007' => 28
            '008' => 29
            '020' => 31
            '035' => 32
            '040' => 33
            '082' => 36
            '084' => 37
            '090' => 38
            100 => 39
            245 => 45
            250 => 46
            260 => 51
            300 => 54
            440 => 58
            500 => 60
            650 => 70
            700 => 72
            850 => 79
            990 => 80
            '041' => 34
            '043' => 35
            110 => 40
            111 => 41
            130 => 5
            240 => 42
            490 => 59
            502 => 61
            504 => 62
            505 => 63
            520 => 64
            521 => 65
            600 => 66
            610 => 67
            611 => 68
            630 => 69
            651 => 71
            710 => 73
            711 => 23
            730 => 74
            800 => 76
            810 => 77
            830 => 78
        ]
        'tagname' => [
            '001' => 'Nomor Kendali'
            '005' => 'Tanggal Dan Jam Pemakaian Terakhir'
            '006' => 'Karakteristik Bahan Sertaan - Umum'
            '007' => 'Ruas Tetap Deskripsi Fisik (Keterangan Umum)'
            '008' => 'Unsur Data Yang Panjangnya Tetap'
            '020' => 'ISBN'
            '035' => 'BIB-ID (Nomor kendali dari sistem lain)'
            '040' => 'Sumber Pengkatalogan'
            '082' => 'Nomor Panggil Desimal Dewey (DDC)'
            '084' => 'Nomor Klasifikasi Lainnya'
            '090' => 'Nomor Panggil Lokal'
            100 => 'Entri Utama -- Nama Orang'
            245 => 'Pernyataan Judul'
            250 => 'Pernyataan Edisi'
            260 => 'Penerbitan (Impresum)'
            300 => 'Deskripsi Fisik'
            440 => 'Pernyataan Seri/Entri Tambahan - Judul'
            500 => 'Catatan Umum'
            650 => 'Entri Tambahan Subjek-Topik'
            700 => 'Entri Tambahan-Nama Orang'
            850 => 'Badan yang Memiliki'
            990 => 'Nomor induk'
            '041' => 'Kode Bahasa'
            '043' => 'Kode Wilayah'
            110 => 'Entri Utama Nama Badan Korporasi'
            111 => 'Entri Utama -- Nama Pertemuan'
            130 => 'Entri Utama - Judul Seragam'
            240 => 'Judul Seragam'
            490 => 'Pernyataan Seri'
            502 => 'Catatan Disertasi'
            504 => 'Catatan Bibliografi'
            505 => 'Catatan Isi'
            520 => 'Catatan Ringkasan, Isi, dsb'
            521 => 'Catatan Kelompok Pembaca'
            600 => 'Entri Tambahan Subjek-Nama orang'
            610 => 'Entri Tambahan Subjek-Nama Badan Korporasi'
            611 => 'Entri Tambahan Subjek-Nama Pertemuan'
            630 => 'Entri Tambahan Subjek-Judul Seragam'
            651 => 'Entri Tambahan Subjek-Nama Geografis'
            710 => 'Entri Tambahan-Nama Badan Korporasi'
            711 => 'Entri Tambahan - Nama Pertemuan'
            730 => 'Entri Tambahan-Judul Seragam'
            800 => 'Entri Tambahan Seri-Nama Orang'
            810 => 'Entri Tambahan Seri-Nama Badan Korporasi'
            830 => 'Entri Tambahan Seri-Judul Seragam'
        ]
        'tagmandatory' => [
            '001' => true
            '005' => true
            '006' => true
            '007' => true
            '008' => true
            '020' => false
            '035' => true
            '040' => false
            '082' => false
            '084' => false
            '090' => false
            100 => false
            245 => true
            250 => false
            260 => true
            300 => false
            440 => false
            500 => false
            650 => false
            700 => false
            850 => false
            990 => false
            '041' => false
            '043' => false
            110 => false
            111 => false
            130 => false
            240 => false
            490 => false
            502 => false
            504 => false
            505 => false
            520 => false
            521 => false
            600 => false
            610 => false
            611 => false
            630 => false
            651 => false
            710 => false
            711 => false
            730 => false
            800 => false
            810 => false
            830 => false
        ]
        'taglength' => [
            '001' => 10
            '005' => 16
            '006' => 17
            '007' => 40
            '008' => 40
            '020' => -1
            '035' => -1
            '040' => -1
            '082' => -1
            '084' => -1
            '090' => -1
            100 => -1
            245 => -1
            250 => -1
            260 => -1
            300 => -1
            440 => -1
            500 => -1
            650 => -1
            700 => -1
            850 => -1
            990 => -1
            '041' => -1
            '043' => -1
            110 => -1
            111 => -1
            130 => 0
            240 => -1
            490 => -1
            502 => -1
            504 => -1
            505 => -1
            520 => -1
            521 => -1
            600 => -1
            610 => -1
            611 => -1
            630 => -1
            651 => -1
            710 => -1
            711 => 0
            730 => -1
            800 => -1
            810 => -1
            830 => -1
        ]
        'tagenabled' => [
            '001' => false
            '005' => false
            '006' => false
            '007' => true
            '008' => true
            '020' => true
            '035' => false
            '040' => true
            '082' => true
            '084' => true
            '090' => true
            100 => true
            245 => true
            250 => true
            260 => true
            300 => true
            440 => true
            500 => true
            650 => true
            700 => true
            850 => true
            990 => true
            '041' => true
            '043' => true
            110 => true
            111 => true
            130 => true
            240 => true
            490 => true
            502 => true
            504 => true
            505 => true
            520 => true
            521 => true
            600 => true
            610 => true
            611 => true
            630 => true
            651 => true
            710 => true
            711 => true
            730 => true
            800 => true
            810 => true
            830 => true
        ]
        'tagiscustomable' => [
            '001' => false
            '005' => false
            '006' => true
            '007' => true
            '008' => true
            '020' => false
            '035' => false
            '040' => false
            '082' => false
            '084' => false
            '090' => false
            100 => false
            245 => false
            250 => false
            260 => false
            300 => false
            440 => false
            500 => false
            650 => false
            700 => false
            850 => false
            990 => false
            '041' => false
            '043' => false
            110 => false
            111 => false
            130 => false
            240 => false
            490 => false
            502 => false
            504 => false
            505 => false
            520 => false
            521 => false
            600 => false
            610 => false
            611 => false
            630 => false
            651 => false
            710 => false
            711 => false
            730 => false
            800 => false
            810 => false
            830 => false
        ]
        'tagfixed' => [
            '001' => true
            '005' => true
            '006' => true
            '007' => true
            '008' => true
            '020' => false
            '035' => false
            '040' => false
            '082' => false
            '084' => false
            '090' => false
            100 => false
            245 => false
            250 => false
            260 => false
            300 => false
            440 => false
            500 => false
            650 => false
            700 => false
            850 => false
            990 => false
            '041' => false
            '043' => false
            110 => false
            111 => false
            130 => false
            240 => false
            490 => false
            502 => false
            504 => false
            505 => false
            520 => false
            521 => false
            600 => false
            610 => false
            611 => false
            630 => false
            651 => false
            710 => false
            711 => false
            730 => false
            800 => false
            810 => false
            830 => false
        ]
        'tagrepeatable' => [
            '001' => false
            '005' => false
            '006' => false
            '007' => false
            '008' => false
            '020' => true
            '035' => true
            '040' => false
            '082' => true
            '084' => true
            '090' => true
            100 => false
            245 => false
            250 => false
            260 => true
            300 => false
            440 => true
            500 => true
            650 => true
            700 => true
            850 => true
            990 => true
            '041' => true
            '043' => false
            110 => false
            111 => false
            130 => false
            240 => false
            490 => true
            502 => false
            504 => false
            505 => false
            520 => true
            521 => true
            600 => true
            610 => true
            611 => true
            630 => true
            651 => true
            710 => true
            711 => true
            730 => true
            800 => true
            810 => true
            830 => true
        ]
        'indicator' => [
            '001' => [
                'ind1' => '#'
                'ind2' => '#'
            ]
            '005' => [
                'ind1' => '#'
                'ind2' => '#'
            ]
            '006' => [
                'ind1' => '#'
                'ind2' => '#'
            ]
            '007' => [
                'ind1' => '#'
                'ind2' => '#'
            ]
            '008' => [
                'ind1' => '#'
                'ind2' => '#'
            ]
            '020' => [
                0 => [
                    'ind1' => '#'
                    'ind2' => '#'
                ]
            ]
            '035' => [
                0 => [
                    'ind1' => '#'
                    'ind2' => '#'
                ]
            ]
            '040' => [
                'ind1' => '#'
                'ind2' => '#'
            ]
            '082' => [
                0 => [
                    'ind1' => '#'
                    'ind2' => '#'
                ]
            ]
            '084' => [
                0 => [
                    'ind1' => '#'
                    'ind2' => '#'
                ]
            ]
            '090' => [
                0 => [
                    'ind1' => '#'
                    'ind2' => '#'
                ]
            ]
            100 => [
                'ind1' => '#'
                'ind2' => '#'
            ]
            245 => [
                'ind1' => '#'
                'ind2' => '#'
            ]
            250 => [
                'ind1' => '#'
                'ind2' => '#'
            ]
            260 => [
                0 => [
                    'ind1' => '#'
                    'ind2' => '#'
                ]
            ]
            300 => [
                'ind1' => '#'
                'ind2' => '#'
            ]
            440 => [
                0 => [
                    'ind1' => '#'
                    'ind2' => '#'
                ]
            ]
            500 => [
                0 => [
                    'ind1' => '#'
                    'ind2' => '#'
                ]
            ]
            650 => [
                0 => [
                    'ind1' => '#'
                    'ind2' => '#'
                ]
            ]
            700 => [
                0 => [
                    'ind1' => '#'
                    'ind2' => '#'
                ]
            ]
            850 => [
                0 => [
                    'ind1' => '#'
                    'ind2' => '#'
                ]
            ]
            990 => [
                0 => [
                    'ind1' => '#'
                    'ind2' => '#'
                ]
            ]
            '041' => [
                0 => [
                    'ind1' => '#'
                    'ind2' => '#'
                ]
            ]
            '043' => [
                'ind1' => '#'
                'ind2' => '#'
            ]
            110 => [
                'ind1' => '#'
                'ind2' => '#'
            ]
            111 => [
                'ind1' => '#'
                'ind2' => '#'
            ]
            130 => [
                'ind1' => '#'
                'ind2' => '#'
            ]
            240 => [
                'ind1' => '#'
                'ind2' => '#'
            ]
            490 => [
                0 => [
                    'ind1' => '#'
                    'ind2' => '#'
                ]
            ]
            502 => [
                'ind1' => '#'
                'ind2' => '#'
            ]
            504 => [
                'ind1' => '#'
                'ind2' => '#'
            ]
            505 => [
                'ind1' => '#'
                'ind2' => '#'
            ]
            520 => [
                0 => [
                    'ind1' => '#'
                    'ind2' => '#'
                ]
            ]
            521 => [
                0 => [
                    'ind1' => '#'
                    'ind2' => '#'
                ]
            ]
            600 => [
                0 => [
                    'ind1' => '#'
                    'ind2' => '#'
                ]
            ]
            610 => [
                0 => [
                    'ind1' => '#'
                    'ind2' => '#'
                ]
            ]
            611 => [
                0 => [
                    'ind1' => '#'
                    'ind2' => '#'
                ]
            ]
            630 => [
                0 => [
                    'ind1' => '#'
                    'ind2' => '#'
                ]
            ]
            651 => [
                0 => [
                    'ind1' => '#'
                    'ind2' => '#'
                ]
            ]
            710 => [
                0 => [
                    'ind1' => '#'
                    'ind2' => '#'
                ]
            ]
            711 => [
                0 => [
                    'ind1' => '#'
                    'ind2' => '#'
                ]
            ]
            730 => [
                0 => [
                    'ind1' => '#'
                    'ind2' => '#'
                ]
            ]
            800 => [
                0 => [
                    'ind1' => '#'
                    'ind2' => '#'
                ]
            ]
            810 => [
                0 => [
                    'ind1' => '#'
                    'ind2' => '#'
                ]
            ]
            830 => [
                0 => [
                    'ind1' => '#'
                    'ind2' => '#'
                ]
            ]
        ]
    ]
    'SessCatalogTabActive' => null
    'SessJilidKoleksiList' => null
]

$_SERVER = [
    'REDIRECT_MIBDIRS' => 'C:/xampp/php/extras/mibs'
    'REDIRECT_MYSQL_HOME' => '\\xampp\\mysql\\bin'
    'REDIRECT_OPENSSL_CONF' => 'C:/xampp/apache/bin/openssl.cnf'
    'REDIRECT_PHP_PEAR_SYSCONF_DIR' => '\\xampp\\php'
    'REDIRECT_PHPRC' => '\\xampp\\php'
    'REDIRECT_TMP' => '\\xampp\\tmp'
    'REDIRECT_STATUS' => '200'
    'MIBDIRS' => 'C:/xampp/php/extras/mibs'
    'MYSQL_HOME' => '\\xampp\\mysql\\bin'
    'OPENSSL_CONF' => 'C:/xampp/apache/bin/openssl.cnf'
    'PHP_PEAR_SYSCONF_DIR' => '\\xampp\\php'
    'PHPRC' => '\\xampp\\php'
    'TMP' => '\\xampp\\tmp'
    'HTTP_HOST' => 'localhost:8123'
    'HTTP_CONNECTION' => 'keep-alive'
    'CONTENT_LENGTH' => '0'
    'HTTP_SEC_CH_UA_PLATFORM' => '\"Windows\"'
    'HTTP_X_CSRF_TOKEN' => 'VUEzMHZaVHo3dHt9LB8lIDMrXAEwNGFXZQdWZzs0ZSMRCURRBiwZOQ=='
    'HTTP_X_REQUESTED_WITH' => 'XMLHttpRequest'
    'HTTP_USER_AGENT' => 'Mozilla/5.0 (Windows NT 10.0; Win64; x64) AppleWebKit/537.36 (KHTML, like Gecko) Chrome/148.0.0.0 Safari/537.36'
    'HTTP_ACCEPT' => '*/*'
    'HTTP_SEC_CH_UA' => '\"Chromium\";v=\"148\", \"Google Chrome\";v=\"148\", \"Not/A)Brand\";v=\"99\"'
    'HTTP_SEC_CH_UA_MOBILE' => '?0'
    'HTTP_ORIGIN' => 'http://localhost:8123'
    'HTTP_SEC_FETCH_SITE' => 'same-origin'
    'HTTP_SEC_FETCH_MODE' => 'cors'
    'HTTP_SEC_FETCH_DEST' => 'empty'
    'HTTP_REFERER' => 'http://localhost:8123/inlislite3/backend/pengkatalogan/artikel/index'
    'HTTP_ACCEPT_ENCODING' => 'gzip, deflate, br, zstd'
    'HTTP_ACCEPT_LANGUAGE' => 'en-US,en;q=0.9,id;q=0.8'
    'HTTP_COOKIE' => 'PHPSESSID=kif5a9umu24merorrfnkfdbdb7; _csrf=bb3c8e5e094880578fe663731b2a6fc3b262d3b2f7fc25d1c67d0c4571b5cb8fa%3A2%3A%7Bi%3A0%3Bs%3A5%3A%22_csrf%22%3Bi%3A1%3Bs%3A32%3A%22mLdn2F9kKz9XW8R-fmmZ7vd2LkL0fBLM%22%3B%7D; _backendInlislite=677765919becf9c834b632a780cfa251b250219e7d07df78dc6843fa64123091a%3A2%3A%7Bi%3A0%3Bs%3A17%3A%22_backendInlislite%22%3Bi%3A1%3Bs%3A32%3A%22b5HMZEqZfjo1Fn5-0FeWMn1YDHwapvMC%22%3B%7D; backendSession=sft9k8625t9fcu2sgh7eaq6gf6; _identity=af3e2a0e951dec577795a0c5ffd91cd682a11d709a13aa959f261807f7b4af33a%3A2%3A%7Bi%3A0%3Bs%3A9%3A%22_identity%22%3Bi%3A1%3Bs%3A17%3A%22%5B33%2Cnull%2C2592000%5D%22%3B%7D; keanggotaanSession=h2csvr3cjq6qli6glmbuhtol03; _OpacInlislite=d358dc5c93469889e42745489cf295dadcae1e655774758175c713373394fc09a%3A2%3A%7Bi%3A0%3Bs%3A14%3A%22_OpacInlislite%22%3Bi%3A1%3Bs%3A32%3A%22BGuvXC6NXK0-M80q3_JBBAr-96uknP4o%22%3B%7D'
    'PATH' => 'C:\\Program Files (x86)\\Common Files\\Intel\\Shared Libraries\\redist\\intel64\\compiler;C:\\Program Files\\Common Files\\Oracle\\Java\\javapath;C:\\WINDOWS\\system32;C:\\WINDOWS;C:\\WINDOWS\\System32\\Wbem;C:\\WINDOWS\\System32\\WindowsPowerShell\\v1.0\\;C:\\WINDOWS\\System32\\OpenSSH\\;C:\\Program Files\\Git\\cmd;C:\\Program Files\\Java\\jdk-23\\bin;;C:\\Program Files\\dotnet\\;C:\\Program Files\\GitHub CLI\\;C:\\Program Files\\nodejs\\;C:\\Users\\PC\\.cargo\\bin;C:\\Users\\PC\\.local\\bin;C:\\Users\\PC\\AppData\\Local\\Programs\\Python\\Python312\\Scripts\\;C:\\Users\\PC\\AppData\\Local\\Programs\\Python\\Python312\\;C:\\Users\\PC\\AppData\\Local\\Microsoft\\WindowsApps;C:\\Users\\PC\\AppData\\Local\\Programs\\Microsoft VS Code\\bin;C:\\Users\\PC\\AppData\\Local\\Microsoft\\WinGet\\Packages\\Schniz.fnm_Microsoft.Winget.Source_8wekyb3d8bbwe;C:\\titan;C:\\Users\\PC\\go\\bin;C:\\Users\\PC\\AppData\\Local\\Android\\Sdk\\platform-tools;C:\\Users\\PC\\AppData\\Local\\Muse Hub\\lib;C:\\Users\\PC\\AppData\\Local\\Programs\\Antigravity\\bin;C:\\Users\\PC\\.dotnet\\tools;C:\\ffmpeg-8.0.1-essentials_build\\ffmpeg-8.0.1-essentials_build\\bin;C:\\Users\\PC\\AppData\\Local\\Microsoft\\WinGet\\Packages\\Gyan.FFmpeg_Microsoft.Winget.Source_8wekyb3d8bbwe\\ffmpeg-8.0.1-full_build\\bin;C:\\Users\\PC\\AppData\\Roaming\\npm;C:\\Users\\PC\\AppData\\Local\\Programs\\Ollama'
    'SystemRoot' => 'C:\\WINDOWS'
    'COMSPEC' => 'C:\\WINDOWS\\system32\\cmd.exe'
    'PATHEXT' => '.COM;.EXE;.BAT;.CMD;.VBS;.VBE;.JS;.JSE;.WSF;.WSH;.MSC'
    'WINDIR' => 'C:\\WINDOWS'
    'SERVER_SIGNATURE' => '<address>Apache/2.4.17 (Win32) OpenSSL/1.0.2d PHP/5.6.19 Server at localhost Port 8123</address>
'
    'SERVER_SOFTWARE' => 'Apache/2.4.17 (Win32) OpenSSL/1.0.2d PHP/5.6.19'
    'SERVER_NAME' => 'localhost'
    'SERVER_ADDR' => '::1'
    'SERVER_PORT' => '8123'
    'REMOTE_ADDR' => '::1'
    'DOCUMENT_ROOT' => 'C:/xampp/htdocs'
    'REQUEST_SCHEME' => 'http'
    'CONTEXT_PREFIX' => ''
    'CONTEXT_DOCUMENT_ROOT' => 'C:/xampp/htdocs'
    'SERVER_ADMIN' => 'postmaster@localhost'
    'SCRIPT_FILENAME' => 'C:/xampp/htdocs/inlislite3/backend/index.php'
    'REMOTE_PORT' => '10820'
    'REDIRECT_QUERY_STRING' => 'id=0&catalogid=0&type=0'
    'REDIRECT_URL' => 'http://localhost:8123/inlislite3/backend/pengkatalogan/artikel/bind-catalogs-article?id=0&catalogid=0&type=0'
    'GATEWAY_INTERFACE' => 'CGI/1.1'
    'SERVER_PROTOCOL' => 'HTTP/1.1'
    'REQUEST_METHOD' => 'POST'
    'QUERY_STRING' => 'id=0&catalogid=0&type=0'
    'REQUEST_URI' => '/inlislite3/backend/pengkatalogan/artikel/bind-catalogs-article?id=0&catalogid=0&type=0'
    'SCRIPT_NAME' => '/inlislite3/backend/index.php'
    'PHP_SELF' => '/inlislite3/backend/index.php'
    'REQUEST_TIME_FLOAT' => 1780082044.979
    'REQUEST_TIME' => 1780082044
]
2026-05-30 02:34:50 [::1][33][m8t5216jvphdk645ju9s4jkmc4][error][yii\web\HttpException:404] exception 'yii\base\InvalidRouteException' with message 'Unable to resolve the request "uploaded_files/aplikasi/favicon.png".' in C:\xampp\htdocs\inlislite3\vendor\yiisoft\yii2\base\Module.php:460
Stack trace:
#0 C:\xampp\htdocs\inlislite3\vendor\yiisoft\yii2\web\Application.php(84): yii\base\Module->runAction('uploaded_files/...', Array)
#1 C:\xampp\htdocs\inlislite3\vendor\yiisoft\yii2\base\Application.php(375): yii\web\Application->handleRequest(Object(yii\web\Request))
#2 C:\xampp\htdocs\inlislite3\backend\index.php(18): yii\base\Application->run()
#3 {main}

Next exception 'yii\web\NotFoundHttpException' with message 'Halaman tidak ditemukan.' in C:\xampp\htdocs\inlislite3\vendor\yiisoft\yii2\web\Application.php:96
Stack trace:
#0 C:\xampp\htdocs\inlislite3\vendor\yiisoft\yii2\base\Application.php(375): yii\web\Application->handleRequest(Object(yii\web\Request))
#1 C:\xampp\htdocs\inlislite3\backend\index.php(18): yii\base\Application->run()
#2 {main}
2026-05-30 02:34:50 [::1][33][m8t5216jvphdk645ju9s4jkmc4][info][application] $_COOKIE = [
    '_identity' => 'af3e2a0e951dec577795a0c5ffd91cd682a11d709a13aa959f261807f7b4af33a:2:{i:0;s:9:\"_identity\";i:1;s:17:\"[33,null,2592000]\";}'
    'PHPSESSID' => '23t14fmjj7q76vse8em9u0gc67'
    '_csrf' => '17ae86b8c69167615ba8af345a04cd6c2822a7af601e348fcd26f96771e4bf8ba:2:{i:0;s:5:\"_csrf\";i:1;s:32:\"L7THoNE7dqiLqOQv-h47SvQyj3716Fgr\";}'
    'keanggotaanSession' => 'p6q802ktdhj3aol1vf2ap165a6'
    '_OpacInlislite' => 'a708d9bb42ae346d907efb8905a95ecce6b1a86ad57fa8c93dfa39a5c4da2f81a:2:{i:0;s:14:\"_OpacInlislite\";i:1;s:32:\"HuRkRMGV2uWusa-Ihw6fDZLlVwku_mms\";}'
    '_backendInlislite' => 'dabbd61ae57ff8a865cc7483fb558645eace1b05714c22b91cbd5706f7210f9ea:2:{i:0;s:17:\"_backendInlislite\";i:1;s:32:\"HO8cdai8cBb7sJHGmL2UedwwtQ63bdwc\";}'
    'backendSession' => 'm8t5216jvphdk645ju9s4jkmc4'
]

$_SESSION = [
    '__flash' => []
    '__returnUrl' => '/inlislite3/backend/'
    'location' => '1'
    '__id' => 33
]

$_SERVER = [
    'REDIRECT_MIBDIRS' => 'C:/xampp/php/extras/mibs'
    'REDIRECT_MYSQL_HOME' => '\\xampp\\mysql\\bin'
    'REDIRECT_OPENSSL_CONF' => 'C:/xampp/apache/bin/openssl.cnf'
    'REDIRECT_PHP_PEAR_SYSCONF_DIR' => '\\xampp\\php'
    'REDIRECT_PHPRC' => '\\xampp\\php'
    'REDIRECT_TMP' => '\\xampp\\tmp'
    'REDIRECT_STATUS' => '200'
    'MIBDIRS' => 'C:/xampp/php/extras/mibs'
    'MYSQL_HOME' => '\\xampp\\mysql\\bin'
    'OPENSSL_CONF' => 'C:/xampp/apache/bin/openssl.cnf'
    'PHP_PEAR_SYSCONF_DIR' => '\\xampp\\php'
    'PHPRC' => '\\xampp\\php'
    'TMP' => '\\xampp\\tmp'
    'HTTP_HOST' => 'localhost:8123'
    'HTTP_CONNECTION' => 'keep-alive'
    'HTTP_SEC_CH_UA_PLATFORM' => '\"Windows\"'
    'HTTP_USER_AGENT' => 'Mozilla/5.0 (Windows NT 10.0; Win64; x64) AppleWebKit/537.36 (KHTML, like Gecko) Chrome/148.0.0.0 Safari/537.36'
    'HTTP_SEC_CH_UA' => '\"Chromium\";v=\"148\", \"Google Chrome\";v=\"148\", \"Not/A)Brand\";v=\"99\"'
    'HTTP_SEC_CH_UA_MOBILE' => '?0'
    'HTTP_ACCEPT' => 'image/avif,image/webp,image/apng,image/svg+xml,image/*,*/*;q=0.8'
    'HTTP_SEC_FETCH_SITE' => 'same-origin'
    'HTTP_SEC_FETCH_MODE' => 'no-cors'
    'HTTP_SEC_FETCH_DEST' => 'image'
    'HTTP_REFERER' => 'http://localhost:8123/inlislite3/backend/'
    'HTTP_ACCEPT_ENCODING' => 'gzip, deflate, br, zstd'
    'HTTP_ACCEPT_LANGUAGE' => 'en-US,en;q=0.9,id;q=0.8'
    'HTTP_COOKIE' => '_identity=af3e2a0e951dec577795a0c5ffd91cd682a11d709a13aa959f261807f7b4af33a%3A2%3A%7Bi%3A0%3Bs%3A9%3A%22_identity%22%3Bi%3A1%3Bs%3A17%3A%22%5B33%2Cnull%2C2592000%5D%22%3B%7D; PHPSESSID=23t14fmjj7q76vse8em9u0gc67; _csrf=17ae86b8c69167615ba8af345a04cd6c2822a7af601e348fcd26f96771e4bf8ba%3A2%3A%7Bi%3A0%3Bs%3A5%3A%22_csrf%22%3Bi%3A1%3Bs%3A32%3A%22L7THoNE7dqiLqOQv-h47SvQyj3716Fgr%22%3B%7D; keanggotaanSession=p6q802ktdhj3aol1vf2ap165a6; _OpacInlislite=a708d9bb42ae346d907efb8905a95ecce6b1a86ad57fa8c93dfa39a5c4da2f81a%3A2%3A%7Bi%3A0%3Bs%3A14%3A%22_OpacInlislite%22%3Bi%3A1%3Bs%3A32%3A%22HuRkRMGV2uWusa-Ihw6fDZLlVwku_mms%22%3B%7D; _backendInlislite=dabbd61ae57ff8a865cc7483fb558645eace1b05714c22b91cbd5706f7210f9ea%3A2%3A%7Bi%3A0%3Bs%3A17%3A%22_backendInlislite%22%3Bi%3A1%3Bs%3A32%3A%22HO8cdai8cBb7sJHGmL2UedwwtQ63bdwc%22%3B%7D; backendSession=m8t5216jvphdk645ju9s4jkmc4'
    'PATH' => 'C:\\Program Files (x86)\\Common Files\\Intel\\Shared Libraries\\redist\\intel64\\compiler;C:\\Program Files\\Common Files\\Oracle\\Java\\javapath;C:\\WINDOWS\\system32;C:\\WINDOWS;C:\\WINDOWS\\System32\\Wbem;C:\\WINDOWS\\System32\\WindowsPowerShell\\v1.0\\;C:\\WINDOWS\\System32\\OpenSSH\\;C:\\Program Files\\Git\\cmd;C:\\Program Files\\Java\\jdk-23\\bin;;C:\\Program Files\\dotnet\\;C:\\Program Files\\GitHub CLI\\;C:\\Program Files\\nodejs\\;C:\\Users\\PC\\.cargo\\bin;C:\\Users\\PC\\.local\\bin;C:\\Users\\PC\\AppData\\Local\\Programs\\Python\\Python312\\Scripts\\;C:\\Users\\PC\\AppData\\Local\\Programs\\Python\\Python312\\;C:\\Users\\PC\\AppData\\Local\\Microsoft\\WindowsApps;C:\\Users\\PC\\AppData\\Local\\Programs\\Microsoft VS Code\\bin;C:\\Users\\PC\\AppData\\Local\\Microsoft\\WinGet\\Packages\\Schniz.fnm_Microsoft.Winget.Source_8wekyb3d8bbwe;C:\\titan;C:\\Users\\PC\\go\\bin;C:\\Users\\PC\\AppData\\Local\\Android\\Sdk\\platform-tools;C:\\Users\\PC\\AppData\\Local\\Muse Hub\\lib;C:\\Users\\PC\\AppData\\Local\\Programs\\Antigravity\\bin;C:\\Users\\PC\\.dotnet\\tools;C:\\ffmpeg-8.0.1-essentials_build\\ffmpeg-8.0.1-essentials_build\\bin;C:\\Users\\PC\\AppData\\Local\\Microsoft\\WinGet\\Packages\\Gyan.FFmpeg_Microsoft.Winget.Source_8wekyb3d8bbwe\\ffmpeg-8.0.1-full_build\\bin;C:\\Users\\PC\\AppData\\Roaming\\npm;C:\\Users\\PC\\AppData\\Local\\Programs\\Ollama'
    'SystemRoot' => 'C:\\WINDOWS'
    'COMSPEC' => 'C:\\WINDOWS\\system32\\cmd.exe'
    'PATHEXT' => '.COM;.EXE;.BAT;.CMD;.VBS;.VBE;.JS;.JSE;.WSF;.WSH;.MSC'
    'WINDIR' => 'C:\\WINDOWS'
    'SERVER_SIGNATURE' => '<address>Apache/2.4.17 (Win32) OpenSSL/1.0.2d PHP/5.6.19 Server at localhost Port 8123</address>
'
    'SERVER_SOFTWARE' => 'Apache/2.4.17 (Win32) OpenSSL/1.0.2d PHP/5.6.19'
    'SERVER_NAME' => 'localhost'
    'SERVER_ADDR' => '::1'
    'SERVER_PORT' => '8123'
    'REMOTE_ADDR' => '::1'
    'DOCUMENT_ROOT' => 'C:/xampp/htdocs'
    'REQUEST_SCHEME' => 'http'
    'CONTEXT_PREFIX' => ''
    'CONTEXT_DOCUMENT_ROOT' => 'C:/xampp/htdocs'
    'SERVER_ADMIN' => 'postmaster@localhost'
    'SCRIPT_FILENAME' => 'C:/xampp/htdocs/inlislite3/backend/index.php'
    'REMOTE_PORT' => '2442'
    'REDIRECT_URL' => 'http://localhost:8123/inlislite3/backend/uploaded_files/aplikasi/favicon.png'
    'GATEWAY_INTERFACE' => 'CGI/1.1'
    'SERVER_PROTOCOL' => 'HTTP/1.1'
    'REQUEST_METHOD' => 'GET'
    'QUERY_STRING' => ''
    'REQUEST_URI' => '/inlislite3/backend/uploaded_files/aplikasi/favicon.png'
    'SCRIPT_NAME' => '/inlislite3/backend/index.php'
    'PHP_SELF' => '/inlislite3/backend/index.php'
    'REQUEST_TIME_FLOAT' => 1780083290.394
    'REQUEST_TIME' => 1780083290
]
2026-05-30 02:37:21 [::1][33][-][error][yii\i18n\PhpMessageSource::loadFallbackMessages] The message file for category 'kvdate' does not exist: C:\xampp\htdocs\inlislite3\vendor\kartik-v\yii2-widget-datepicker/messages/idn/kvdate.php Fallback file does not exist as well: C:\xampp\htdocs\inlislite3\vendor\kartik-v\yii2-widget-datepicker/messages/id/kvdate.php
    in C:\xampp\htdocs\inlislite3\vendor\kartik-v\yii2-widget-datepicker\DatePicker.php:290
    in C:\xampp\htdocs\inlislite3\vendor\kartik-v\yii2-widget-datepicker\DatePicker.php:316
    in C:\xampp\htdocs\inlislite3\vendor\kartik-v\yii2-widget-datepicker\DatePicker.php:266
2026-05-30 02:37:21 [::1][33][-][info][application] $_GET = [
    'id' => '0'
    'catalogid' => '1'
    'refer' => 'a0pLMG02eWRjNHBTcWJSUlB2aDMya25CU1BRbzVGRVBiL2JUVkJwa2cxM2hsT0xvaCtBdUovNUk3WUhocm5VUG0zUk9hRmg1TUZlUEJPVEluSFErdnc9PQ=='
]

$_COOKIE = [
    '_identity' => 'af3e2a0e951dec577795a0c5ffd91cd682a11d709a13aa959f261807f7b4af33a:2:{i:0;s:9:\"_identity\";i:1;s:17:\"[33,null,2592000]\";}'
    'PHPSESSID' => '23t14fmjj7q76vse8em9u0gc67'
    '_csrf' => '17ae86b8c69167615ba8af345a04cd6c2822a7af601e348fcd26f96771e4bf8ba:2:{i:0;s:5:\"_csrf\";i:1;s:32:\"L7THoNE7dqiLqOQv-h47SvQyj3716Fgr\";}'
    'keanggotaanSession' => 'p6q802ktdhj3aol1vf2ap165a6'
    '_OpacInlislite' => 'a708d9bb42ae346d907efb8905a95ecce6b1a86ad57fa8c93dfa39a5c4da2f81a:2:{i:0;s:14:\"_OpacInlislite\";i:1;s:32:\"HuRkRMGV2uWusa-Ihw6fDZLlVwku_mms\";}'
    '_backendInlislite' => 'dabbd61ae57ff8a865cc7483fb558645eace1b05714c22b91cbd5706f7210f9ea:2:{i:0;s:17:\"_backendInlislite\";i:1;s:32:\"HO8cdai8cBb7sJHGmL2UedwwtQ63bdwc\";}'
    'backendSession' => 'm8t5216jvphdk645ju9s4jkmc4'
]

$_SESSION = [
    '__flash' => []
    '__returnUrl' => '/inlislite3/backend/'
    'location' => '1'
    '__id' => 33
    'SessCatalogTabActive' => 'katalog'
    'taglist' => [
        'ruasid' => [
            '001' => 35
            '005' => 36
            '035' => [
                0 => 37
            ]
            '007' => 38
            '008' => 39
            '020' => [
                0 => 40
            ]
            '082' => [
                0 => 41
            ]
            '084' => [
                0 => 42
            ]
            100 => 43
            245 => 44
            250 => 45
            300 => 46
            700 => [
                0 => 47
            ]
            264 => [
                0 => 48
            ]
            336 => [
                0 => 49
            ]
            337 => [
                0 => 50
            ]
            338 => [
                0 => 51
            ]
        ]
        'inputvalue' => [
            '001' => 'INLIS000000000000001'
            '005' => '20260530023620'
            '035' => [
                0 => '$a 0010-0526000001'
            ]
            '007' => 'ta'
            '008' => '260530###########################0######'
            '020' => [
                0 => '$a 978-623-307-403-2'
            ]
            '082' => [
                0 => '$a 398.209 598'
            ]
            '084' => [
                0 => '$a 398.209 598 AMA t'
            ]
            100 => '$a Iona Stella Lumban Tobing$e Pengarang'
            245 => '$a Teman Jadi Musuh : $b Teman Jadi Musuh Anak Judul /$c Emma L.M Nababan'
            250 => '$a Cet. 1'
            300 => '$a 21'
            700 => [
                0 => '$a Kennedy Amandu$e Pengarang'
            ]
            264 => [
                0 => '$a Jakarta :$b BADAN PENGEMBANGAN DAN PEMBINAAN BAHASA,$c 2022'
            ]
            336 => [
                0 => '$a Teks$2 rdacontent'
            ]
            337 => [
                0 => '$a Tanpa Perantara$2 rdamedia'
            ]
            338 => [
                0 => '$a Volume$2 rdacarrier'
            ]
            '006' => ''
            '040' => '$a '
            '090' => '$a '
            440 => '$a '
            500 => '$a '
            650 => '$a '
            850 => '$a '
            990 => '$a '
            '041' => '$a '
            '043' => '$a '
            110 => '$a '
            111 => '$a '
            130 => '$a '
            240 => '$a '
            490 => '$a '
            502 => '$a '
            504 => '$a '
            505 => '$a '
            520 => '$a '
            521 => '$a '
            600 => '$a '
            610 => '$a '
            611 => '$a '
            630 => '$a '
            651 => '$a '
            710 => '$a '
            711 => '$a '
            730 => '$a '
            740 => '$a '
            800 => '$a '
            810 => '$a '
            830 => '$a '
        ]
        'tagname' => [
            '001' => 'Nomor Kendali'
            '005' => 'Tanggal Dan Jam Pemakaian Terakhir'
            '035' => 'BIB-ID (Nomor kendali dari sistem lain)'
            '007' => 'Ruas Tetap Deskripsi Fisik (Keterangan Umum)'
            '008' => 'Unsur Data Yang Panjangnya Tetap'
            '020' => 'ISBN'
            '082' => 'Nomor Panggil Desimal Dewey (DDC)'
            '084' => 'Nomor Klasifikasi Lainnya'
            100 => 'Entri Utama -- Nama Orang'
            245 => 'Pernyataan Judul'
            250 => 'Pernyataan Edisi'
            300 => 'Deskripsi Fisik'
            700 => 'Entri Tambahan-Nama Orang'
            264 => 'Penerbitan/Produksi/Hak Cipta'
            336 => 'Jenis Konten'
            337 => 'Media Type'
            338 => 'Carrier Type'
            '006' => 'Karakteristik Bahan Sertaan - Umum'
            '040' => 'Sumber Pengkatalogan'
            '090' => 'Nomor Panggil Lokal'
            440 => 'Pernyataan Seri/Entri Tambahan - Judul'
            500 => 'Catatan Umum'
            650 => 'Entri Tambahan Subjek-Topik'
            850 => 'Badan yang Memiliki'
            990 => 'Nomor induk'
            '041' => 'Kode Bahasa'
            '043' => 'Kode Wilayah'
            110 => 'Entri Utama Nama Badan Korporasi'
            111 => 'Entri Utama -- Nama Pertemuan'
            130 => 'Entri Utama - Judul Seragam'
            240 => 'Judul Seragam'
            490 => 'Pernyataan Seri'
            502 => 'Catatan Disertasi'
            504 => 'Catatan Bibliografi'
            505 => 'Catatan Isi'
            520 => 'Catatan Ringkasan, Isi, dsb'
            521 => 'Catatan Kelompok Pembaca'
            600 => 'Entri Tambahan Subjek-Nama orang'
            610 => 'Entri Tambahan Subjek-Nama Badan Korporasi'
            611 => 'Entri Tambahan Subjek-Nama Pertemuan'
            630 => 'Entri Tambahan Subjek-Judul Seragam'
            651 => 'Entri Tambahan Subjek-Nama Geografis'
            710 => 'Entri Tambahan-Nama Badan Korporasi'
            711 => 'Entri Tambahan - Nama Pertemuan'
            730 => 'Entri Tambahan-Judul Seragam'
            740 => 'Entri tambahan-Judul lain'
            800 => 'Entri Tambahan Seri-Nama Orang'
            810 => 'Entri Tambahan Seri-Nama Badan Korporasi'
            830 => 'Entri Tambahan Seri-Judul Seragam'
        ]
        'indicator' => [
            '001' => [
                'ind1' => null
                'ind2' => null
            ]
            '005' => [
                'ind1' => null
                'ind2' => null
            ]
            '035' => [
                0 => [
                    'ind1' => '#'
                    'ind2' => '#'
                ]
            ]
            '007' => [
                'ind1' => null
                'ind2' => null
            ]
            '008' => [
                'ind1' => null
                'ind2' => null
            ]
            '020' => [
                0 => [
                    'ind1' => '#'
                    'ind2' => '#'
                ]
            ]
            '082' => [
                0 => [
                    'ind1' => '#'
                    'ind2' => '#'
                ]
            ]
            '084' => [
                0 => [
                    'ind1' => '#'
                    'ind2' => '#'
                ]
            ]
            100 => [
                'ind1' => '0'
                'ind2' => '#'
            ]
            245 => [
                'ind1' => '1'
                'ind2' => '#'
            ]
            250 => [
                'ind1' => '#'
                'ind2' => '#'
            ]
            300 => [
                'ind1' => '#'
                'ind2' => '#'
            ]
            700 => [
                0 => [
                    'ind1' => '0'
                    'ind2' => '#'
                ]
            ]
            264 => [
                0 => [
                    'ind1' => '#'
                    'ind2' => '#'
                ]
            ]
            336 => [
                0 => [
                    'ind1' => '#'
                    'ind2' => '#'
                ]
            ]
            337 => [
                0 => [
                    'ind1' => '#'
                    'ind2' => '#'
                ]
            ]
            338 => [
                0 => [
                    'ind1' => '#'
                    'ind2' => '#'
                ]
            ]
            '006' => [
                'ind1' => '#'
                'ind2' => '#'
            ]
            '040' => [
                'ind1' => '#'
                'ind2' => '#'
            ]
            '090' => [
                0 => [
                    'ind1' => '#'
                    'ind2' => '#'
                ]
            ]
            440 => [
                0 => [
                    'ind1' => '#'
                    'ind2' => '#'
                ]
            ]
            500 => [
                0 => [
                    'ind1' => '#'
                    'ind2' => '#'
                ]
            ]
            650 => [
                0 => [
                    'ind1' => '#'
                    'ind2' => '#'
                ]
            ]
            850 => [
                0 => [
                    'ind1' => '#'
                    'ind2' => '#'
                ]
            ]
            990 => [
                0 => [
                    'ind1' => '#'
                    'ind2' => '#'
                ]
            ]
            '041' => [
                0 => [
                    'ind1' => '#'
                    'ind2' => '#'
                ]
            ]
            '043' => [
                'ind1' => '#'
                'ind2' => '#'
            ]
            110 => [
                'ind1' => '#'
                'ind2' => '#'
            ]
            111 => [
                'ind1' => '#'
                'ind2' => '#'
            ]
            130 => [
                'ind1' => '#'
                'ind2' => '#'
            ]
            240 => [
                'ind1' => '#'
                'ind2' => '#'
            ]
            490 => [
                0 => [
                    'ind1' => '#'
                    'ind2' => '#'
                ]
            ]
            502 => [
                'ind1' => '#'
                'ind2' => '#'
            ]
            504 => [
                'ind1' => '#'
                'ind2' => '#'
            ]
            505 => [
                'ind1' => '#'
                'ind2' => '#'
            ]
            520 => [
                0 => [
                    'ind1' => '#'
                    'ind2' => '#'
                ]
            ]
            521 => [
                0 => [
                    'ind1' => '#'
                    'ind2' => '#'
                ]
            ]
            600 => [
                0 => [
                    'ind1' => '#'
                    'ind2' => '#'
                ]
            ]
            610 => [
                0 => [
                    'ind1' => '#'
                    'ind2' => '#'
                ]
            ]
            611 => [
                0 => [
                    'ind1' => '#'
                    'ind2' => '#'
                ]
            ]
            630 => [
                0 => [
                    'ind1' => '#'
                    'ind2' => '#'
                ]
            ]
            651 => [
                0 => [
                    'ind1' => '#'
                    'ind2' => '#'
                ]
            ]
            710 => [
                0 => [
                    'ind1' => '#'
                    'ind2' => '#'
                ]
            ]
            711 => [
                0 => [
                    'ind1' => '#'
                    'ind2' => '#'
                ]
            ]
            730 => [
                0 => [
                    'ind1' => '#'
                    'ind2' => '#'
                ]
            ]
            740 => [
                0 => [
                    'ind1' => '#'
                    'ind2' => '#'
                ]
            ]
            800 => [
                0 => [
                    'ind1' => '#'
                    'ind2' => '#'
                ]
            ]
            810 => [
                0 => [
                    'ind1' => '#'
                    'ind2' => '#'
                ]
            ]
            830 => [
                0 => [
                    'ind1' => '#'
                    'ind2' => '#'
                ]
            ]
        ]
        'tagid' => [
            '001' => 1
            '005' => 3
            '006' => 4
            '007' => 28
            '008' => 29
            '020' => 31
            '035' => 32
            '040' => 33
            '082' => 36
            '084' => 37
            '090' => 38
            100 => 39
            245 => 45
            250 => 46
            300 => 54
            440 => 58
            500 => 60
            650 => 70
            700 => 72
            850 => 79
            990 => 80
            '041' => 34
            '043' => 35
            110 => 40
            111 => 41
            130 => 5
            240 => 42
            490 => 59
            502 => 61
            504 => 62
            505 => 63
            520 => 64
            521 => 65
            600 => 66
            610 => 67
            611 => 68
            630 => 69
            651 => 71
            710 => 73
            711 => 23
            730 => 74
            740 => 75
            800 => 76
            810 => 77
            830 => 78
            264 => 139
            336 => 140
            337 => 141
            338 => 142
        ]
        'tagmandatory' => [
            '001' => true
            '005' => true
            '006' => true
            '007' => true
            '008' => true
            '020' => false
            '035' => true
            '040' => false
            '082' => false
            '084' => false
            '090' => false
            100 => false
            245 => true
            250 => false
            300 => false
            440 => false
            500 => false
            650 => false
            700 => false
            850 => false
            990 => false
            '041' => false
            '043' => false
            110 => false
            111 => false
            130 => false
            240 => false
            490 => false
            502 => false
            504 => false
            505 => false
            520 => false
            521 => false
            600 => false
            610 => false
            611 => false
            630 => false
            651 => false
            710 => false
            711 => false
            730 => false
            740 => false
            800 => false
            810 => false
            830 => false
            264 => true
            336 => true
            337 => true
            338 => true
        ]
        'taglength' => [
            '001' => 10
            '005' => 16
            '006' => 17
            '007' => 40
            '008' => 40
            '020' => -1
            '035' => -1
            '040' => -1
            '082' => -1
            '084' => -1
            '090' => -1
            100 => -1
            245 => -1
            250 => -1
            300 => -1
            440 => -1
            500 => -1
            650 => -1
            700 => -1
            850 => -1
            990 => -1
            '041' => -1
            '043' => -1
            110 => -1
            111 => -1
            130 => 0
            240 => -1
            490 => -1
            502 => -1
            504 => -1
            505 => -1
            520 => -1
            521 => -1
            600 => -1
            610 => -1
            611 => -1
            630 => -1
            651 => -1
            710 => -1
            711 => 0
            730 => -1
            740 => -1
            800 => -1
            810 => -1
            830 => -1
            264 => -1
            336 => -1
            337 => -1
            338 => 0
        ]
        'tagenabled' => [
            '001' => false
            '005' => false
            '006' => false
            '007' => true
            '008' => true
            '020' => true
            '035' => false
            '040' => true
            '082' => true
            '084' => true
            '090' => true
            100 => true
            245 => true
            250 => true
            300 => true
            440 => true
            500 => true
            650 => true
            700 => true
            850 => true
            990 => true
            '041' => true
            '043' => true
            110 => true
            111 => true
            130 => true
            240 => true
            490 => true
            502 => true
            504 => true
            505 => true
            520 => true
            521 => true
            600 => true
            610 => true
            611 => true
            630 => true
            651 => true
            710 => true
            711 => true
            730 => true
            740 => true
            800 => true
            810 => true
            830 => true
            264 => true
            336 => true
            337 => true
            338 => true
        ]
        'tagiscustomable' => [
            '001' => false
            '005' => false
            '006' => true
            '007' => true
            '008' => true
            '020' => false
            '035' => false
            '040' => false
            '082' => false
            '084' => false
            '090' => false
            100 => false
            245 => false
            250 => false
            300 => false
            440 => false
            500 => false
            650 => false
            700 => false
            850 => false
            990 => false
            '041' => false
            '043' => false
            110 => false
            111 => false
            130 => false
            240 => false
            490 => false
            502 => false
            504 => false
            505 => false
            520 => false
            521 => false
            600 => false
            610 => false
            611 => false
            630 => false
            651 => false
            710 => false
            711 => false
            730 => false
            740 => false
            800 => false
            810 => false
            830 => false
            264 => false
            336 => false
            337 => false
            338 => false
        ]
        'tagfixed' => [
            '001' => true
            '005' => true
            '006' => true
            '007' => true
            '008' => true
            '020' => false
            '035' => false
            '040' => false
            '082' => false
            '084' => false
            '090' => false
            100 => false
            245 => false
            250 => false
            300 => false
            440 => false
            500 => false
            650 => false
            700 => false
            850 => false
            990 => false
            '041' => false
            '043' => false
            110 => false
            111 => false
            130 => false
            240 => false
            490 => false
            502 => false
            504 => false
            505 => false
            520 => false
            521 => false
            600 => false
            610 => false
            611 => false
            630 => false
            651 => false
            710 => false
            711 => false
            730 => false
            740 => false
            800 => false
            810 => false
            830 => false
            264 => false
            336 => false
            337 => false
            338 => false
        ]
        'tagrepeatable' => [
            '001' => false
            '005' => false
            '006' => false
            '007' => false
            '008' => false
            '020' => true
            '035' => true
            '040' => false
            '082' => true
            '084' => true
            '090' => true
            100 => false
            245 => false
            250 => false
            300 => false
            440 => true
            500 => true
            650 => true
            700 => true
            850 => true
            990 => true
            '041' => true
            '043' => false
            110 => false
            111 => false
            130 => false
            240 => false
            490 => true
            502 => false
            504 => false
            505 => false
            520 => true
            521 => true
            600 => true
            610 => true
            611 => true
            630 => true
            651 => true
            710 => true
            711 => true
            730 => true
            740 => true
            800 => true
            810 => true
            830 => true
            264 => true
            336 => true
            337 => true
            338 => true
        ]
    ]
]

$_SERVER = [
    'REDIRECT_MIBDIRS' => 'C:/xampp/php/extras/mibs'
    'REDIRECT_MYSQL_HOME' => '\\xampp\\mysql\\bin'
    'REDIRECT_OPENSSL_CONF' => 'C:/xampp/apache/bin/openssl.cnf'
    'REDIRECT_PHP_PEAR_SYSCONF_DIR' => '\\xampp\\php'
    'REDIRECT_PHPRC' => '\\xampp\\php'
    'REDIRECT_TMP' => '\\xampp\\tmp'
    'REDIRECT_STATUS' => '200'
    'MIBDIRS' => 'C:/xampp/php/extras/mibs'
    'MYSQL_HOME' => '\\xampp\\mysql\\bin'
    'OPENSSL_CONF' => 'C:/xampp/apache/bin/openssl.cnf'
    'PHP_PEAR_SYSCONF_DIR' => '\\xampp\\php'
    'PHPRC' => '\\xampp\\php'
    'TMP' => '\\xampp\\tmp'
    'HTTP_HOST' => 'localhost:8123'
    'HTTP_CONNECTION' => 'keep-alive'
    'CONTENT_LENGTH' => '0'
    'HTTP_SEC_CH_UA_PLATFORM' => '\"Windows\"'
    'HTTP_X_CSRF_TOKEN' => 'LkRZTWRpQi1mC2EuAAgrFU0GO3oXIwpqQwhrGAENNVpaFW9.Bg01Tg=='
    'HTTP_X_REQUESTED_WITH' => 'XMLHttpRequest'
    'HTTP_USER_AGENT' => 'Mozilla/5.0 (Windows NT 10.0; Win64; x64) AppleWebKit/537.36 (KHTML, like Gecko) Chrome/148.0.0.0 Safari/537.36'
    'HTTP_ACCEPT' => '*/*'
    'HTTP_SEC_CH_UA' => '\"Chromium\";v=\"148\", \"Google Chrome\";v=\"148\", \"Not/A)Brand\";v=\"99\"'
    'HTTP_SEC_CH_UA_MOBILE' => '?0'
    'HTTP_ORIGIN' => 'http://localhost:8123'
    'HTTP_SEC_FETCH_SITE' => 'same-origin'
    'HTTP_SEC_FETCH_MODE' => 'cors'
    'HTTP_SEC_FETCH_DEST' => 'empty'
    'HTTP_REFERER' => 'http://localhost:8123/inlislite3/backend/pengkatalogan/katalog/update?for=cat&rda=1&id=1&edit=t&refer=a0pLMG02eWRjNHBTcWJSUlB2aDMya25CU1BRbzVGRVBiL2JUVkJwa2cxM2hsT0xvaCtBdUovNUk3WUhocm5VUG0zUk9hRmg1TUZlUEJPVEluSFErdnc9PQ=='
    'HTTP_ACCEPT_ENCODING' => 'gzip, deflate, br, zstd'
    'HTTP_ACCEPT_LANGUAGE' => 'en-US,en;q=0.9,id;q=0.8'
    'HTTP_COOKIE' => '_identity=af3e2a0e951dec577795a0c5ffd91cd682a11d709a13aa959f261807f7b4af33a%3A2%3A%7Bi%3A0%3Bs%3A9%3A%22_identity%22%3Bi%3A1%3Bs%3A17%3A%22%5B33%2Cnull%2C2592000%5D%22%3B%7D; PHPSESSID=23t14fmjj7q76vse8em9u0gc67; _csrf=17ae86b8c69167615ba8af345a04cd6c2822a7af601e348fcd26f96771e4bf8ba%3A2%3A%7Bi%3A0%3Bs%3A5%3A%22_csrf%22%3Bi%3A1%3Bs%3A32%3A%22L7THoNE7dqiLqOQv-h47SvQyj3716Fgr%22%3B%7D; keanggotaanSession=p6q802ktdhj3aol1vf2ap165a6; _OpacInlislite=a708d9bb42ae346d907efb8905a95ecce6b1a86ad57fa8c93dfa39a5c4da2f81a%3A2%3A%7Bi%3A0%3Bs%3A14%3A%22_OpacInlislite%22%3Bi%3A1%3Bs%3A32%3A%22HuRkRMGV2uWusa-Ihw6fDZLlVwku_mms%22%3B%7D; _backendInlislite=dabbd61ae57ff8a865cc7483fb558645eace1b05714c22b91cbd5706f7210f9ea%3A2%3A%7Bi%3A0%3Bs%3A17%3A%22_backendInlislite%22%3Bi%3A1%3Bs%3A32%3A%22HO8cdai8cBb7sJHGmL2UedwwtQ63bdwc%22%3B%7D; backendSession=m8t5216jvphdk645ju9s4jkmc4'
    'PATH' => 'C:\\Program Files (x86)\\Common Files\\Intel\\Shared Libraries\\redist\\intel64\\compiler;C:\\Program Files\\Common Files\\Oracle\\Java\\javapath;C:\\WINDOWS\\system32;C:\\WINDOWS;C:\\WINDOWS\\System32\\Wbem;C:\\WINDOWS\\System32\\WindowsPowerShell\\v1.0\\;C:\\WINDOWS\\System32\\OpenSSH\\;C:\\Program Files\\Git\\cmd;C:\\Program Files\\Java\\jdk-23\\bin;;C:\\Program Files\\dotnet\\;C:\\Program Files\\GitHub CLI\\;C:\\Program Files\\nodejs\\;C:\\Users\\PC\\.cargo\\bin;C:\\Users\\PC\\.local\\bin;C:\\Users\\PC\\AppData\\Local\\Programs\\Python\\Python312\\Scripts\\;C:\\Users\\PC\\AppData\\Local\\Programs\\Python\\Python312\\;C:\\Users\\PC\\AppData\\Local\\Microsoft\\WindowsApps;C:\\Users\\PC\\AppData\\Local\\Programs\\Microsoft VS Code\\bin;C:\\Users\\PC\\AppData\\Local\\Microsoft\\WinGet\\Packages\\Schniz.fnm_Microsoft.Winget.Source_8wekyb3d8bbwe;C:\\titan;C:\\Users\\PC\\go\\bin;C:\\Users\\PC\\AppData\\Local\\Android\\Sdk\\platform-tools;C:\\Users\\PC\\AppData\\Local\\Muse Hub\\lib;C:\\Users\\PC\\AppData\\Local\\Programs\\Antigravity\\bin;C:\\Users\\PC\\.dotnet\\tools;C:\\ffmpeg-8.0.1-essentials_build\\ffmpeg-8.0.1-essentials_build\\bin;C:\\Users\\PC\\AppData\\Local\\Microsoft\\WinGet\\Packages\\Gyan.FFmpeg_Microsoft.Winget.Source_8wekyb3d8bbwe\\ffmpeg-8.0.1-full_build\\bin;C:\\Users\\PC\\AppData\\Roaming\\npm;C:\\Users\\PC\\AppData\\Local\\Programs\\Ollama'
    'SystemRoot' => 'C:\\WINDOWS'
    'COMSPEC' => 'C:\\WINDOWS\\system32\\cmd.exe'
    'PATHEXT' => '.COM;.EXE;.BAT;.CMD;.VBS;.VBE;.JS;.JSE;.WSF;.WSH;.MSC'
    'WINDIR' => 'C:\\WINDOWS'
    'SERVER_SIGNATURE' => '<address>Apache/2.4.17 (Win32) OpenSSL/1.0.2d PHP/5.6.19 Server at localhost Port 8123</address>
'
    'SERVER_SOFTWARE' => 'Apache/2.4.17 (Win32) OpenSSL/1.0.2d PHP/5.6.19'
    'SERVER_NAME' => 'localhost'
    'SERVER_ADDR' => '::1'
    'SERVER_PORT' => '8123'
    'REMOTE_ADDR' => '::1'
    'DOCUMENT_ROOT' => 'C:/xampp/htdocs'
    'REQUEST_SCHEME' => 'http'
    'CONTEXT_PREFIX' => ''
    'CONTEXT_DOCUMENT_ROOT' => 'C:/xampp/htdocs'
    'SERVER_ADMIN' => 'postmaster@localhost'
    'SCRIPT_FILENAME' => 'C:/xampp/htdocs/inlislite3/backend/index.php'
    'REMOTE_PORT' => '4042'
    'REDIRECT_QUERY_STRING' => 'id=0&catalogid=1&refer=a0pLMG02eWRjNHBTcWJSUlB2aDMya25CU1BRbzVGRVBiL2JUVkJwa2cxM2hsT0xvaCtBdUovNUk3WUhocm5VUG0zUk9hRmg1TUZlUEJPVEluSFErdnc9PQ=='
    'REDIRECT_URL' => 'http://localhost:8123/inlislite3/backend/pengkatalogan/katalog/bind-catalogs-collection?id=0&catalogid=1&refer=a0pLMG02eWRjNHBTcWJSUlB2aDMya25CU1BRbzVGRVBiL2JUVkJwa2cxM2hsT0xvaCtBdUovNUk3WUhocm5VUG0zUk9hRmg1TUZlUEJPVEluSFErdnc9PQ=='
    'GATEWAY_INTERFACE' => 'CGI/1.1'
    'SERVER_PROTOCOL' => 'HTTP/1.1'
    'REQUEST_METHOD' => 'POST'
    'QUERY_STRING' => 'id=0&catalogid=1&refer=a0pLMG02eWRjNHBTcWJSUlB2aDMya25CU1BRbzVGRVBiL2JUVkJwa2cxM2hsT0xvaCtBdUovNUk3WUhocm5VUG0zUk9hRmg1TUZlUEJPVEluSFErdnc9PQ=='
    'REQUEST_URI' => '/inlislite3/backend/pengkatalogan/katalog/bind-catalogs-collection?id=0&catalogid=1&refer=a0pLMG02eWRjNHBTcWJSUlB2aDMya25CU1BRbzVGRVBiL2JUVkJwa2cxM2hsT0xvaCtBdUovNUk3WUhocm5VUG0zUk9hRmg1TUZlUEJPVEluSFErdnc9PQ=='
    'SCRIPT_NAME' => '/inlislite3/backend/index.php'
    'PHP_SELF' => '/inlislite3/backend/index.php'
    'REQUEST_TIME_FLOAT' => 1780083441.325
    'REQUEST_TIME' => 1780083441
]
2026-05-30 02:39:19 [::1][33][-][error][yii\i18n\PhpMessageSource::loadFallbackMessages] The message file for category 'kvdate' does not exist: C:\xampp\htdocs\inlislite3\vendor\kartik-v\yii2-widget-datepicker/messages/idn/kvdate.php Fallback file does not exist as well: C:\xampp\htdocs\inlislite3\vendor\kartik-v\yii2-widget-datepicker/messages/id/kvdate.php
    in C:\xampp\htdocs\inlislite3\vendor\kartik-v\yii2-widget-datepicker\DatePicker.php:290
    in C:\xampp\htdocs\inlislite3\vendor\kartik-v\yii2-widget-datepicker\DatePicker.php:316
    in C:\xampp\htdocs\inlislite3\vendor\kartik-v\yii2-widget-datepicker\DatePicker.php:266
2026-05-30 02:39:19 [::1][33][-][info][application] $_GET = [
    'for' => 'coll'
    'rda' => '0'
]

$_COOKIE = [
    '_identity' => 'af3e2a0e951dec577795a0c5ffd91cd682a11d709a13aa959f261807f7b4af33a:2:{i:0;s:9:\"_identity\";i:1;s:17:\"[33,null,2592000]\";}'
    'PHPSESSID' => '23t14fmjj7q76vse8em9u0gc67'
    '_csrf' => '17ae86b8c69167615ba8af345a04cd6c2822a7af601e348fcd26f96771e4bf8ba:2:{i:0;s:5:\"_csrf\";i:1;s:32:\"L7THoNE7dqiLqOQv-h47SvQyj3716Fgr\";}'
    'keanggotaanSession' => 'p6q802ktdhj3aol1vf2ap165a6'
    '_OpacInlislite' => 'a708d9bb42ae346d907efb8905a95ecce6b1a86ad57fa8c93dfa39a5c4da2f81a:2:{i:0;s:14:\"_OpacInlislite\";i:1;s:32:\"HuRkRMGV2uWusa-Ihw6fDZLlVwku_mms\";}'
    '_backendInlislite' => 'dabbd61ae57ff8a865cc7483fb558645eace1b05714c22b91cbd5706f7210f9ea:2:{i:0;s:17:\"_backendInlislite\";i:1;s:32:\"HO8cdai8cBb7sJHGmL2UedwwtQ63bdwc\";}'
    'backendSession' => 'm8t5216jvphdk645ju9s4jkmc4'
]

$_SESSION = [
    '__flash' => []
    '__returnUrl' => '/inlislite3/backend/'
    'location' => '1'
    '__id' => 33
    'SessCatalogTabActive' => 'katalog'
    'taglist' => []
]

$_SERVER = [
    'REDIRECT_MIBDIRS' => 'C:/xampp/php/extras/mibs'
    'REDIRECT_MYSQL_HOME' => '\\xampp\\mysql\\bin'
    'REDIRECT_OPENSSL_CONF' => 'C:/xampp/apache/bin/openssl.cnf'
    'REDIRECT_PHP_PEAR_SYSCONF_DIR' => '\\xampp\\php'
    'REDIRECT_PHPRC' => '\\xampp\\php'
    'REDIRECT_TMP' => '\\xampp\\tmp'
    'REDIRECT_STATUS' => '200'
    'MIBDIRS' => 'C:/xampp/php/extras/mibs'
    'MYSQL_HOME' => '\\xampp\\mysql\\bin'
    'OPENSSL_CONF' => 'C:/xampp/apache/bin/openssl.cnf'
    'PHP_PEAR_SYSCONF_DIR' => '\\xampp\\php'
    'PHPRC' => '\\xampp\\php'
    'TMP' => '\\xampp\\tmp'
    'HTTP_HOST' => 'localhost:8123'
    'HTTP_CONNECTION' => 'keep-alive'
    'HTTP_SEC_CH_UA' => '\"Chromium\";v=\"148\", \"Google Chrome\";v=\"148\", \"Not/A)Brand\";v=\"99\"'
    'HTTP_SEC_CH_UA_MOBILE' => '?0'
    'HTTP_SEC_CH_UA_PLATFORM' => '\"Windows\"'
    'HTTP_UPGRADE_INSECURE_REQUESTS' => '1'
    'HTTP_USER_AGENT' => 'Mozilla/5.0 (Windows NT 10.0; Win64; x64) AppleWebKit/537.36 (KHTML, like Gecko) Chrome/148.0.0.0 Safari/537.36'
    'HTTP_ACCEPT' => 'text/html,application/xhtml+xml,application/xml;q=0.9,image/avif,image/webp,image/apng,*/*;q=0.8,application/signed-exchange;v=b3;q=0.7'
    'HTTP_SEC_FETCH_SITE' => 'same-origin'
    'HTTP_SEC_FETCH_MODE' => 'navigate'
    'HTTP_SEC_FETCH_USER' => '?1'
    'HTTP_SEC_FETCH_DEST' => 'document'
    'HTTP_REFERER' => 'http://localhost:8123/inlislite3/backend/pengkatalogan/katalog/update?for=cat&rda=1&id=1&edit=t&refer=a0pLMG02eWRjNHBTcWJSUlB2aDMya25CU1BRbzVGRVBiL2JUVkJwa2cxM2hsT0xvaCtBdUovNUk3WUhocm5VUG0zUk9hRmg1TUZlUEJPVEluSFErdnc9PQ=='
    'HTTP_ACCEPT_ENCODING' => 'gzip, deflate, br, zstd'
    'HTTP_ACCEPT_LANGUAGE' => 'en-US,en;q=0.9,id;q=0.8'
    'HTTP_COOKIE' => '_identity=af3e2a0e951dec577795a0c5ffd91cd682a11d709a13aa959f261807f7b4af33a%3A2%3A%7Bi%3A0%3Bs%3A9%3A%22_identity%22%3Bi%3A1%3Bs%3A17%3A%22%5B33%2Cnull%2C2592000%5D%22%3B%7D; PHPSESSID=23t14fmjj7q76vse8em9u0gc67; _csrf=17ae86b8c69167615ba8af345a04cd6c2822a7af601e348fcd26f96771e4bf8ba%3A2%3A%7Bi%3A0%3Bs%3A5%3A%22_csrf%22%3Bi%3A1%3Bs%3A32%3A%22L7THoNE7dqiLqOQv-h47SvQyj3716Fgr%22%3B%7D; keanggotaanSession=p6q802ktdhj3aol1vf2ap165a6; _OpacInlislite=a708d9bb42ae346d907efb8905a95ecce6b1a86ad57fa8c93dfa39a5c4da2f81a%3A2%3A%7Bi%3A0%3Bs%3A14%3A%22_OpacInlislite%22%3Bi%3A1%3Bs%3A32%3A%22HuRkRMGV2uWusa-Ihw6fDZLlVwku_mms%22%3B%7D; _backendInlislite=dabbd61ae57ff8a865cc7483fb558645eace1b05714c22b91cbd5706f7210f9ea%3A2%3A%7Bi%3A0%3Bs%3A17%3A%22_backendInlislite%22%3Bi%3A1%3Bs%3A32%3A%22HO8cdai8cBb7sJHGmL2UedwwtQ63bdwc%22%3B%7D; backendSession=m8t5216jvphdk645ju9s4jkmc4'
    'PATH' => 'C:\\Program Files (x86)\\Common Files\\Intel\\Shared Libraries\\redist\\intel64\\compiler;C:\\Program Files\\Common Files\\Oracle\\Java\\javapath;C:\\WINDOWS\\system32;C:\\WINDOWS;C:\\WINDOWS\\System32\\Wbem;C:\\WINDOWS\\System32\\WindowsPowerShell\\v1.0\\;C:\\WINDOWS\\System32\\OpenSSH\\;C:\\Program Files\\Git\\cmd;C:\\Program Files\\Java\\jdk-23\\bin;;C:\\Program Files\\dotnet\\;C:\\Program Files\\GitHub CLI\\;C:\\Program Files\\nodejs\\;C:\\Users\\PC\\.cargo\\bin;C:\\Users\\PC\\.local\\bin;C:\\Users\\PC\\AppData\\Local\\Programs\\Python\\Python312\\Scripts\\;C:\\Users\\PC\\AppData\\Local\\Programs\\Python\\Python312\\;C:\\Users\\PC\\AppData\\Local\\Microsoft\\WindowsApps;C:\\Users\\PC\\AppData\\Local\\Programs\\Microsoft VS Code\\bin;C:\\Users\\PC\\AppData\\Local\\Microsoft\\WinGet\\Packages\\Schniz.fnm_Microsoft.Winget.Source_8wekyb3d8bbwe;C:\\titan;C:\\Users\\PC\\go\\bin;C:\\Users\\PC\\AppData\\Local\\Android\\Sdk\\platform-tools;C:\\Users\\PC\\AppData\\Local\\Muse Hub\\lib;C:\\Users\\PC\\AppData\\Local\\Programs\\Antigravity\\bin;C:\\Users\\PC\\.dotnet\\tools;C:\\ffmpeg-8.0.1-essentials_build\\ffmpeg-8.0.1-essentials_build\\bin;C:\\Users\\PC\\AppData\\Local\\Microsoft\\WinGet\\Packages\\Gyan.FFmpeg_Microsoft.Winget.Source_8wekyb3d8bbwe\\ffmpeg-8.0.1-full_build\\bin;C:\\Users\\PC\\AppData\\Roaming\\npm;C:\\Users\\PC\\AppData\\Local\\Programs\\Ollama'
    'SystemRoot' => 'C:\\WINDOWS'
    'COMSPEC' => 'C:\\WINDOWS\\system32\\cmd.exe'
    'PATHEXT' => '.COM;.EXE;.BAT;.CMD;.VBS;.VBE;.JS;.JSE;.WSF;.WSH;.MSC'
    'WINDIR' => 'C:\\WINDOWS'
    'SERVER_SIGNATURE' => '<address>Apache/2.4.17 (Win32) OpenSSL/1.0.2d PHP/5.6.19 Server at localhost Port 8123</address>
'
    'SERVER_SOFTWARE' => 'Apache/2.4.17 (Win32) OpenSSL/1.0.2d PHP/5.6.19'
    'SERVER_NAME' => 'localhost'
    'SERVER_ADDR' => '::1'
    'SERVER_PORT' => '8123'
    'REMOTE_ADDR' => '::1'
    'DOCUMENT_ROOT' => 'C:/xampp/htdocs'
    'REQUEST_SCHEME' => 'http'
    'CONTEXT_PREFIX' => ''
    'CONTEXT_DOCUMENT_ROOT' => 'C:/xampp/htdocs'
    'SERVER_ADMIN' => 'postmaster@localhost'
    'SCRIPT_FILENAME' => 'C:/xampp/htdocs/inlislite3/backend/index.php'
    'REMOTE_PORT' => '4396'
    'REDIRECT_QUERY_STRING' => 'for=coll&rda=0'
    'REDIRECT_URL' => 'http://localhost:8123/inlislite3/backend/pengkatalogan/katalog/create?for=coll&rda=0'
    'GATEWAY_INTERFACE' => 'CGI/1.1'
    'SERVER_PROTOCOL' => 'HTTP/1.1'
    'REQUEST_METHOD' => 'GET'
    'QUERY_STRING' => 'for=coll&rda=0'
    'REQUEST_URI' => '/inlislite3/backend/pengkatalogan/katalog/create?for=coll&rda=0'
    'SCRIPT_NAME' => '/inlislite3/backend/index.php'
    'PHP_SELF' => '/inlislite3/backend/index.php'
    'REQUEST_TIME_FLOAT' => 1780083559.703
    'REQUEST_TIME' => 1780083559
]
2026-05-30 02:40:27 [::1][33][-][error][yii\i18n\PhpMessageSource::loadFallbackMessages] The message file for category 'kvdate' does not exist: C:\xampp\htdocs\inlislite3\vendor\kartik-v\yii2-widget-datepicker/messages/idn/kvdate.php Fallback file does not exist as well: C:\xampp\htdocs\inlislite3\vendor\kartik-v\yii2-widget-datepicker/messages/id/kvdate.php
    in C:\xampp\htdocs\inlislite3\vendor\kartik-v\yii2-widget-datepicker\DatePicker.php:290
    in C:\xampp\htdocs\inlislite3\vendor\kartik-v\yii2-widget-datepicker\DatePicker.php:316
    in C:\xampp\htdocs\inlislite3\vendor\kartik-v\yii2-widget-datepicker\DatePicker.php:266
2026-05-30 02:40:26 [::1][33][-][info][application] $_GET = [
    'for' => 'coll'
    'rda' => '0'
]

$_COOKIE = [
    '_identity' => 'af3e2a0e951dec577795a0c5ffd91cd682a11d709a13aa959f261807f7b4af33a:2:{i:0;s:9:\"_identity\";i:1;s:17:\"[33,null,2592000]\";}'
    'PHPSESSID' => '23t14fmjj7q76vse8em9u0gc67'
    '_csrf' => '17ae86b8c69167615ba8af345a04cd6c2822a7af601e348fcd26f96771e4bf8ba:2:{i:0;s:5:\"_csrf\";i:1;s:32:\"L7THoNE7dqiLqOQv-h47SvQyj3716Fgr\";}'
    'keanggotaanSession' => 'p6q802ktdhj3aol1vf2ap165a6'
    '_OpacInlislite' => 'a708d9bb42ae346d907efb8905a95ecce6b1a86ad57fa8c93dfa39a5c4da2f81a:2:{i:0;s:14:\"_OpacInlislite\";i:1;s:32:\"HuRkRMGV2uWusa-Ihw6fDZLlVwku_mms\";}'
    '_backendInlislite' => 'dabbd61ae57ff8a865cc7483fb558645eace1b05714c22b91cbd5706f7210f9ea:2:{i:0;s:17:\"_backendInlislite\";i:1;s:32:\"HO8cdai8cBb7sJHGmL2UedwwtQ63bdwc\";}'
    'backendSession' => 'm8t5216jvphdk645ju9s4jkmc4'
]

$_SESSION = [
    '__flash' => []
    '__returnUrl' => '/inlislite3/backend/'
    'location' => '1'
    '__id' => 33
    'SessCatalogTabActive' => 'katalog'
    'taglist' => []
    'SessJilidKoleksiList' => null
]

$_SERVER = [
    'REDIRECT_MIBDIRS' => 'C:/xampp/php/extras/mibs'
    'REDIRECT_MYSQL_HOME' => '\\xampp\\mysql\\bin'
    'REDIRECT_OPENSSL_CONF' => 'C:/xampp/apache/bin/openssl.cnf'
    'REDIRECT_PHP_PEAR_SYSCONF_DIR' => '\\xampp\\php'
    'REDIRECT_PHPRC' => '\\xampp\\php'
    'REDIRECT_TMP' => '\\xampp\\tmp'
    'REDIRECT_STATUS' => '200'
    'MIBDIRS' => 'C:/xampp/php/extras/mibs'
    'MYSQL_HOME' => '\\xampp\\mysql\\bin'
    'OPENSSL_CONF' => 'C:/xampp/apache/bin/openssl.cnf'
    'PHP_PEAR_SYSCONF_DIR' => '\\xampp\\php'
    'PHPRC' => '\\xampp\\php'
    'TMP' => '\\xampp\\tmp'
    'HTTP_HOST' => 'localhost:8123'
    'HTTP_CONNECTION' => 'keep-alive'
    'HTTP_SEC_CH_UA' => '\"Chromium\";v=\"148\", \"Google Chrome\";v=\"148\", \"Not/A)Brand\";v=\"99\"'
    'HTTP_SEC_CH_UA_MOBILE' => '?0'
    'HTTP_SEC_CH_UA_PLATFORM' => '\"Windows\"'
    'HTTP_UPGRADE_INSECURE_REQUESTS' => '1'
    'HTTP_USER_AGENT' => 'Mozilla/5.0 (Windows NT 10.0; Win64; x64) AppleWebKit/537.36 (KHTML, like Gecko) Chrome/148.0.0.0 Safari/537.36'
    'HTTP_ACCEPT' => 'text/html,application/xhtml+xml,application/xml;q=0.9,image/avif,image/webp,image/apng,*/*;q=0.8,application/signed-exchange;v=b3;q=0.7'
    'HTTP_SEC_FETCH_SITE' => 'same-origin'
    'HTTP_SEC_FETCH_MODE' => 'navigate'
    'HTTP_SEC_FETCH_USER' => '?1'
    'HTTP_SEC_FETCH_DEST' => 'document'
    'HTTP_REFERER' => 'http://localhost:8123/inlislite3/backend/akuisisi/koleksi-jilid/index'
    'HTTP_ACCEPT_ENCODING' => 'gzip, deflate, br, zstd'
    'HTTP_ACCEPT_LANGUAGE' => 'en-US,en;q=0.9,id;q=0.8'
    'HTTP_COOKIE' => '_identity=af3e2a0e951dec577795a0c5ffd91cd682a11d709a13aa959f261807f7b4af33a%3A2%3A%7Bi%3A0%3Bs%3A9%3A%22_identity%22%3Bi%3A1%3Bs%3A17%3A%22%5B33%2Cnull%2C2592000%5D%22%3B%7D; PHPSESSID=23t14fmjj7q76vse8em9u0gc67; _csrf=17ae86b8c69167615ba8af345a04cd6c2822a7af601e348fcd26f96771e4bf8ba%3A2%3A%7Bi%3A0%3Bs%3A5%3A%22_csrf%22%3Bi%3A1%3Bs%3A32%3A%22L7THoNE7dqiLqOQv-h47SvQyj3716Fgr%22%3B%7D; keanggotaanSession=p6q802ktdhj3aol1vf2ap165a6; _OpacInlislite=a708d9bb42ae346d907efb8905a95ecce6b1a86ad57fa8c93dfa39a5c4da2f81a%3A2%3A%7Bi%3A0%3Bs%3A14%3A%22_OpacInlislite%22%3Bi%3A1%3Bs%3A32%3A%22HuRkRMGV2uWusa-Ihw6fDZLlVwku_mms%22%3B%7D; _backendInlislite=dabbd61ae57ff8a865cc7483fb558645eace1b05714c22b91cbd5706f7210f9ea%3A2%3A%7Bi%3A0%3Bs%3A17%3A%22_backendInlislite%22%3Bi%3A1%3Bs%3A32%3A%22HO8cdai8cBb7sJHGmL2UedwwtQ63bdwc%22%3B%7D; backendSession=m8t5216jvphdk645ju9s4jkmc4'
    'PATH' => 'C:\\Program Files (x86)\\Common Files\\Intel\\Shared Libraries\\redist\\intel64\\compiler;C:\\Program Files\\Common Files\\Oracle\\Java\\javapath;C:\\WINDOWS\\system32;C:\\WINDOWS;C:\\WINDOWS\\System32\\Wbem;C:\\WINDOWS\\System32\\WindowsPowerShell\\v1.0\\;C:\\WINDOWS\\System32\\OpenSSH\\;C:\\Program Files\\Git\\cmd;C:\\Program Files\\Java\\jdk-23\\bin;;C:\\Program Files\\dotnet\\;C:\\Program Files\\GitHub CLI\\;C:\\Program Files\\nodejs\\;C:\\Users\\PC\\.cargo\\bin;C:\\Users\\PC\\.local\\bin;C:\\Users\\PC\\AppData\\Local\\Programs\\Python\\Python312\\Scripts\\;C:\\Users\\PC\\AppData\\Local\\Programs\\Python\\Python312\\;C:\\Users\\PC\\AppData\\Local\\Microsoft\\WindowsApps;C:\\Users\\PC\\AppData\\Local\\Programs\\Microsoft VS Code\\bin;C:\\Users\\PC\\AppData\\Local\\Microsoft\\WinGet\\Packages\\Schniz.fnm_Microsoft.Winget.Source_8wekyb3d8bbwe;C:\\titan;C:\\Users\\PC\\go\\bin;C:\\Users\\PC\\AppData\\Local\\Android\\Sdk\\platform-tools;C:\\Users\\PC\\AppData\\Local\\Muse Hub\\lib;C:\\Users\\PC\\AppData\\Local\\Programs\\Antigravity\\bin;C:\\Users\\PC\\.dotnet\\tools;C:\\ffmpeg-8.0.1-essentials_build\\ffmpeg-8.0.1-essentials_build\\bin;C:\\Users\\PC\\AppData\\Local\\Microsoft\\WinGet\\Packages\\Gyan.FFmpeg_Microsoft.Winget.Source_8wekyb3d8bbwe\\ffmpeg-8.0.1-full_build\\bin;C:\\Users\\PC\\AppData\\Roaming\\npm;C:\\Users\\PC\\AppData\\Local\\Programs\\Ollama'
    'SystemRoot' => 'C:\\WINDOWS'
    'COMSPEC' => 'C:\\WINDOWS\\system32\\cmd.exe'
    'PATHEXT' => '.COM;.EXE;.BAT;.CMD;.VBS;.VBE;.JS;.JSE;.WSF;.WSH;.MSC'
    'WINDIR' => 'C:\\WINDOWS'
    'SERVER_SIGNATURE' => '<address>Apache/2.4.17 (Win32) OpenSSL/1.0.2d PHP/5.6.19 Server at localhost Port 8123</address>
'
    'SERVER_SOFTWARE' => 'Apache/2.4.17 (Win32) OpenSSL/1.0.2d PHP/5.6.19'
    'SERVER_NAME' => 'localhost'
    'SERVER_ADDR' => '::1'
    'SERVER_PORT' => '8123'
    'REMOTE_ADDR' => '::1'
    'DOCUMENT_ROOT' => 'C:/xampp/htdocs'
    'REQUEST_SCHEME' => 'http'
    'CONTEXT_PREFIX' => ''
    'CONTEXT_DOCUMENT_ROOT' => 'C:/xampp/htdocs'
    'SERVER_ADMIN' => 'postmaster@localhost'
    'SCRIPT_FILENAME' => 'C:/xampp/htdocs/inlislite3/backend/index.php'
    'REMOTE_PORT' => '3670'
    'REDIRECT_QUERY_STRING' => 'for=coll&rda=0'
    'REDIRECT_URL' => 'http://localhost:8123/inlislite3/backend/pengkatalogan/katalog/create?for=coll&rda=0'
    'GATEWAY_INTERFACE' => 'CGI/1.1'
    'SERVER_PROTOCOL' => 'HTTP/1.1'
    'REQUEST_METHOD' => 'GET'
    'QUERY_STRING' => 'for=coll&rda=0'
    'REQUEST_URI' => '/inlislite3/backend/pengkatalogan/katalog/create?for=coll&rda=0'
    'SCRIPT_NAME' => '/inlislite3/backend/index.php'
    'PHP_SELF' => '/inlislite3/backend/index.php'
    'REQUEST_TIME_FLOAT' => 1780083626.81
    'REQUEST_TIME' => 1780083626
]
2026-05-30 02:43:02 [::1][33][1s9fuhs9q3j3ude96k2qpt64i7][error][yii\web\HttpException:404] exception 'yii\base\InvalidRouteException' with message 'Unable to resolve the request "uploaded_files/aplikasi/favicon.png".' in C:\xampp\htdocs\inlislite3\vendor\yiisoft\yii2\base\Module.php:460
Stack trace:
#0 C:\xampp\htdocs\inlislite3\vendor\yiisoft\yii2\web\Application.php(84): yii\base\Module->runAction('uploaded_files/...', Array)
#1 C:\xampp\htdocs\inlislite3\vendor\yiisoft\yii2\base\Application.php(375): yii\web\Application->handleRequest(Object(yii\web\Request))
#2 C:\xampp\htdocs\inlislite3\backend\index.php(18): yii\base\Application->run()
#3 {main}

Next exception 'yii\web\NotFoundHttpException' with message 'Halaman tidak ditemukan.' in C:\xampp\htdocs\inlislite3\vendor\yiisoft\yii2\web\Application.php:96
Stack trace:
#0 C:\xampp\htdocs\inlislite3\vendor\yiisoft\yii2\base\Application.php(375): yii\web\Application->handleRequest(Object(yii\web\Request))
#1 C:\xampp\htdocs\inlislite3\backend\index.php(18): yii\base\Application->run()
#2 {main}
2026-05-30 02:43:02 [::1][33][1s9fuhs9q3j3ude96k2qpt64i7][info][application] $_COOKIE = [
    '_identity' => 'af3e2a0e951dec577795a0c5ffd91cd682a11d709a13aa959f261807f7b4af33a:2:{i:0;s:9:\"_identity\";i:1;s:17:\"[33,null,2592000]\";}'
    'PHPSESSID' => '718jrmtjici3928ugnsicjpbu0'
    '_csrf' => '9e3c0ddc07f7eaa1efac9095c141f74018b5a3c0059f0a682a83460ebae20e49a:2:{i:0;s:5:\"_csrf\";i:1;s:32:\"nvvO1plo13Jo4ykzlJd2fdt1obS8vvSN\";}'
    '_backendInlislite' => 'c236315c244c8d18285deac09fda060c3fcb58bd773632298312344c5902ac1fa:2:{i:0;s:17:\"_backendInlislite\";i:1;s:32:\"UVhjZfg-arHj7b-XfjGH8l9fgKKe6dWz\";}'
    'backendSession' => '1s9fuhs9q3j3ude96k2qpt64i7'
]

$_SESSION = [
    '__flash' => []
    '__returnUrl' => '/inlislite3/backend/'
    'location' => '1'
    '__id' => 33
]

$_SERVER = [
    'REDIRECT_MIBDIRS' => 'C:/xampp/php/extras/mibs'
    'REDIRECT_MYSQL_HOME' => '\\xampp\\mysql\\bin'
    'REDIRECT_OPENSSL_CONF' => 'C:/xampp/apache/bin/openssl.cnf'
    'REDIRECT_PHP_PEAR_SYSCONF_DIR' => '\\xampp\\php'
    'REDIRECT_PHPRC' => '\\xampp\\php'
    'REDIRECT_TMP' => '\\xampp\\tmp'
    'REDIRECT_STATUS' => '200'
    'MIBDIRS' => 'C:/xampp/php/extras/mibs'
    'MYSQL_HOME' => '\\xampp\\mysql\\bin'
    'OPENSSL_CONF' => 'C:/xampp/apache/bin/openssl.cnf'
    'PHP_PEAR_SYSCONF_DIR' => '\\xampp\\php'
    'PHPRC' => '\\xampp\\php'
    'TMP' => '\\xampp\\tmp'
    'HTTP_HOST' => 'localhost:8123'
    'HTTP_CONNECTION' => 'keep-alive'
    'HTTP_SEC_CH_UA_PLATFORM' => '\"Windows\"'
    'HTTP_USER_AGENT' => 'Mozilla/5.0 (Windows NT 10.0; Win64; x64) AppleWebKit/537.36 (KHTML, like Gecko) Chrome/148.0.0.0 Safari/537.36'
    'HTTP_SEC_CH_UA' => '\"Chromium\";v=\"148\", \"Google Chrome\";v=\"148\", \"Not/A)Brand\";v=\"99\"'
    'HTTP_SEC_CH_UA_MOBILE' => '?0'
    'HTTP_ACCEPT' => 'image/avif,image/webp,image/apng,image/svg+xml,image/*,*/*;q=0.8'
    'HTTP_SEC_FETCH_SITE' => 'same-origin'
    'HTTP_SEC_FETCH_MODE' => 'no-cors'
    'HTTP_SEC_FETCH_DEST' => 'image'
    'HTTP_REFERER' => 'http://localhost:8123/inlislite3/backend/'
    'HTTP_ACCEPT_ENCODING' => 'gzip, deflate, br, zstd'
    'HTTP_ACCEPT_LANGUAGE' => 'en-US,en;q=0.9,id;q=0.8'
    'HTTP_COOKIE' => '_identity=af3e2a0e951dec577795a0c5ffd91cd682a11d709a13aa959f261807f7b4af33a%3A2%3A%7Bi%3A0%3Bs%3A9%3A%22_identity%22%3Bi%3A1%3Bs%3A17%3A%22%5B33%2Cnull%2C2592000%5D%22%3B%7D; PHPSESSID=718jrmtjici3928ugnsicjpbu0; _csrf=9e3c0ddc07f7eaa1efac9095c141f74018b5a3c0059f0a682a83460ebae20e49a%3A2%3A%7Bi%3A0%3Bs%3A5%3A%22_csrf%22%3Bi%3A1%3Bs%3A32%3A%22nvvO1plo13Jo4ykzlJd2fdt1obS8vvSN%22%3B%7D; _backendInlislite=c236315c244c8d18285deac09fda060c3fcb58bd773632298312344c5902ac1fa%3A2%3A%7Bi%3A0%3Bs%3A17%3A%22_backendInlislite%22%3Bi%3A1%3Bs%3A32%3A%22UVhjZfg-arHj7b-XfjGH8l9fgKKe6dWz%22%3B%7D; backendSession=1s9fuhs9q3j3ude96k2qpt64i7'
    'PATH' => 'C:\\Program Files (x86)\\Common Files\\Intel\\Shared Libraries\\redist\\intel64\\compiler;C:\\Program Files\\Common Files\\Oracle\\Java\\javapath;C:\\WINDOWS\\system32;C:\\WINDOWS;C:\\WINDOWS\\System32\\Wbem;C:\\WINDOWS\\System32\\WindowsPowerShell\\v1.0\\;C:\\WINDOWS\\System32\\OpenSSH\\;C:\\Program Files\\Git\\cmd;C:\\Program Files\\Java\\jdk-23\\bin;;C:\\Program Files\\dotnet\\;C:\\Program Files\\GitHub CLI\\;C:\\Program Files\\nodejs\\;C:\\Users\\PC\\.cargo\\bin;C:\\Users\\PC\\.local\\bin;C:\\Users\\PC\\AppData\\Local\\Programs\\Python\\Python312\\Scripts\\;C:\\Users\\PC\\AppData\\Local\\Programs\\Python\\Python312\\;C:\\Users\\PC\\AppData\\Local\\Microsoft\\WindowsApps;C:\\Users\\PC\\AppData\\Local\\Programs\\Microsoft VS Code\\bin;C:\\Users\\PC\\AppData\\Local\\Microsoft\\WinGet\\Packages\\Schniz.fnm_Microsoft.Winget.Source_8wekyb3d8bbwe;C:\\titan;C:\\Users\\PC\\go\\bin;C:\\Users\\PC\\AppData\\Local\\Android\\Sdk\\platform-tools;C:\\Users\\PC\\AppData\\Local\\Muse Hub\\lib;C:\\Users\\PC\\AppData\\Local\\Programs\\Antigravity\\bin;C:\\Users\\PC\\.dotnet\\tools;C:\\ffmpeg-8.0.1-essentials_build\\ffmpeg-8.0.1-essentials_build\\bin;C:\\Users\\PC\\AppData\\Local\\Microsoft\\WinGet\\Packages\\Gyan.FFmpeg_Microsoft.Winget.Source_8wekyb3d8bbwe\\ffmpeg-8.0.1-full_build\\bin;C:\\Users\\PC\\AppData\\Roaming\\npm;C:\\Users\\PC\\AppData\\Local\\Programs\\Ollama'
    'SystemRoot' => 'C:\\WINDOWS'
    'COMSPEC' => 'C:\\WINDOWS\\system32\\cmd.exe'
    'PATHEXT' => '.COM;.EXE;.BAT;.CMD;.VBS;.VBE;.JS;.JSE;.WSF;.WSH;.MSC'
    'WINDIR' => 'C:\\WINDOWS'
    'SERVER_SIGNATURE' => '<address>Apache/2.4.17 (Win32) OpenSSL/1.0.2d PHP/5.6.19 Server at localhost Port 8123</address>
'
    'SERVER_SOFTWARE' => 'Apache/2.4.17 (Win32) OpenSSL/1.0.2d PHP/5.6.19'
    'SERVER_NAME' => 'localhost'
    'SERVER_ADDR' => '::1'
    'SERVER_PORT' => '8123'
    'REMOTE_ADDR' => '::1'
    'DOCUMENT_ROOT' => 'C:/xampp/htdocs'
    'REQUEST_SCHEME' => 'http'
    'CONTEXT_PREFIX' => ''
    'CONTEXT_DOCUMENT_ROOT' => 'C:/xampp/htdocs'
    'SERVER_ADMIN' => 'postmaster@localhost'
    'SCRIPT_FILENAME' => 'C:/xampp/htdocs/inlislite3/backend/index.php'
    'REMOTE_PORT' => '8847'
    'REDIRECT_URL' => 'http://localhost:8123/inlislite3/backend/uploaded_files/aplikasi/favicon.png'
    'GATEWAY_INTERFACE' => 'CGI/1.1'
    'SERVER_PROTOCOL' => 'HTTP/1.1'
    'REQUEST_METHOD' => 'GET'
    'QUERY_STRING' => ''
    'REQUEST_URI' => '/inlislite3/backend/uploaded_files/aplikasi/favicon.png'
    'SCRIPT_NAME' => '/inlislite3/backend/index.php'
    'PHP_SELF' => '/inlislite3/backend/index.php'
    'REQUEST_TIME_FLOAT' => 1780083782.413
    'REQUEST_TIME' => 1780083782
]
2026-05-30 02:46:35 [::1][33][1s9fuhs9q3j3ude96k2qpt64i7][error][yii\db\Exception] exception 'PDOException' with message 'SQLSTATE[42000]: Syntax error or access violation: 1064 You have an error in your SQL syntax; check the manual that corresponds to your MariaDB server version for the right syntax to use near 'AND Tag LIKE '1%') `c`' at line 1' in C:\xampp\htdocs\inlislite3\vendor\yiisoft\yii2\db\Command.php:840
Stack trace:
#0 C:\xampp\htdocs\inlislite3\vendor\yiisoft\yii2\db\Command.php(840): PDOStatement->execute()
#1 C:\xampp\htdocs\inlislite3\vendor\yiisoft\yii2\db\Command.php(388): yii\db\Command->queryInternal('fetchColumn', 0)
#2 C:\xampp\htdocs\inlislite3\vendor\yiisoft\yii2\db\ActiveQuery.php(340): yii\db\Command->queryScalar()
#3 C:\xampp\htdocs\inlislite3\vendor\yiisoft\yii2\db\Query.php(300): yii\db\ActiveQuery->queryScalar('COUNT(*)', NULL)
#4 C:\xampp\htdocs\inlislite3\common\components\CatalogHelpers.php(266): yii\db\Query->count()
#5 C:\xampp\htdocs\inlislite3\common\components\CatalogHelpers.php(291): common\components\CatalogHelpers::hasTag(NULL, '1%')
#6 C:\xampp\htdocs\inlislite3\backend\modules\pengkatalogan\controllers\KatalogController.php(1031): common\components\CatalogHelpers::cetakKartu('14', 'ids%5B%5D=1')
#7 [internal function]: backend\modules\pengkatalogan\controllers\KatalogController->actionCheckboxProcess()
#8 C:\xampp\htdocs\inlislite3\vendor\yiisoft\yii2\base\InlineAction.php(55): call_user_func_array(Array, Array)
#9 C:\xampp\htdocs\inlislite3\vendor\yiisoft\yii2\base\Controller.php(154): yii\base\InlineAction->runWithParams(Array)
#10 C:\xampp\htdocs\inlislite3\vendor\yiisoft\yii2\base\Module.php(454): yii\base\Controller->runAction('checkbox-proces...', Array)
#11 C:\xampp\htdocs\inlislite3\vendor\yiisoft\yii2\web\Application.php(84): yii\base\Module->runAction('pengkatalogan/k...', Array)
#12 C:\xampp\htdocs\inlislite3\vendor\yiisoft\yii2\base\Application.php(375): yii\web\Application->handleRequest(Object(yii\web\Request))
#13 C:\xampp\htdocs\inlislite3\backend\index.php(18): yii\base\Application->run()
#14 {main}

Next exception 'yii\db\Exception' with message 'SQLSTATE[42000]: Syntax error or access violation: 1064 You have an error in your SQL syntax; check the manual that corresponds to your MariaDB server version for the right syntax to use near 'AND Tag LIKE '1%') `c`' at line 1
The SQL being executed was: SELECT COUNT(*) FROM (SELECT * FROM catalog_ruas WHERE CatalogId= AND Tag LIKE '1%') `c`' in C:\xampp\htdocs\inlislite3\vendor\yiisoft\yii2\db\Schema.php:628
Stack trace:
#0 C:\xampp\htdocs\inlislite3\vendor\yiisoft\yii2\db\Command.php(855): yii\db\Schema->convertException(Object(PDOException), 'SELECT COUNT(*)...')
#1 C:\xampp\htdocs\inlislite3\vendor\yiisoft\yii2\db\Command.php(388): yii\db\Command->queryInternal('fetchColumn', 0)
#2 C:\xampp\htdocs\inlislite3\vendor\yiisoft\yii2\db\ActiveQuery.php(340): yii\db\Command->queryScalar()
#3 C:\xampp\htdocs\inlislite3\vendor\yiisoft\yii2\db\Query.php(300): yii\db\ActiveQuery->queryScalar('COUNT(*)', NULL)
#4 C:\xampp\htdocs\inlislite3\common\components\CatalogHelpers.php(266): yii\db\Query->count()
#5 C:\xampp\htdocs\inlislite3\common\components\CatalogHelpers.php(291): common\components\CatalogHelpers::hasTag(NULL, '1%')
#6 C:\xampp\htdocs\inlislite3\backend\modules\pengkatalogan\controllers\KatalogController.php(1031): common\components\CatalogHelpers::cetakKartu('14', 'ids%5B%5D=1')
#7 [internal function]: backend\modules\pengkatalogan\controllers\KatalogController->actionCheckboxProcess()
#8 C:\xampp\htdocs\inlislite3\vendor\yiisoft\yii2\base\InlineAction.php(55): call_user_func_array(Array, Array)
#9 C:\xampp\htdocs\inlislite3\vendor\yiisoft\yii2\base\Controller.php(154): yii\base\InlineAction->runWithParams(Array)
#10 C:\xampp\htdocs\inlislite3\vendor\yiisoft\yii2\base\Module.php(454): yii\base\Controller->runAction('checkbox-proces...', Array)
#11 C:\xampp\htdocs\inlislite3\vendor\yiisoft\yii2\web\Application.php(84): yii\base\Module->runAction('pengkatalogan/k...', Array)
#12 C:\xampp\htdocs\inlislite3\vendor\yiisoft\yii2\base\Application.php(375): yii\web\Application->handleRequest(Object(yii\web\Request))
#13 C:\xampp\htdocs\inlislite3\backend\index.php(18): yii\base\Application->run()
#14 {main}
Additional Information:
Array
(
    [0] => 42000
    [1] => 1064
    [2] => You have an error in your SQL syntax; check the manual that corresponds to your MariaDB server version for the right syntax to use near 'AND Tag LIKE '1%') `c`' at line 1
)

2026-05-30 02:46:35 [::1][33][1s9fuhs9q3j3ude96k2qpt64i7][info][application] $_POST = [
    'row_id' => 'ids%5B%5D=1'
    'action' => 'KARTU'
    'actionid' => '14'
]

$_COOKIE = [
    '_identity' => 'af3e2a0e951dec577795a0c5ffd91cd682a11d709a13aa959f261807f7b4af33a:2:{i:0;s:9:\"_identity\";i:1;s:17:\"[33,null,2592000]\";}'
    'PHPSESSID' => '718jrmtjici3928ugnsicjpbu0'
    '_csrf' => '9e3c0ddc07f7eaa1efac9095c141f74018b5a3c0059f0a682a83460ebae20e49a:2:{i:0;s:5:\"_csrf\";i:1;s:32:\"nvvO1plo13Jo4ykzlJd2fdt1obS8vvSN\";}'
    '_backendInlislite' => 'c236315c244c8d18285deac09fda060c3fcb58bd773632298312344c5902ac1fa:2:{i:0;s:17:\"_backendInlislite\";i:1;s:32:\"UVhjZfg-arHj7b-XfjGH8l9fgKKe6dWz\";}'
    'backendSession' => '1s9fuhs9q3j3ude96k2qpt64i7'
]

$_SESSION = [
    '__flash' => []
    '__returnUrl' => '/inlislite3/backend/'
    'location' => '1'
    '__id' => 33
    'SessCatalogTabActive' => null
    'SessJilidKoleksiList' => null
]

$_SERVER = [
    'REDIRECT_MIBDIRS' => 'C:/xampp/php/extras/mibs'
    'REDIRECT_MYSQL_HOME' => '\\xampp\\mysql\\bin'
    'REDIRECT_OPENSSL_CONF' => 'C:/xampp/apache/bin/openssl.cnf'
    'REDIRECT_PHP_PEAR_SYSCONF_DIR' => '\\xampp\\php'
    'REDIRECT_PHPRC' => '\\xampp\\php'
    'REDIRECT_TMP' => '\\xampp\\tmp'
    'REDIRECT_STATUS' => '200'
    'MIBDIRS' => 'C:/xampp/php/extras/mibs'
    'MYSQL_HOME' => '\\xampp\\mysql\\bin'
    'OPENSSL_CONF' => 'C:/xampp/apache/bin/openssl.cnf'
    'PHP_PEAR_SYSCONF_DIR' => '\\xampp\\php'
    'PHPRC' => '\\xampp\\php'
    'TMP' => '\\xampp\\tmp'
    'HTTP_HOST' => 'localhost:8123'
    'HTTP_CONNECTION' => 'keep-alive'
    'CONTENT_LENGTH' => '49'
    'HTTP_SEC_CH_UA_PLATFORM' => '\"Windows\"'
    'HTTP_X_CSRF_TOKEN' => 'Y2YtLmk4Nms2MEVEM15RRgIUZUReWhszBQxqZlFUDw0ELWZLX1xhEQ=='
    'HTTP_SEC_CH_UA' => '\"Chromium\";v=\"148\", \"Google Chrome\";v=\"148\", \"Not/A)Brand\";v=\"99\"'
    'HTTP_SEC_CH_UA_MOBILE' => '?0'
    'HTTP_X_REQUESTED_WITH' => 'XMLHttpRequest'
    'HTTP_USER_AGENT' => 'Mozilla/5.0 (Windows NT 10.0; Win64; x64) AppleWebKit/537.36 (KHTML, like Gecko) Chrome/148.0.0.0 Safari/537.36'
    'HTTP_ACCEPT' => '*/*'
    'CONTENT_TYPE' => 'application/x-www-form-urlencoded; charset=UTF-8'
    'HTTP_ORIGIN' => 'http://localhost:8123'
    'HTTP_SEC_FETCH_SITE' => 'same-origin'
    'HTTP_SEC_FETCH_MODE' => 'cors'
    'HTTP_SEC_FETCH_DEST' => 'empty'
    'HTTP_REFERER' => 'http://localhost:8123/inlislite3/backend/pengkatalogan/katalog/index'
    'HTTP_ACCEPT_ENCODING' => 'gzip, deflate, br, zstd'
    'HTTP_ACCEPT_LANGUAGE' => 'en-US,en;q=0.9,id;q=0.8'
    'HTTP_COOKIE' => '_identity=af3e2a0e951dec577795a0c5ffd91cd682a11d709a13aa959f261807f7b4af33a%3A2%3A%7Bi%3A0%3Bs%3A9%3A%22_identity%22%3Bi%3A1%3Bs%3A17%3A%22%5B33%2Cnull%2C2592000%5D%22%3B%7D; PHPSESSID=718jrmtjici3928ugnsicjpbu0; _csrf=9e3c0ddc07f7eaa1efac9095c141f74018b5a3c0059f0a682a83460ebae20e49a%3A2%3A%7Bi%3A0%3Bs%3A5%3A%22_csrf%22%3Bi%3A1%3Bs%3A32%3A%22nvvO1plo13Jo4ykzlJd2fdt1obS8vvSN%22%3B%7D; _backendInlislite=c236315c244c8d18285deac09fda060c3fcb58bd773632298312344c5902ac1fa%3A2%3A%7Bi%3A0%3Bs%3A17%3A%22_backendInlislite%22%3Bi%3A1%3Bs%3A32%3A%22UVhjZfg-arHj7b-XfjGH8l9fgKKe6dWz%22%3B%7D; backendSession=1s9fuhs9q3j3ude96k2qpt64i7'
    'PATH' => 'C:\\Program Files (x86)\\Common Files\\Intel\\Shared Libraries\\redist\\intel64\\compiler;C:\\Program Files\\Common Files\\Oracle\\Java\\javapath;C:\\WINDOWS\\system32;C:\\WINDOWS;C:\\WINDOWS\\System32\\Wbem;C:\\WINDOWS\\System32\\WindowsPowerShell\\v1.0\\;C:\\WINDOWS\\System32\\OpenSSH\\;C:\\Program Files\\Git\\cmd;C:\\Program Files\\Java\\jdk-23\\bin;;C:\\Program Files\\dotnet\\;C:\\Program Files\\GitHub CLI\\;C:\\Program Files\\nodejs\\;C:\\Users\\PC\\.cargo\\bin;C:\\Users\\PC\\.local\\bin;C:\\Users\\PC\\AppData\\Local\\Programs\\Python\\Python312\\Scripts\\;C:\\Users\\PC\\AppData\\Local\\Programs\\Python\\Python312\\;C:\\Users\\PC\\AppData\\Local\\Microsoft\\WindowsApps;C:\\Users\\PC\\AppData\\Local\\Programs\\Microsoft VS Code\\bin;C:\\Users\\PC\\AppData\\Local\\Microsoft\\WinGet\\Packages\\Schniz.fnm_Microsoft.Winget.Source_8wekyb3d8bbwe;C:\\titan;C:\\Users\\PC\\go\\bin;C:\\Users\\PC\\AppData\\Local\\Android\\Sdk\\platform-tools;C:\\Users\\PC\\AppData\\Local\\Muse Hub\\lib;C:\\Users\\PC\\AppData\\Local\\Programs\\Antigravity\\bin;C:\\Users\\PC\\.dotnet\\tools;C:\\ffmpeg-8.0.1-essentials_build\\ffmpeg-8.0.1-essentials_build\\bin;C:\\Users\\PC\\AppData\\Local\\Microsoft\\WinGet\\Packages\\Gyan.FFmpeg_Microsoft.Winget.Source_8wekyb3d8bbwe\\ffmpeg-8.0.1-full_build\\bin;C:\\Users\\PC\\AppData\\Roaming\\npm;C:\\Users\\PC\\AppData\\Local\\Programs\\Ollama'
    'SystemRoot' => 'C:\\WINDOWS'
    'COMSPEC' => 'C:\\WINDOWS\\system32\\cmd.exe'
    'PATHEXT' => '.COM;.EXE;.BAT;.CMD;.VBS;.VBE;.JS;.JSE;.WSF;.WSH;.MSC'
    'WINDIR' => 'C:\\WINDOWS'
    'SERVER_SIGNATURE' => '<address>Apache/2.4.17 (Win32) OpenSSL/1.0.2d PHP/5.6.19 Server at localhost Port 8123</address>
'
    'SERVER_SOFTWARE' => 'Apache/2.4.17 (Win32) OpenSSL/1.0.2d PHP/5.6.19'
    'SERVER_NAME' => 'localhost'
    'SERVER_ADDR' => '::1'
    'SERVER_PORT' => '8123'
    'REMOTE_ADDR' => '::1'
    'DOCUMENT_ROOT' => 'C:/xampp/htdocs'
    'REQUEST_SCHEME' => 'http'
    'CONTEXT_PREFIX' => ''
    'CONTEXT_DOCUMENT_ROOT' => 'C:/xampp/htdocs'
    'SERVER_ADMIN' => 'postmaster@localhost'
    'SCRIPT_FILENAME' => 'C:/xampp/htdocs/inlislite3/backend/index.php'
    'REMOTE_PORT' => '6585'
    'REDIRECT_URL' => 'http://localhost:8123/inlislite3/backend/pengkatalogan/katalog/checkbox-process'
    'GATEWAY_INTERFACE' => 'CGI/1.1'
    'SERVER_PROTOCOL' => 'HTTP/1.1'
    'REQUEST_METHOD' => 'POST'
    'QUERY_STRING' => ''
    'REQUEST_URI' => '/inlislite3/backend/pengkatalogan/katalog/checkbox-process'
    'SCRIPT_NAME' => '/inlislite3/backend/index.php'
    'PHP_SELF' => '/inlislite3/backend/index.php'
    'REQUEST_TIME_FLOAT' => 1780083995.35
    'REQUEST_TIME' => 1780083995
]
2026-05-30 02:47:22 [::1][33][1s9fuhs9q3j3ude96k2qpt64i7][error][yii\db\Exception] exception 'PDOException' with message 'SQLSTATE[42000]: Syntax error or access violation: 1064 You have an error in your SQL syntax; check the manual that corresponds to your MariaDB server version for the right syntax to use near 'AND Tag LIKE '1%') `c`' at line 1' in C:\xampp\htdocs\inlislite3\vendor\yiisoft\yii2\db\Command.php:840
Stack trace:
#0 C:\xampp\htdocs\inlislite3\vendor\yiisoft\yii2\db\Command.php(840): PDOStatement->execute()
#1 C:\xampp\htdocs\inlislite3\vendor\yiisoft\yii2\db\Command.php(388): yii\db\Command->queryInternal('fetchColumn', 0)
#2 C:\xampp\htdocs\inlislite3\vendor\yiisoft\yii2\db\ActiveQuery.php(340): yii\db\Command->queryScalar()
#3 C:\xampp\htdocs\inlislite3\vendor\yiisoft\yii2\db\Query.php(300): yii\db\ActiveQuery->queryScalar('COUNT(*)', NULL)
#4 C:\xampp\htdocs\inlislite3\common\components\CatalogHelpers.php(266): yii\db\Query->count()
#5 C:\xampp\htdocs\inlislite3\common\components\CatalogHelpers.php(291): common\components\CatalogHelpers::hasTag(NULL, '1%')
#6 C:\xampp\htdocs\inlislite3\backend\modules\pengkatalogan\controllers\KatalogController.php(1031): common\components\CatalogHelpers::cetakKartu('19', 'ids%5B%5D=1')
#7 [internal function]: backend\modules\pengkatalogan\controllers\KatalogController->actionCheckboxProcess()
#8 C:\xampp\htdocs\inlislite3\vendor\yiisoft\yii2\base\InlineAction.php(55): call_user_func_array(Array, Array)
#9 C:\xampp\htdocs\inlislite3\vendor\yiisoft\yii2\base\Controller.php(154): yii\base\InlineAction->runWithParams(Array)
#10 C:\xampp\htdocs\inlislite3\vendor\yiisoft\yii2\base\Module.php(454): yii\base\Controller->runAction('checkbox-proces...', Array)
#11 C:\xampp\htdocs\inlislite3\vendor\yiisoft\yii2\web\Application.php(84): yii\base\Module->runAction('pengkatalogan/k...', Array)
#12 C:\xampp\htdocs\inlislite3\vendor\yiisoft\yii2\base\Application.php(375): yii\web\Application->handleRequest(Object(yii\web\Request))
#13 C:\xampp\htdocs\inlislite3\backend\index.php(18): yii\base\Application->run()
#14 {main}

Next exception 'yii\db\Exception' with message 'SQLSTATE[42000]: Syntax error or access violation: 1064 You have an error in your SQL syntax; check the manual that corresponds to your MariaDB server version for the right syntax to use near 'AND Tag LIKE '1%') `c`' at line 1
The SQL being executed was: SELECT COUNT(*) FROM (SELECT * FROM catalog_ruas WHERE CatalogId= AND Tag LIKE '1%') `c`' in C:\xampp\htdocs\inlislite3\vendor\yiisoft\yii2\db\Schema.php:628
Stack trace:
#0 C:\xampp\htdocs\inlislite3\vendor\yiisoft\yii2\db\Command.php(855): yii\db\Schema->convertException(Object(PDOException), 'SELECT COUNT(*)...')
#1 C:\xampp\htdocs\inlislite3\vendor\yiisoft\yii2\db\Command.php(388): yii\db\Command->queryInternal('fetchColumn', 0)
#2 C:\xampp\htdocs\inlislite3\vendor\yiisoft\yii2\db\ActiveQuery.php(340): yii\db\Command->queryScalar()
#3 C:\xampp\htdocs\inlislite3\vendor\yiisoft\yii2\db\Query.php(300): yii\db\ActiveQuery->queryScalar('COUNT(*)', NULL)
#4 C:\xampp\htdocs\inlislite3\common\components\CatalogHelpers.php(266): yii\db\Query->count()
#5 C:\xampp\htdocs\inlislite3\common\components\CatalogHelpers.php(291): common\components\CatalogHelpers::hasTag(NULL, '1%')
#6 C:\xampp\htdocs\inlislite3\backend\modules\pengkatalogan\controllers\KatalogController.php(1031): common\components\CatalogHelpers::cetakKartu('19', 'ids%5B%5D=1')
#7 [internal function]: backend\modules\pengkatalogan\controllers\KatalogController->actionCheckboxProcess()
#8 C:\xampp\htdocs\inlislite3\vendor\yiisoft\yii2\base\InlineAction.php(55): call_user_func_array(Array, Array)
#9 C:\xampp\htdocs\inlislite3\vendor\yiisoft\yii2\base\Controller.php(154): yii\base\InlineAction->runWithParams(Array)
#10 C:\xampp\htdocs\inlislite3\vendor\yiisoft\yii2\base\Module.php(454): yii\base\Controller->runAction('checkbox-proces...', Array)
#11 C:\xampp\htdocs\inlislite3\vendor\yiisoft\yii2\web\Application.php(84): yii\base\Module->runAction('pengkatalogan/k...', Array)
#12 C:\xampp\htdocs\inlislite3\vendor\yiisoft\yii2\base\Application.php(375): yii\web\Application->handleRequest(Object(yii\web\Request))
#13 C:\xampp\htdocs\inlislite3\backend\index.php(18): yii\base\Application->run()
#14 {main}
Additional Information:
Array
(
    [0] => 42000
    [1] => 1064
    [2] => You have an error in your SQL syntax; check the manual that corresponds to your MariaDB server version for the right syntax to use near 'AND Tag LIKE '1%') `c`' at line 1
)

2026-05-30 02:47:22 [::1][33][1s9fuhs9q3j3ude96k2qpt64i7][info][application] $_POST = [
    'row_id' => 'ids%5B%5D=1'
    'action' => 'KARTU'
    'actionid' => '19'
]

$_COOKIE = [
    '_identity' => 'af3e2a0e951dec577795a0c5ffd91cd682a11d709a13aa959f261807f7b4af33a:2:{i:0;s:9:\"_identity\";i:1;s:17:\"[33,null,2592000]\";}'
    'PHPSESSID' => '718jrmtjici3928ugnsicjpbu0'
    '_csrf' => '9e3c0ddc07f7eaa1efac9095c141f74018b5a3c0059f0a682a83460ebae20e49a:2:{i:0;s:5:\"_csrf\";i:1;s:32:\"nvvO1plo13Jo4ykzlJd2fdt1obS8vvSN\";}'
    '_backendInlislite' => 'c236315c244c8d18285deac09fda060c3fcb58bd773632298312344c5902ac1fa:2:{i:0;s:17:\"_backendInlislite\";i:1;s:32:\"UVhjZfg-arHj7b-XfjGH8l9fgKKe6dWz\";}'
    'backendSession' => '1s9fuhs9q3j3ude96k2qpt64i7'
]

$_SESSION = [
    '__flash' => []
    '__returnUrl' => '/inlislite3/backend/'
    'location' => '1'
    '__id' => 33
    'SessCatalogTabActive' => null
    'SessJilidKoleksiList' => null
]

$_SERVER = [
    'REDIRECT_MIBDIRS' => 'C:/xampp/php/extras/mibs'
    'REDIRECT_MYSQL_HOME' => '\\xampp\\mysql\\bin'
    'REDIRECT_OPENSSL_CONF' => 'C:/xampp/apache/bin/openssl.cnf'
    'REDIRECT_PHP_PEAR_SYSCONF_DIR' => '\\xampp\\php'
    'REDIRECT_PHPRC' => '\\xampp\\php'
    'REDIRECT_TMP' => '\\xampp\\tmp'
    'REDIRECT_STATUS' => '200'
    'MIBDIRS' => 'C:/xampp/php/extras/mibs'
    'MYSQL_HOME' => '\\xampp\\mysql\\bin'
    'OPENSSL_CONF' => 'C:/xampp/apache/bin/openssl.cnf'
    'PHP_PEAR_SYSCONF_DIR' => '\\xampp\\php'
    'PHPRC' => '\\xampp\\php'
    'TMP' => '\\xampp\\tmp'
    'HTTP_HOST' => 'localhost:8123'
    'HTTP_CONNECTION' => 'keep-alive'
    'CONTENT_LENGTH' => '49'
    'HTTP_SEC_CH_UA_PLATFORM' => '\"Windows\"'
    'HTTP_X_CSRF_TOKEN' => 'Y2YtLmk4Nms2MEVEM15RRgIUZUReWhszBQxqZlFUDw0ELWZLX1xhEQ=='
    'HTTP_SEC_CH_UA' => '\"Chromium\";v=\"148\", \"Google Chrome\";v=\"148\", \"Not/A)Brand\";v=\"99\"'
    'HTTP_SEC_CH_UA_MOBILE' => '?0'
    'HTTP_X_REQUESTED_WITH' => 'XMLHttpRequest'
    'HTTP_USER_AGENT' => 'Mozilla/5.0 (Windows NT 10.0; Win64; x64) AppleWebKit/537.36 (KHTML, like Gecko) Chrome/148.0.0.0 Safari/537.36'
    'HTTP_ACCEPT' => '*/*'
    'CONTENT_TYPE' => 'application/x-www-form-urlencoded; charset=UTF-8'
    'HTTP_ORIGIN' => 'http://localhost:8123'
    'HTTP_SEC_FETCH_SITE' => 'same-origin'
    'HTTP_SEC_FETCH_MODE' => 'cors'
    'HTTP_SEC_FETCH_DEST' => 'empty'
    'HTTP_REFERER' => 'http://localhost:8123/inlislite3/backend/pengkatalogan/katalog/index'
    'HTTP_ACCEPT_ENCODING' => 'gzip, deflate, br, zstd'
    'HTTP_ACCEPT_LANGUAGE' => 'en-US,en;q=0.9,id;q=0.8'
    'HTTP_COOKIE' => '_identity=af3e2a0e951dec577795a0c5ffd91cd682a11d709a13aa959f261807f7b4af33a%3A2%3A%7Bi%3A0%3Bs%3A9%3A%22_identity%22%3Bi%3A1%3Bs%3A17%3A%22%5B33%2Cnull%2C2592000%5D%22%3B%7D; PHPSESSID=718jrmtjici3928ugnsicjpbu0; _csrf=9e3c0ddc07f7eaa1efac9095c141f74018b5a3c0059f0a682a83460ebae20e49a%3A2%3A%7Bi%3A0%3Bs%3A5%3A%22_csrf%22%3Bi%3A1%3Bs%3A32%3A%22nvvO1plo13Jo4ykzlJd2fdt1obS8vvSN%22%3B%7D; _backendInlislite=c236315c244c8d18285deac09fda060c3fcb58bd773632298312344c5902ac1fa%3A2%3A%7Bi%3A0%3Bs%3A17%3A%22_backendInlislite%22%3Bi%3A1%3Bs%3A32%3A%22UVhjZfg-arHj7b-XfjGH8l9fgKKe6dWz%22%3B%7D; backendSession=1s9fuhs9q3j3ude96k2qpt64i7'
    'PATH' => 'C:\\Program Files (x86)\\Common Files\\Intel\\Shared Libraries\\redist\\intel64\\compiler;C:\\Program Files\\Common Files\\Oracle\\Java\\javapath;C:\\WINDOWS\\system32;C:\\WINDOWS;C:\\WINDOWS\\System32\\Wbem;C:\\WINDOWS\\System32\\WindowsPowerShell\\v1.0\\;C:\\WINDOWS\\System32\\OpenSSH\\;C:\\Program Files\\Git\\cmd;C:\\Program Files\\Java\\jdk-23\\bin;;C:\\Program Files\\dotnet\\;C:\\Program Files\\GitHub CLI\\;C:\\Program Files\\nodejs\\;C:\\Users\\PC\\.cargo\\bin;C:\\Users\\PC\\.local\\bin;C:\\Users\\PC\\AppData\\Local\\Programs\\Python\\Python312\\Scripts\\;C:\\Users\\PC\\AppData\\Local\\Programs\\Python\\Python312\\;C:\\Users\\PC\\AppData\\Local\\Microsoft\\WindowsApps;C:\\Users\\PC\\AppData\\Local\\Programs\\Microsoft VS Code\\bin;C:\\Users\\PC\\AppData\\Local\\Microsoft\\WinGet\\Packages\\Schniz.fnm_Microsoft.Winget.Source_8wekyb3d8bbwe;C:\\titan;C:\\Users\\PC\\go\\bin;C:\\Users\\PC\\AppData\\Local\\Android\\Sdk\\platform-tools;C:\\Users\\PC\\AppData\\Local\\Muse Hub\\lib;C:\\Users\\PC\\AppData\\Local\\Programs\\Antigravity\\bin;C:\\Users\\PC\\.dotnet\\tools;C:\\ffmpeg-8.0.1-essentials_build\\ffmpeg-8.0.1-essentials_build\\bin;C:\\Users\\PC\\AppData\\Local\\Microsoft\\WinGet\\Packages\\Gyan.FFmpeg_Microsoft.Winget.Source_8wekyb3d8bbwe\\ffmpeg-8.0.1-full_build\\bin;C:\\Users\\PC\\AppData\\Roaming\\npm;C:\\Users\\PC\\AppData\\Local\\Programs\\Ollama'
    'SystemRoot' => 'C:\\WINDOWS'
    'COMSPEC' => 'C:\\WINDOWS\\system32\\cmd.exe'
    'PATHEXT' => '.COM;.EXE;.BAT;.CMD;.VBS;.VBE;.JS;.JSE;.WSF;.WSH;.MSC'
    'WINDIR' => 'C:\\WINDOWS'
    'SERVER_SIGNATURE' => '<address>Apache/2.4.17 (Win32) OpenSSL/1.0.2d PHP/5.6.19 Server at localhost Port 8123</address>
'
    'SERVER_SOFTWARE' => 'Apache/2.4.17 (Win32) OpenSSL/1.0.2d PHP/5.6.19'
    'SERVER_NAME' => 'localhost'
    'SERVER_ADDR' => '::1'
    'SERVER_PORT' => '8123'
    'REMOTE_ADDR' => '::1'
    'DOCUMENT_ROOT' => 'C:/xampp/htdocs'
    'REQUEST_SCHEME' => 'http'
    'CONTEXT_PREFIX' => ''
    'CONTEXT_DOCUMENT_ROOT' => 'C:/xampp/htdocs'
    'SERVER_ADMIN' => 'postmaster@localhost'
    'SCRIPT_FILENAME' => 'C:/xampp/htdocs/inlislite3/backend/index.php'
    'REMOTE_PORT' => '10046'
    'REDIRECT_URL' => 'http://localhost:8123/inlislite3/backend/pengkatalogan/katalog/checkbox-process'
    'GATEWAY_INTERFACE' => 'CGI/1.1'
    'SERVER_PROTOCOL' => 'HTTP/1.1'
    'REQUEST_METHOD' => 'POST'
    'QUERY_STRING' => ''
    'REQUEST_URI' => '/inlislite3/backend/pengkatalogan/katalog/checkbox-process'
    'SCRIPT_NAME' => '/inlislite3/backend/index.php'
    'PHP_SELF' => '/inlislite3/backend/index.php'
    'REQUEST_TIME_FLOAT' => 1780084042.744
    'REQUEST_TIME' => 1780084042
]
2026-05-30 17:50:24 [::1][33][cbosp3p2k29cc979u2s7d9cil6][error][yii\web\HttpException:404] exception 'yii\base\InvalidRouteException' with message 'Unable to resolve the request "uploaded_files/aplikasi/favicon.png".' in C:\xampp\htdocs\inlislite3\vendor\yiisoft\yii2\base\Module.php:460
Stack trace:
#0 C:\xampp\htdocs\inlislite3\vendor\yiisoft\yii2\web\Application.php(84): yii\base\Module->runAction('uploaded_files/...', Array)
#1 C:\xampp\htdocs\inlislite3\vendor\yiisoft\yii2\base\Application.php(375): yii\web\Application->handleRequest(Object(yii\web\Request))
#2 C:\xampp\htdocs\inlislite3\backend\index.php(18): yii\base\Application->run()
#3 {main}

Next exception 'yii\web\NotFoundHttpException' with message 'Halaman tidak ditemukan.' in C:\xampp\htdocs\inlislite3\vendor\yiisoft\yii2\web\Application.php:96
Stack trace:
#0 C:\xampp\htdocs\inlislite3\vendor\yiisoft\yii2\base\Application.php(375): yii\web\Application->handleRequest(Object(yii\web\Request))
#1 C:\xampp\htdocs\inlislite3\backend\index.php(18): yii\base\Application->run()
#2 {main}
2026-05-30 17:50:24 [::1][33][cbosp3p2k29cc979u2s7d9cil6][info][application] $_COOKIE = [
    '_identity' => 'af3e2a0e951dec577795a0c5ffd91cd682a11d709a13aa959f261807f7b4af33a:2:{i:0;s:9:\"_identity\";i:1;s:17:\"[33,null,2592000]\";}'
    'PHPSESSID' => 'kpgbg4ht5papniscnhsj23qq30'
    '_csrf' => '3fa995463d57eb0b5d5e3558e38ae2d0b88a5ce22ee095c6c196352c2134e9c9a:2:{i:0;s:5:\"_csrf\";i:1;s:32:\"3AO6qRuxYOiPLTs7p7QfHWS7saKN2cU1\";}'
    '_backendInlislite' => '40092e475aea95c08165b41ad5a6f98d641d428e9ba6ee5bfe684b80ea33707ba:2:{i:0;s:17:\"_backendInlislite\";i:1;s:32:\"EATt1_Tr6auRwES1aPkt9jpeyvcYqX2G\";}'
    'backendSession' => 'cbosp3p2k29cc979u2s7d9cil6'
]

$_SESSION = [
    '__flash' => []
    '__returnUrl' => '/inlislite3/backend/'
    'location' => '1'
    '__id' => 33
]

$_SERVER = [
    'REDIRECT_MIBDIRS' => 'C:/xampp/php/extras/mibs'
    'REDIRECT_MYSQL_HOME' => '\\xampp\\mysql\\bin'
    'REDIRECT_OPENSSL_CONF' => 'C:/xampp/apache/bin/openssl.cnf'
    'REDIRECT_PHP_PEAR_SYSCONF_DIR' => '\\xampp\\php'
    'REDIRECT_PHPRC' => '\\xampp\\php'
    'REDIRECT_TMP' => '\\xampp\\tmp'
    'REDIRECT_STATUS' => '200'
    'MIBDIRS' => 'C:/xampp/php/extras/mibs'
    'MYSQL_HOME' => '\\xampp\\mysql\\bin'
    'OPENSSL_CONF' => 'C:/xampp/apache/bin/openssl.cnf'
    'PHP_PEAR_SYSCONF_DIR' => '\\xampp\\php'
    'PHPRC' => '\\xampp\\php'
    'TMP' => '\\xampp\\tmp'
    'HTTP_HOST' => 'localhost:8123'
    'HTTP_CONNECTION' => 'keep-alive'
    'HTTP_SEC_CH_UA_PLATFORM' => '\"Windows\"'
    'HTTP_USER_AGENT' => 'Mozilla/5.0 (Windows NT 10.0; Win64; x64) AppleWebKit/537.36 (KHTML, like Gecko) Chrome/148.0.0.0 Safari/537.36'
    'HTTP_SEC_CH_UA' => '\"Chromium\";v=\"148\", \"Google Chrome\";v=\"148\", \"Not/A)Brand\";v=\"99\"'
    'HTTP_SEC_CH_UA_MOBILE' => '?0'
    'HTTP_ACCEPT' => 'image/avif,image/webp,image/apng,image/svg+xml,image/*,*/*;q=0.8'
    'HTTP_SEC_FETCH_SITE' => 'same-origin'
    'HTTP_SEC_FETCH_MODE' => 'no-cors'
    'HTTP_SEC_FETCH_DEST' => 'image'
    'HTTP_REFERER' => 'http://localhost:8123/inlislite3/backend/'
    'HTTP_ACCEPT_ENCODING' => 'gzip, deflate, br, zstd'
    'HTTP_ACCEPT_LANGUAGE' => 'en-US,en;q=0.9,id;q=0.8'
    'HTTP_COOKIE' => '_identity=af3e2a0e951dec577795a0c5ffd91cd682a11d709a13aa959f261807f7b4af33a%3A2%3A%7Bi%3A0%3Bs%3A9%3A%22_identity%22%3Bi%3A1%3Bs%3A17%3A%22%5B33%2Cnull%2C2592000%5D%22%3B%7D; PHPSESSID=kpgbg4ht5papniscnhsj23qq30; _csrf=3fa995463d57eb0b5d5e3558e38ae2d0b88a5ce22ee095c6c196352c2134e9c9a%3A2%3A%7Bi%3A0%3Bs%3A5%3A%22_csrf%22%3Bi%3A1%3Bs%3A32%3A%223AO6qRuxYOiPLTs7p7QfHWS7saKN2cU1%22%3B%7D; _backendInlislite=40092e475aea95c08165b41ad5a6f98d641d428e9ba6ee5bfe684b80ea33707ba%3A2%3A%7Bi%3A0%3Bs%3A17%3A%22_backendInlislite%22%3Bi%3A1%3Bs%3A32%3A%22EATt1_Tr6auRwES1aPkt9jpeyvcYqX2G%22%3B%7D; backendSession=cbosp3p2k29cc979u2s7d9cil6'
    'PATH' => 'C:\\Program Files (x86)\\Common Files\\Intel\\Shared Libraries\\redist\\intel64\\compiler;C:\\Program Files\\Common Files\\Oracle\\Java\\javapath;C:\\WINDOWS\\system32;C:\\WINDOWS;C:\\WINDOWS\\System32\\Wbem;C:\\WINDOWS\\System32\\WindowsPowerShell\\v1.0\\;C:\\WINDOWS\\System32\\OpenSSH\\;C:\\Program Files\\Git\\cmd;C:\\Program Files\\Java\\jdk-23\\bin;;C:\\Program Files\\dotnet\\;C:\\Program Files\\GitHub CLI\\;C:\\Program Files\\nodejs\\;C:\\Users\\PC\\.cargo\\bin;C:\\Users\\PC\\.local\\bin;C:\\Users\\PC\\AppData\\Local\\Programs\\Python\\Python312\\Scripts\\;C:\\Users\\PC\\AppData\\Local\\Programs\\Python\\Python312\\;C:\\Users\\PC\\AppData\\Local\\Microsoft\\WindowsApps;C:\\Users\\PC\\AppData\\Local\\Programs\\Microsoft VS Code\\bin;C:\\Users\\PC\\AppData\\Local\\Microsoft\\WinGet\\Packages\\Schniz.fnm_Microsoft.Winget.Source_8wekyb3d8bbwe;C:\\titan;C:\\Users\\PC\\go\\bin;C:\\Users\\PC\\AppData\\Local\\Android\\Sdk\\platform-tools;C:\\Users\\PC\\AppData\\Local\\Muse Hub\\lib;C:\\Users\\PC\\AppData\\Local\\Programs\\Antigravity\\bin;C:\\Users\\PC\\.dotnet\\tools;C:\\ffmpeg-8.0.1-essentials_build\\ffmpeg-8.0.1-essentials_build\\bin;C:\\Users\\PC\\AppData\\Local\\Microsoft\\WinGet\\Packages\\Gyan.FFmpeg_Microsoft.Winget.Source_8wekyb3d8bbwe\\ffmpeg-8.0.1-full_build\\bin;C:\\Users\\PC\\AppData\\Roaming\\npm;C:\\Users\\PC\\AppData\\Local\\Programs\\Ollama'
    'SystemRoot' => 'C:\\WINDOWS'
    'COMSPEC' => 'C:\\WINDOWS\\system32\\cmd.exe'
    'PATHEXT' => '.COM;.EXE;.BAT;.CMD;.VBS;.VBE;.JS;.JSE;.WSF;.WSH;.MSC'
    'WINDIR' => 'C:\\WINDOWS'
    'SERVER_SIGNATURE' => '<address>Apache/2.4.17 (Win32) OpenSSL/1.0.2d PHP/5.6.19 Server at localhost Port 8123</address>
'
    'SERVER_SOFTWARE' => 'Apache/2.4.17 (Win32) OpenSSL/1.0.2d PHP/5.6.19'
    'SERVER_NAME' => 'localhost'
    'SERVER_ADDR' => '::1'
    'SERVER_PORT' => '8123'
    'REMOTE_ADDR' => '::1'
    'DOCUMENT_ROOT' => 'C:/xampp/htdocs'
    'REQUEST_SCHEME' => 'http'
    'CONTEXT_PREFIX' => ''
    'CONTEXT_DOCUMENT_ROOT' => 'C:/xampp/htdocs'
    'SERVER_ADMIN' => 'postmaster@localhost'
    'SCRIPT_FILENAME' => 'C:/xampp/htdocs/inlislite3/backend/index.php'
    'REMOTE_PORT' => '7929'
    'REDIRECT_URL' => 'http://localhost:8123/inlislite3/backend/uploaded_files/aplikasi/favicon.png'
    'GATEWAY_INTERFACE' => 'CGI/1.1'
    'SERVER_PROTOCOL' => 'HTTP/1.1'
    'REQUEST_METHOD' => 'GET'
    'QUERY_STRING' => ''
    'REQUEST_URI' => '/inlislite3/backend/uploaded_files/aplikasi/favicon.png'
    'SCRIPT_NAME' => '/inlislite3/backend/index.php'
    'PHP_SELF' => '/inlislite3/backend/index.php'
    'REQUEST_TIME_FLOAT' => 1780138224.065
    'REQUEST_TIME' => 1780138224
]
2026-05-30 17:53:24 [::1][33][-][error][yii\i18n\PhpMessageSource::loadFallbackMessages] The message file for category 'kvdate' does not exist: C:\xampp\htdocs\inlislite3\vendor\kartik-v\yii2-widget-datepicker/messages/idn/kvdate.php Fallback file does not exist as well: C:\xampp\htdocs\inlislite3\vendor\kartik-v\yii2-widget-datepicker/messages/id/kvdate.php
    in C:\xampp\htdocs\inlislite3\vendor\kartik-v\yii2-widget-datepicker\DatePicker.php:290
    in C:\xampp\htdocs\inlislite3\vendor\kartik-v\yii2-widget-datepicker\DatePicker.php:316
    in C:\xampp\htdocs\inlislite3\vendor\kartik-v\yii2-widget-datepicker\DatePicker.php:266
2026-05-30 17:53:24 [::1][33][-][info][application] $_GET = [
    'for' => 'coll'
    'rda' => '0'
]

$_COOKIE = [
    '_identity' => 'af3e2a0e951dec577795a0c5ffd91cd682a11d709a13aa959f261807f7b4af33a:2:{i:0;s:9:\"_identity\";i:1;s:17:\"[33,null,2592000]\";}'
    'PHPSESSID' => 'kpgbg4ht5papniscnhsj23qq30'
    '_csrf' => '3fa995463d57eb0b5d5e3558e38ae2d0b88a5ce22ee095c6c196352c2134e9c9a:2:{i:0;s:5:\"_csrf\";i:1;s:32:\"3AO6qRuxYOiPLTs7p7QfHWS7saKN2cU1\";}'
    '_backendInlislite' => '40092e475aea95c08165b41ad5a6f98d641d428e9ba6ee5bfe684b80ea33707ba:2:{i:0;s:17:\"_backendInlislite\";i:1;s:32:\"EATt1_Tr6auRwES1aPkt9jpeyvcYqX2G\";}'
    'backendSession' => 'cbosp3p2k29cc979u2s7d9cil6'
]

$_SESSION = [
    '__flash' => []
    '__returnUrl' => '/inlislite3/backend/'
    'location' => '1'
    '__id' => 33
    'taglist' => []
    'SessCatalogTabActive' => null
]

$_SERVER = [
    'REDIRECT_MIBDIRS' => 'C:/xampp/php/extras/mibs'
    'REDIRECT_MYSQL_HOME' => '\\xampp\\mysql\\bin'
    'REDIRECT_OPENSSL_CONF' => 'C:/xampp/apache/bin/openssl.cnf'
    'REDIRECT_PHP_PEAR_SYSCONF_DIR' => '\\xampp\\php'
    'REDIRECT_PHPRC' => '\\xampp\\php'
    'REDIRECT_TMP' => '\\xampp\\tmp'
    'REDIRECT_STATUS' => '200'
    'MIBDIRS' => 'C:/xampp/php/extras/mibs'
    'MYSQL_HOME' => '\\xampp\\mysql\\bin'
    'OPENSSL_CONF' => 'C:/xampp/apache/bin/openssl.cnf'
    'PHP_PEAR_SYSCONF_DIR' => '\\xampp\\php'
    'PHPRC' => '\\xampp\\php'
    'TMP' => '\\xampp\\tmp'
    'HTTP_HOST' => 'localhost:8123'
    'HTTP_CONNECTION' => 'keep-alive'
    'HTTP_SEC_CH_UA' => '\"Chromium\";v=\"148\", \"Google Chrome\";v=\"148\", \"Not/A)Brand\";v=\"99\"'
    'HTTP_SEC_CH_UA_MOBILE' => '?0'
    'HTTP_SEC_CH_UA_PLATFORM' => '\"Windows\"'
    'HTTP_UPGRADE_INSECURE_REQUESTS' => '1'
    'HTTP_USER_AGENT' => 'Mozilla/5.0 (Windows NT 10.0; Win64; x64) AppleWebKit/537.36 (KHTML, like Gecko) Chrome/148.0.0.0 Safari/537.36'
    'HTTP_ACCEPT' => 'text/html,application/xhtml+xml,application/xml;q=0.9,image/avif,image/webp,image/apng,*/*;q=0.8,application/signed-exchange;v=b3;q=0.7'
    'HTTP_SEC_FETCH_SITE' => 'same-origin'
    'HTTP_SEC_FETCH_MODE' => 'navigate'
    'HTTP_SEC_FETCH_USER' => '?1'
    'HTTP_SEC_FETCH_DEST' => 'document'
    'HTTP_REFERER' => 'http://localhost:8123/inlislite3/backend/pengkatalogan/katalog/index'
    'HTTP_ACCEPT_ENCODING' => 'gzip, deflate, br, zstd'
    'HTTP_ACCEPT_LANGUAGE' => 'en-US,en;q=0.9,id;q=0.8'
    'HTTP_COOKIE' => '_identity=af3e2a0e951dec577795a0c5ffd91cd682a11d709a13aa959f261807f7b4af33a%3A2%3A%7Bi%3A0%3Bs%3A9%3A%22_identity%22%3Bi%3A1%3Bs%3A17%3A%22%5B33%2Cnull%2C2592000%5D%22%3B%7D; PHPSESSID=kpgbg4ht5papniscnhsj23qq30; _csrf=3fa995463d57eb0b5d5e3558e38ae2d0b88a5ce22ee095c6c196352c2134e9c9a%3A2%3A%7Bi%3A0%3Bs%3A5%3A%22_csrf%22%3Bi%3A1%3Bs%3A32%3A%223AO6qRuxYOiPLTs7p7QfHWS7saKN2cU1%22%3B%7D; _backendInlislite=40092e475aea95c08165b41ad5a6f98d641d428e9ba6ee5bfe684b80ea33707ba%3A2%3A%7Bi%3A0%3Bs%3A17%3A%22_backendInlislite%22%3Bi%3A1%3Bs%3A32%3A%22EATt1_Tr6auRwES1aPkt9jpeyvcYqX2G%22%3B%7D; backendSession=cbosp3p2k29cc979u2s7d9cil6'
    'PATH' => 'C:\\Program Files (x86)\\Common Files\\Intel\\Shared Libraries\\redist\\intel64\\compiler;C:\\Program Files\\Common Files\\Oracle\\Java\\javapath;C:\\WINDOWS\\system32;C:\\WINDOWS;C:\\WINDOWS\\System32\\Wbem;C:\\WINDOWS\\System32\\WindowsPowerShell\\v1.0\\;C:\\WINDOWS\\System32\\OpenSSH\\;C:\\Program Files\\Git\\cmd;C:\\Program Files\\Java\\jdk-23\\bin;;C:\\Program Files\\dotnet\\;C:\\Program Files\\GitHub CLI\\;C:\\Program Files\\nodejs\\;C:\\Users\\PC\\.cargo\\bin;C:\\Users\\PC\\.local\\bin;C:\\Users\\PC\\AppData\\Local\\Programs\\Python\\Python312\\Scripts\\;C:\\Users\\PC\\AppData\\Local\\Programs\\Python\\Python312\\;C:\\Users\\PC\\AppData\\Local\\Microsoft\\WindowsApps;C:\\Users\\PC\\AppData\\Local\\Programs\\Microsoft VS Code\\bin;C:\\Users\\PC\\AppData\\Local\\Microsoft\\WinGet\\Packages\\Schniz.fnm_Microsoft.Winget.Source_8wekyb3d8bbwe;C:\\titan;C:\\Users\\PC\\go\\bin;C:\\Users\\PC\\AppData\\Local\\Android\\Sdk\\platform-tools;C:\\Users\\PC\\AppData\\Local\\Muse Hub\\lib;C:\\Users\\PC\\AppData\\Local\\Programs\\Antigravity\\bin;C:\\Users\\PC\\.dotnet\\tools;C:\\ffmpeg-8.0.1-essentials_build\\ffmpeg-8.0.1-essentials_build\\bin;C:\\Users\\PC\\AppData\\Local\\Microsoft\\WinGet\\Packages\\Gyan.FFmpeg_Microsoft.Winget.Source_8wekyb3d8bbwe\\ffmpeg-8.0.1-full_build\\bin;C:\\Users\\PC\\AppData\\Roaming\\npm;C:\\Users\\PC\\AppData\\Local\\Programs\\Ollama'
    'SystemRoot' => 'C:\\WINDOWS'
    'COMSPEC' => 'C:\\WINDOWS\\system32\\cmd.exe'
    'PATHEXT' => '.COM;.EXE;.BAT;.CMD;.VBS;.VBE;.JS;.JSE;.WSF;.WSH;.MSC'
    'WINDIR' => 'C:\\WINDOWS'
    'SERVER_SIGNATURE' => '<address>Apache/2.4.17 (Win32) OpenSSL/1.0.2d PHP/5.6.19 Server at localhost Port 8123</address>
'
    'SERVER_SOFTWARE' => 'Apache/2.4.17 (Win32) OpenSSL/1.0.2d PHP/5.6.19'
    'SERVER_NAME' => 'localhost'
    'SERVER_ADDR' => '::1'
    'SERVER_PORT' => '8123'
    'REMOTE_ADDR' => '::1'
    'DOCUMENT_ROOT' => 'C:/xampp/htdocs'
    'REQUEST_SCHEME' => 'http'
    'CONTEXT_PREFIX' => ''
    'CONTEXT_DOCUMENT_ROOT' => 'C:/xampp/htdocs'
    'SERVER_ADMIN' => 'postmaster@localhost'
    'SCRIPT_FILENAME' => 'C:/xampp/htdocs/inlislite3/backend/index.php'
    'REMOTE_PORT' => '14106'
    'REDIRECT_QUERY_STRING' => 'for=coll&rda=0'
    'REDIRECT_URL' => 'http://localhost:8123/inlislite3/backend/pengkatalogan/katalog/create?for=coll&rda=0'
    'GATEWAY_INTERFACE' => 'CGI/1.1'
    'SERVER_PROTOCOL' => 'HTTP/1.1'
    'REQUEST_METHOD' => 'GET'
    'QUERY_STRING' => 'for=coll&rda=0'
    'REQUEST_URI' => '/inlislite3/backend/pengkatalogan/katalog/create?for=coll&rda=0'
    'SCRIPT_NAME' => '/inlislite3/backend/index.php'
    'PHP_SELF' => '/inlislite3/backend/index.php'
    'REQUEST_TIME_FLOAT' => 1780138404.544
    'REQUEST_TIME' => 1780138404
]
2026-05-30 17:54:20 [::1][33][-][error][yii\i18n\PhpMessageSource::loadFallbackMessages] The message file for category 'kvdate' does not exist: C:\xampp\htdocs\inlislite3\vendor\kartik-v\yii2-widget-datepicker/messages/idn/kvdate.php Fallback file does not exist as well: C:\xampp\htdocs\inlislite3\vendor\kartik-v\yii2-widget-datepicker/messages/id/kvdate.php
    in C:\xampp\htdocs\inlislite3\vendor\kartik-v\yii2-widget-datepicker\DatePicker.php:290
    in C:\xampp\htdocs\inlislite3\vendor\kartik-v\yii2-widget-datepicker\DatePicker.php:316
    in C:\xampp\htdocs\inlislite3\vendor\kartik-v\yii2-widget-datepicker\DatePicker.php:266
2026-05-30 17:54:19 [::1][33][-][info][application] $_GET = [
    'for' => 'coll'
    'rda' => '0'
]

$_COOKIE = [
    '_identity' => 'af3e2a0e951dec577795a0c5ffd91cd682a11d709a13aa959f261807f7b4af33a:2:{i:0;s:9:\"_identity\";i:1;s:17:\"[33,null,2592000]\";}'
    'PHPSESSID' => 'kpgbg4ht5papniscnhsj23qq30'
    '_csrf' => '3fa995463d57eb0b5d5e3558e38ae2d0b88a5ce22ee095c6c196352c2134e9c9a:2:{i:0;s:5:\"_csrf\";i:1;s:32:\"3AO6qRuxYOiPLTs7p7QfHWS7saKN2cU1\";}'
    '_backendInlislite' => '40092e475aea95c08165b41ad5a6f98d641d428e9ba6ee5bfe684b80ea33707ba:2:{i:0;s:17:\"_backendInlislite\";i:1;s:32:\"EATt1_Tr6auRwES1aPkt9jpeyvcYqX2G\";}'
    'backendSession' => 'cbosp3p2k29cc979u2s7d9cil6'
]

$_SESSION = [
    '__flash' => []
    '__returnUrl' => '/inlislite3/backend/'
    'location' => '1'
    '__id' => 33
    'taglist' => []
    'SessCatalogTabActive' => null
]

$_SERVER = [
    'REDIRECT_MIBDIRS' => 'C:/xampp/php/extras/mibs'
    'REDIRECT_MYSQL_HOME' => '\\xampp\\mysql\\bin'
    'REDIRECT_OPENSSL_CONF' => 'C:/xampp/apache/bin/openssl.cnf'
    'REDIRECT_PHP_PEAR_SYSCONF_DIR' => '\\xampp\\php'
    'REDIRECT_PHPRC' => '\\xampp\\php'
    'REDIRECT_TMP' => '\\xampp\\tmp'
    'REDIRECT_STATUS' => '200'
    'MIBDIRS' => 'C:/xampp/php/extras/mibs'
    'MYSQL_HOME' => '\\xampp\\mysql\\bin'
    'OPENSSL_CONF' => 'C:/xampp/apache/bin/openssl.cnf'
    'PHP_PEAR_SYSCONF_DIR' => '\\xampp\\php'
    'PHPRC' => '\\xampp\\php'
    'TMP' => '\\xampp\\tmp'
    'HTTP_HOST' => 'localhost:8123'
    'HTTP_CONNECTION' => 'keep-alive'
    'HTTP_SEC_CH_UA' => '\"Chromium\";v=\"148\", \"Google Chrome\";v=\"148\", \"Not/A)Brand\";v=\"99\"'
    'HTTP_SEC_CH_UA_MOBILE' => '?0'
    'HTTP_SEC_CH_UA_PLATFORM' => '\"Windows\"'
    'HTTP_UPGRADE_INSECURE_REQUESTS' => '1'
    'HTTP_USER_AGENT' => 'Mozilla/5.0 (Windows NT 10.0; Win64; x64) AppleWebKit/537.36 (KHTML, like Gecko) Chrome/148.0.0.0 Safari/537.36'
    'HTTP_ACCEPT' => 'text/html,application/xhtml+xml,application/xml;q=0.9,image/avif,image/webp,image/apng,*/*;q=0.8,application/signed-exchange;v=b3;q=0.7'
    'HTTP_SEC_FETCH_SITE' => 'same-origin'
    'HTTP_SEC_FETCH_MODE' => 'navigate'
    'HTTP_SEC_FETCH_USER' => '?1'
    'HTTP_SEC_FETCH_DEST' => 'document'
    'HTTP_REFERER' => 'http://localhost:8123/inlislite3/backend/akuisisi/koleksi/index'
    'HTTP_ACCEPT_ENCODING' => 'gzip, deflate, br, zstd'
    'HTTP_ACCEPT_LANGUAGE' => 'en-US,en;q=0.9,id;q=0.8'
    'HTTP_COOKIE' => '_identity=af3e2a0e951dec577795a0c5ffd91cd682a11d709a13aa959f261807f7b4af33a%3A2%3A%7Bi%3A0%3Bs%3A9%3A%22_identity%22%3Bi%3A1%3Bs%3A17%3A%22%5B33%2Cnull%2C2592000%5D%22%3B%7D; PHPSESSID=kpgbg4ht5papniscnhsj23qq30; _csrf=3fa995463d57eb0b5d5e3558e38ae2d0b88a5ce22ee095c6c196352c2134e9c9a%3A2%3A%7Bi%3A0%3Bs%3A5%3A%22_csrf%22%3Bi%3A1%3Bs%3A32%3A%223AO6qRuxYOiPLTs7p7QfHWS7saKN2cU1%22%3B%7D; _backendInlislite=40092e475aea95c08165b41ad5a6f98d641d428e9ba6ee5bfe684b80ea33707ba%3A2%3A%7Bi%3A0%3Bs%3A17%3A%22_backendInlislite%22%3Bi%3A1%3Bs%3A32%3A%22EATt1_Tr6auRwES1aPkt9jpeyvcYqX2G%22%3B%7D; backendSession=cbosp3p2k29cc979u2s7d9cil6'
    'PATH' => 'C:\\Program Files (x86)\\Common Files\\Intel\\Shared Libraries\\redist\\intel64\\compiler;C:\\Program Files\\Common Files\\Oracle\\Java\\javapath;C:\\WINDOWS\\system32;C:\\WINDOWS;C:\\WINDOWS\\System32\\Wbem;C:\\WINDOWS\\System32\\WindowsPowerShell\\v1.0\\;C:\\WINDOWS\\System32\\OpenSSH\\;C:\\Program Files\\Git\\cmd;C:\\Program Files\\Java\\jdk-23\\bin;;C:\\Program Files\\dotnet\\;C:\\Program Files\\GitHub CLI\\;C:\\Program Files\\nodejs\\;C:\\Users\\PC\\.cargo\\bin;C:\\Users\\PC\\.local\\bin;C:\\Users\\PC\\AppData\\Local\\Programs\\Python\\Python312\\Scripts\\;C:\\Users\\PC\\AppData\\Local\\Programs\\Python\\Python312\\;C:\\Users\\PC\\AppData\\Local\\Microsoft\\WindowsApps;C:\\Users\\PC\\AppData\\Local\\Programs\\Microsoft VS Code\\bin;C:\\Users\\PC\\AppData\\Local\\Microsoft\\WinGet\\Packages\\Schniz.fnm_Microsoft.Winget.Source_8wekyb3d8bbwe;C:\\titan;C:\\Users\\PC\\go\\bin;C:\\Users\\PC\\AppData\\Local\\Android\\Sdk\\platform-tools;C:\\Users\\PC\\AppData\\Local\\Muse Hub\\lib;C:\\Users\\PC\\AppData\\Local\\Programs\\Antigravity\\bin;C:\\Users\\PC\\.dotnet\\tools;C:\\ffmpeg-8.0.1-essentials_build\\ffmpeg-8.0.1-essentials_build\\bin;C:\\Users\\PC\\AppData\\Local\\Microsoft\\WinGet\\Packages\\Gyan.FFmpeg_Microsoft.Winget.Source_8wekyb3d8bbwe\\ffmpeg-8.0.1-full_build\\bin;C:\\Users\\PC\\AppData\\Roaming\\npm;C:\\Users\\PC\\AppData\\Local\\Programs\\Ollama'
    'SystemRoot' => 'C:\\WINDOWS'
    'COMSPEC' => 'C:\\WINDOWS\\system32\\cmd.exe'
    'PATHEXT' => '.COM;.EXE;.BAT;.CMD;.VBS;.VBE;.JS;.JSE;.WSF;.WSH;.MSC'
    'WINDIR' => 'C:\\WINDOWS'
    'SERVER_SIGNATURE' => '<address>Apache/2.4.17 (Win32) OpenSSL/1.0.2d PHP/5.6.19 Server at localhost Port 8123</address>
'
    'SERVER_SOFTWARE' => 'Apache/2.4.17 (Win32) OpenSSL/1.0.2d PHP/5.6.19'
    'SERVER_NAME' => 'localhost'
    'SERVER_ADDR' => '::1'
    'SERVER_PORT' => '8123'
    'REMOTE_ADDR' => '::1'
    'DOCUMENT_ROOT' => 'C:/xampp/htdocs'
    'REQUEST_SCHEME' => 'http'
    'CONTEXT_PREFIX' => ''
    'CONTEXT_DOCUMENT_ROOT' => 'C:/xampp/htdocs'
    'SERVER_ADMIN' => 'postmaster@localhost'
    'SCRIPT_FILENAME' => 'C:/xampp/htdocs/inlislite3/backend/index.php'
    'REMOTE_PORT' => '4736'
    'REDIRECT_QUERY_STRING' => 'for=coll&rda=0'
    'REDIRECT_URL' => 'http://localhost:8123/inlislite3/backend/pengkatalogan/katalog/create?for=coll&rda=0'
    'GATEWAY_INTERFACE' => 'CGI/1.1'
    'SERVER_PROTOCOL' => 'HTTP/1.1'
    'REQUEST_METHOD' => 'GET'
    'QUERY_STRING' => 'for=coll&rda=0'
    'REQUEST_URI' => '/inlislite3/backend/pengkatalogan/katalog/create?for=coll&rda=0'
    'SCRIPT_NAME' => '/inlislite3/backend/index.php'
    'PHP_SELF' => '/inlislite3/backend/index.php'
    'REQUEST_TIME_FLOAT' => 1780138459.839
    'REQUEST_TIME' => 1780138459
]
2026-05-30 17:55:49 [::1][33][-][error][yii\i18n\PhpMessageSource::loadFallbackMessages] The message file for category 'kvdate' does not exist: C:\xampp\htdocs\inlislite3\vendor\kartik-v\yii2-widget-datepicker/messages/idn/kvdate.php Fallback file does not exist as well: C:\xampp\htdocs\inlislite3\vendor\kartik-v\yii2-widget-datepicker/messages/id/kvdate.php
    in C:\xampp\htdocs\inlislite3\vendor\kartik-v\yii2-widget-datepicker\DatePicker.php:290
    in C:\xampp\htdocs\inlislite3\vendor\kartik-v\yii2-widget-datepicker\DatePicker.php:316
    in C:\xampp\htdocs\inlislite3\vendor\kartik-v\yii2-widget-datepicker\DatePicker.php:266
2026-05-30 17:55:49 [::1][33][-][info][application] $_GET = [
    'for' => 'coll'
    'rda' => '0'
]

$_COOKIE = [
    '_identity' => 'af3e2a0e951dec577795a0c5ffd91cd682a11d709a13aa959f261807f7b4af33a:2:{i:0;s:9:\"_identity\";i:1;s:17:\"[33,null,2592000]\";}'
    'PHPSESSID' => 'kpgbg4ht5papniscnhsj23qq30'
    '_csrf' => '3fa995463d57eb0b5d5e3558e38ae2d0b88a5ce22ee095c6c196352c2134e9c9a:2:{i:0;s:5:\"_csrf\";i:1;s:32:\"3AO6qRuxYOiPLTs7p7QfHWS7saKN2cU1\";}'
    '_backendInlislite' => '40092e475aea95c08165b41ad5a6f98d641d428e9ba6ee5bfe684b80ea33707ba:2:{i:0;s:17:\"_backendInlislite\";i:1;s:32:\"EATt1_Tr6auRwES1aPkt9jpeyvcYqX2G\";}'
    'backendSession' => 'cbosp3p2k29cc979u2s7d9cil6'
]

$_SESSION = [
    '__flash' => []
    '__returnUrl' => '/inlislite3/backend/'
    'location' => '1'
    '__id' => 33
    'taglist' => []
    'SessCatalogTabActive' => null
]

$_SERVER = [
    'REDIRECT_MIBDIRS' => 'C:/xampp/php/extras/mibs'
    'REDIRECT_MYSQL_HOME' => '\\xampp\\mysql\\bin'
    'REDIRECT_OPENSSL_CONF' => 'C:/xampp/apache/bin/openssl.cnf'
    'REDIRECT_PHP_PEAR_SYSCONF_DIR' => '\\xampp\\php'
    'REDIRECT_PHPRC' => '\\xampp\\php'
    'REDIRECT_TMP' => '\\xampp\\tmp'
    'REDIRECT_STATUS' => '200'
    'MIBDIRS' => 'C:/xampp/php/extras/mibs'
    'MYSQL_HOME' => '\\xampp\\mysql\\bin'
    'OPENSSL_CONF' => 'C:/xampp/apache/bin/openssl.cnf'
    'PHP_PEAR_SYSCONF_DIR' => '\\xampp\\php'
    'PHPRC' => '\\xampp\\php'
    'TMP' => '\\xampp\\tmp'
    'HTTP_HOST' => 'localhost:8123'
    'HTTP_CONNECTION' => 'keep-alive'
    'HTTP_SEC_CH_UA' => '\"Chromium\";v=\"148\", \"Google Chrome\";v=\"148\", \"Not/A)Brand\";v=\"99\"'
    'HTTP_SEC_CH_UA_MOBILE' => '?0'
    'HTTP_SEC_CH_UA_PLATFORM' => '\"Windows\"'
    'HTTP_UPGRADE_INSECURE_REQUESTS' => '1'
    'HTTP_USER_AGENT' => 'Mozilla/5.0 (Windows NT 10.0; Win64; x64) AppleWebKit/537.36 (KHTML, like Gecko) Chrome/148.0.0.0 Safari/537.36'
    'HTTP_ACCEPT' => 'text/html,application/xhtml+xml,application/xml;q=0.9,image/avif,image/webp,image/apng,*/*;q=0.8,application/signed-exchange;v=b3;q=0.7'
    'HTTP_SEC_FETCH_SITE' => 'same-origin'
    'HTTP_SEC_FETCH_MODE' => 'navigate'
    'HTTP_SEC_FETCH_USER' => '?1'
    'HTTP_SEC_FETCH_DEST' => 'document'
    'HTTP_REFERER' => 'http://localhost:8123/inlislite3/backend/pengkatalogan/katalog/index'
    'HTTP_ACCEPT_ENCODING' => 'gzip, deflate, br, zstd'
    'HTTP_ACCEPT_LANGUAGE' => 'en-US,en;q=0.9,id;q=0.8'
    'HTTP_COOKIE' => '_identity=af3e2a0e951dec577795a0c5ffd91cd682a11d709a13aa959f261807f7b4af33a%3A2%3A%7Bi%3A0%3Bs%3A9%3A%22_identity%22%3Bi%3A1%3Bs%3A17%3A%22%5B33%2Cnull%2C2592000%5D%22%3B%7D; PHPSESSID=kpgbg4ht5papniscnhsj23qq30; _csrf=3fa995463d57eb0b5d5e3558e38ae2d0b88a5ce22ee095c6c196352c2134e9c9a%3A2%3A%7Bi%3A0%3Bs%3A5%3A%22_csrf%22%3Bi%3A1%3Bs%3A32%3A%223AO6qRuxYOiPLTs7p7QfHWS7saKN2cU1%22%3B%7D; _backendInlislite=40092e475aea95c08165b41ad5a6f98d641d428e9ba6ee5bfe684b80ea33707ba%3A2%3A%7Bi%3A0%3Bs%3A17%3A%22_backendInlislite%22%3Bi%3A1%3Bs%3A32%3A%22EATt1_Tr6auRwES1aPkt9jpeyvcYqX2G%22%3B%7D; backendSession=cbosp3p2k29cc979u2s7d9cil6'
    'PATH' => 'C:\\Program Files (x86)\\Common Files\\Intel\\Shared Libraries\\redist\\intel64\\compiler;C:\\Program Files\\Common Files\\Oracle\\Java\\javapath;C:\\WINDOWS\\system32;C:\\WINDOWS;C:\\WINDOWS\\System32\\Wbem;C:\\WINDOWS\\System32\\WindowsPowerShell\\v1.0\\;C:\\WINDOWS\\System32\\OpenSSH\\;C:\\Program Files\\Git\\cmd;C:\\Program Files\\Java\\jdk-23\\bin;;C:\\Program Files\\dotnet\\;C:\\Program Files\\GitHub CLI\\;C:\\Program Files\\nodejs\\;C:\\Users\\PC\\.cargo\\bin;C:\\Users\\PC\\.local\\bin;C:\\Users\\PC\\AppData\\Local\\Programs\\Python\\Python312\\Scripts\\;C:\\Users\\PC\\AppData\\Local\\Programs\\Python\\Python312\\;C:\\Users\\PC\\AppData\\Local\\Microsoft\\WindowsApps;C:\\Users\\PC\\AppData\\Local\\Programs\\Microsoft VS Code\\bin;C:\\Users\\PC\\AppData\\Local\\Microsoft\\WinGet\\Packages\\Schniz.fnm_Microsoft.Winget.Source_8wekyb3d8bbwe;C:\\titan;C:\\Users\\PC\\go\\bin;C:\\Users\\PC\\AppData\\Local\\Android\\Sdk\\platform-tools;C:\\Users\\PC\\AppData\\Local\\Muse Hub\\lib;C:\\Users\\PC\\AppData\\Local\\Programs\\Antigravity\\bin;C:\\Users\\PC\\.dotnet\\tools;C:\\ffmpeg-8.0.1-essentials_build\\ffmpeg-8.0.1-essentials_build\\bin;C:\\Users\\PC\\AppData\\Local\\Microsoft\\WinGet\\Packages\\Gyan.FFmpeg_Microsoft.Winget.Source_8wekyb3d8bbwe\\ffmpeg-8.0.1-full_build\\bin;C:\\Users\\PC\\AppData\\Roaming\\npm;C:\\Users\\PC\\AppData\\Local\\Programs\\Ollama'
    'SystemRoot' => 'C:\\WINDOWS'
    'COMSPEC' => 'C:\\WINDOWS\\system32\\cmd.exe'
    'PATHEXT' => '.COM;.EXE;.BAT;.CMD;.VBS;.VBE;.JS;.JSE;.WSF;.WSH;.MSC'
    'WINDIR' => 'C:\\WINDOWS'
    'SERVER_SIGNATURE' => '<address>Apache/2.4.17 (Win32) OpenSSL/1.0.2d PHP/5.6.19 Server at localhost Port 8123</address>
'
    'SERVER_SOFTWARE' => 'Apache/2.4.17 (Win32) OpenSSL/1.0.2d PHP/5.6.19'
    'SERVER_NAME' => 'localhost'
    'SERVER_ADDR' => '::1'
    'SERVER_PORT' => '8123'
    'REMOTE_ADDR' => '::1'
    'DOCUMENT_ROOT' => 'C:/xampp/htdocs'
    'REQUEST_SCHEME' => 'http'
    'CONTEXT_PREFIX' => ''
    'CONTEXT_DOCUMENT_ROOT' => 'C:/xampp/htdocs'
    'SERVER_ADMIN' => 'postmaster@localhost'
    'SCRIPT_FILENAME' => 'C:/xampp/htdocs/inlislite3/backend/index.php'
    'REMOTE_PORT' => '10499'
    'REDIRECT_QUERY_STRING' => 'for=coll&rda=0'
    'REDIRECT_URL' => 'http://localhost:8123/inlislite3/backend/pengkatalogan/katalog/create?for=coll&rda=0'
    'GATEWAY_INTERFACE' => 'CGI/1.1'
    'SERVER_PROTOCOL' => 'HTTP/1.1'
    'REQUEST_METHOD' => 'GET'
    'QUERY_STRING' => 'for=coll&rda=0'
    'REQUEST_URI' => '/inlislite3/backend/pengkatalogan/katalog/create?for=coll&rda=0'
    'SCRIPT_NAME' => '/inlislite3/backend/index.php'
    'PHP_SELF' => '/inlislite3/backend/index.php'
    'REQUEST_TIME_FLOAT' => 1780138549.638
    'REQUEST_TIME' => 1780138549
]
2026-05-30 17:56:40 [::1][33][-][error][yii\i18n\PhpMessageSource::loadFallbackMessages] The message file for category 'kvdate' does not exist: C:\xampp\htdocs\inlislite3\vendor\kartik-v\yii2-widget-datepicker/messages/idn/kvdate.php Fallback file does not exist as well: C:\xampp\htdocs\inlislite3\vendor\kartik-v\yii2-widget-datepicker/messages/id/kvdate.php
    in C:\xampp\htdocs\inlislite3\vendor\kartik-v\yii2-widget-datepicker\DatePicker.php:290
    in C:\xampp\htdocs\inlislite3\vendor\kartik-v\yii2-widget-datepicker\DatePicker.php:316
    in C:\xampp\htdocs\inlislite3\vendor\kartik-v\yii2-widget-datepicker\DatePicker.php:266
2026-05-30 17:56:40 [::1][33][-][info][application] $_GET = [
    'for' => 'coll'
    'rda' => '0'
]

$_COOKIE = [
    '_identity' => 'af3e2a0e951dec577795a0c5ffd91cd682a11d709a13aa959f261807f7b4af33a:2:{i:0;s:9:\"_identity\";i:1;s:17:\"[33,null,2592000]\";}'
    'PHPSESSID' => 'kpgbg4ht5papniscnhsj23qq30'
    '_csrf' => '3fa995463d57eb0b5d5e3558e38ae2d0b88a5ce22ee095c6c196352c2134e9c9a:2:{i:0;s:5:\"_csrf\";i:1;s:32:\"3AO6qRuxYOiPLTs7p7QfHWS7saKN2cU1\";}'
    '_backendInlislite' => '40092e475aea95c08165b41ad5a6f98d641d428e9ba6ee5bfe684b80ea33707ba:2:{i:0;s:17:\"_backendInlislite\";i:1;s:32:\"EATt1_Tr6auRwES1aPkt9jpeyvcYqX2G\";}'
    'backendSession' => 'cbosp3p2k29cc979u2s7d9cil6'
]

$_SESSION = [
    '__flash' => []
    '__returnUrl' => '/inlislite3/backend/'
    'location' => '1'
    '__id' => 33
    'taglist' => []
    'SessCatalogTabActive' => null
]

$_SERVER = [
    'REDIRECT_MIBDIRS' => 'C:/xampp/php/extras/mibs'
    'REDIRECT_MYSQL_HOME' => '\\xampp\\mysql\\bin'
    'REDIRECT_OPENSSL_CONF' => 'C:/xampp/apache/bin/openssl.cnf'
    'REDIRECT_PHP_PEAR_SYSCONF_DIR' => '\\xampp\\php'
    'REDIRECT_PHPRC' => '\\xampp\\php'
    'REDIRECT_TMP' => '\\xampp\\tmp'
    'REDIRECT_STATUS' => '200'
    'MIBDIRS' => 'C:/xampp/php/extras/mibs'
    'MYSQL_HOME' => '\\xampp\\mysql\\bin'
    'OPENSSL_CONF' => 'C:/xampp/apache/bin/openssl.cnf'
    'PHP_PEAR_SYSCONF_DIR' => '\\xampp\\php'
    'PHPRC' => '\\xampp\\php'
    'TMP' => '\\xampp\\tmp'
    'HTTP_HOST' => 'localhost:8123'
    'HTTP_CONNECTION' => 'keep-alive'
    'HTTP_SEC_CH_UA' => '\"Chromium\";v=\"148\", \"Google Chrome\";v=\"148\", \"Not/A)Brand\";v=\"99\"'
    'HTTP_SEC_CH_UA_MOBILE' => '?0'
    'HTTP_SEC_CH_UA_PLATFORM' => '\"Windows\"'
    'HTTP_UPGRADE_INSECURE_REQUESTS' => '1'
    'HTTP_USER_AGENT' => 'Mozilla/5.0 (Windows NT 10.0; Win64; x64) AppleWebKit/537.36 (KHTML, like Gecko) Chrome/148.0.0.0 Safari/537.36'
    'HTTP_ACCEPT' => 'text/html,application/xhtml+xml,application/xml;q=0.9,image/avif,image/webp,image/apng,*/*;q=0.8,application/signed-exchange;v=b3;q=0.7'
    'HTTP_SEC_FETCH_SITE' => 'same-origin'
    'HTTP_SEC_FETCH_MODE' => 'navigate'
    'HTTP_SEC_FETCH_USER' => '?1'
    'HTTP_SEC_FETCH_DEST' => 'document'
    'HTTP_REFERER' => 'http://localhost:8123/inlislite3/backend/pengkatalogan/katalog/karantina'
    'HTTP_ACCEPT_ENCODING' => 'gzip, deflate, br, zstd'
    'HTTP_ACCEPT_LANGUAGE' => 'en-US,en;q=0.9,id;q=0.8'
    'HTTP_COOKIE' => '_identity=af3e2a0e951dec577795a0c5ffd91cd682a11d709a13aa959f261807f7b4af33a%3A2%3A%7Bi%3A0%3Bs%3A9%3A%22_identity%22%3Bi%3A1%3Bs%3A17%3A%22%5B33%2Cnull%2C2592000%5D%22%3B%7D; PHPSESSID=kpgbg4ht5papniscnhsj23qq30; _csrf=3fa995463d57eb0b5d5e3558e38ae2d0b88a5ce22ee095c6c196352c2134e9c9a%3A2%3A%7Bi%3A0%3Bs%3A5%3A%22_csrf%22%3Bi%3A1%3Bs%3A32%3A%223AO6qRuxYOiPLTs7p7QfHWS7saKN2cU1%22%3B%7D; _backendInlislite=40092e475aea95c08165b41ad5a6f98d641d428e9ba6ee5bfe684b80ea33707ba%3A2%3A%7Bi%3A0%3Bs%3A17%3A%22_backendInlislite%22%3Bi%3A1%3Bs%3A32%3A%22EATt1_Tr6auRwES1aPkt9jpeyvcYqX2G%22%3B%7D; backendSession=cbosp3p2k29cc979u2s7d9cil6'
    'PATH' => 'C:\\Program Files (x86)\\Common Files\\Intel\\Shared Libraries\\redist\\intel64\\compiler;C:\\Program Files\\Common Files\\Oracle\\Java\\javapath;C:\\WINDOWS\\system32;C:\\WINDOWS;C:\\WINDOWS\\System32\\Wbem;C:\\WINDOWS\\System32\\WindowsPowerShell\\v1.0\\;C:\\WINDOWS\\System32\\OpenSSH\\;C:\\Program Files\\Git\\cmd;C:\\Program Files\\Java\\jdk-23\\bin;;C:\\Program Files\\dotnet\\;C:\\Program Files\\GitHub CLI\\;C:\\Program Files\\nodejs\\;C:\\Users\\PC\\.cargo\\bin;C:\\Users\\PC\\.local\\bin;C:\\Users\\PC\\AppData\\Local\\Programs\\Python\\Python312\\Scripts\\;C:\\Users\\PC\\AppData\\Local\\Programs\\Python\\Python312\\;C:\\Users\\PC\\AppData\\Local\\Microsoft\\WindowsApps;C:\\Users\\PC\\AppData\\Local\\Programs\\Microsoft VS Code\\bin;C:\\Users\\PC\\AppData\\Local\\Microsoft\\WinGet\\Packages\\Schniz.fnm_Microsoft.Winget.Source_8wekyb3d8bbwe;C:\\titan;C:\\Users\\PC\\go\\bin;C:\\Users\\PC\\AppData\\Local\\Android\\Sdk\\platform-tools;C:\\Users\\PC\\AppData\\Local\\Muse Hub\\lib;C:\\Users\\PC\\AppData\\Local\\Programs\\Antigravity\\bin;C:\\Users\\PC\\.dotnet\\tools;C:\\ffmpeg-8.0.1-essentials_build\\ffmpeg-8.0.1-essentials_build\\bin;C:\\Users\\PC\\AppData\\Local\\Microsoft\\WinGet\\Packages\\Gyan.FFmpeg_Microsoft.Winget.Source_8wekyb3d8bbwe\\ffmpeg-8.0.1-full_build\\bin;C:\\Users\\PC\\AppData\\Roaming\\npm;C:\\Users\\PC\\AppData\\Local\\Programs\\Ollama'
    'SystemRoot' => 'C:\\WINDOWS'
    'COMSPEC' => 'C:\\WINDOWS\\system32\\cmd.exe'
    'PATHEXT' => '.COM;.EXE;.BAT;.CMD;.VBS;.VBE;.JS;.JSE;.WSF;.WSH;.MSC'
    'WINDIR' => 'C:\\WINDOWS'
    'SERVER_SIGNATURE' => '<address>Apache/2.4.17 (Win32) OpenSSL/1.0.2d PHP/5.6.19 Server at localhost Port 8123</address>
'
    'SERVER_SOFTWARE' => 'Apache/2.4.17 (Win32) OpenSSL/1.0.2d PHP/5.6.19'
    'SERVER_NAME' => 'localhost'
    'SERVER_ADDR' => '::1'
    'SERVER_PORT' => '8123'
    'REMOTE_ADDR' => '::1'
    'DOCUMENT_ROOT' => 'C:/xampp/htdocs'
    'REQUEST_SCHEME' => 'http'
    'CONTEXT_PREFIX' => ''
    'CONTEXT_DOCUMENT_ROOT' => 'C:/xampp/htdocs'
    'SERVER_ADMIN' => 'postmaster@localhost'
    'SCRIPT_FILENAME' => 'C:/xampp/htdocs/inlislite3/backend/index.php'
    'REMOTE_PORT' => '1477'
    'REDIRECT_QUERY_STRING' => 'for=coll&rda=0'
    'REDIRECT_URL' => 'http://localhost:8123/inlislite3/backend/pengkatalogan/katalog/create?for=coll&rda=0'
    'GATEWAY_INTERFACE' => 'CGI/1.1'
    'SERVER_PROTOCOL' => 'HTTP/1.1'
    'REQUEST_METHOD' => 'GET'
    'QUERY_STRING' => 'for=coll&rda=0'
    'REQUEST_URI' => '/inlislite3/backend/pengkatalogan/katalog/create?for=coll&rda=0'
    'SCRIPT_NAME' => '/inlislite3/backend/index.php'
    'PHP_SELF' => '/inlislite3/backend/index.php'
    'REQUEST_TIME_FLOAT' => 1780138600.686
    'REQUEST_TIME' => 1780138600
]
2026-05-30 18:21:46 [::1][33][-][error][yii\i18n\PhpMessageSource::loadFallbackMessages] The message file for category 'kvdate' does not exist: C:\xampp\htdocs\inlislite3\vendor\kartik-v\yii2-widget-datepicker/messages/idn/kvdate.php Fallback file does not exist as well: C:\xampp\htdocs\inlislite3\vendor\kartik-v\yii2-widget-datepicker/messages/id/kvdate.php
    in C:\xampp\htdocs\inlislite3\vendor\kartik-v\yii2-widget-datepicker\DatePicker.php:290
    in C:\xampp\htdocs\inlislite3\vendor\kartik-v\yii2-widget-datepicker\DatePicker.php:316
    in C:\xampp\htdocs\inlislite3\vendor\kartik-v\yii2-widget-datepicker\DatePicker.php:266
2026-05-30 18:21:46 [::1][33][-][info][application] $_GET = [
    'for' => 'coll'
    'rda' => '0'
]

$_COOKIE = [
    '_identity' => 'af3e2a0e951dec577795a0c5ffd91cd682a11d709a13aa959f261807f7b4af33a:2:{i:0;s:9:\"_identity\";i:1;s:17:\"[33,null,2592000]\";}'
    'PHPSESSID' => 'kpgbg4ht5papniscnhsj23qq30'
    '_csrf' => '3fa995463d57eb0b5d5e3558e38ae2d0b88a5ce22ee095c6c196352c2134e9c9a:2:{i:0;s:5:\"_csrf\";i:1;s:32:\"3AO6qRuxYOiPLTs7p7QfHWS7saKN2cU1\";}'
    '_backendInlislite' => '40092e475aea95c08165b41ad5a6f98d641d428e9ba6ee5bfe684b80ea33707ba:2:{i:0;s:17:\"_backendInlislite\";i:1;s:32:\"EATt1_Tr6auRwES1aPkt9jpeyvcYqX2G\";}'
    'backendSession' => 'cbosp3p2k29cc979u2s7d9cil6'
]

$_SESSION = [
    '__flash' => []
    '__returnUrl' => '/inlislite3/backend/'
    'location' => '1'
    '__id' => 33
    'taglist' => []
    'SessCatalogTabActive' => null
    'SessSuccessImportCollections' => 'Data Koleksi Berhasil Diimport'
    'SessJilidKoleksiList' => null
]

$_SERVER = [
    'REDIRECT_MIBDIRS' => 'C:/xampp/php/extras/mibs'
    'REDIRECT_MYSQL_HOME' => '\\xampp\\mysql\\bin'
    'REDIRECT_OPENSSL_CONF' => 'C:/xampp/apache/bin/openssl.cnf'
    'REDIRECT_PHP_PEAR_SYSCONF_DIR' => '\\xampp\\php'
    'REDIRECT_PHPRC' => '\\xampp\\php'
    'REDIRECT_TMP' => '\\xampp\\tmp'
    'REDIRECT_STATUS' => '200'
    'MIBDIRS' => 'C:/xampp/php/extras/mibs'
    'MYSQL_HOME' => '\\xampp\\mysql\\bin'
    'OPENSSL_CONF' => 'C:/xampp/apache/bin/openssl.cnf'
    'PHP_PEAR_SYSCONF_DIR' => '\\xampp\\php'
    'PHPRC' => '\\xampp\\php'
    'TMP' => '\\xampp\\tmp'
    'HTTP_HOST' => 'localhost:8123'
    'HTTP_CONNECTION' => 'keep-alive'
    'HTTP_SEC_CH_UA' => '\"Chromium\";v=\"148\", \"Google Chrome\";v=\"148\", \"Not/A)Brand\";v=\"99\"'
    'HTTP_SEC_CH_UA_MOBILE' => '?0'
    'HTTP_SEC_CH_UA_PLATFORM' => '\"Windows\"'
    'HTTP_UPGRADE_INSECURE_REQUESTS' => '1'
    'HTTP_USER_AGENT' => 'Mozilla/5.0 (Windows NT 10.0; Win64; x64) AppleWebKit/537.36 (KHTML, like Gecko) Chrome/148.0.0.0 Safari/537.36'
    'HTTP_ACCEPT' => 'text/html,application/xhtml+xml,application/xml;q=0.9,image/avif,image/webp,image/apng,*/*;q=0.8,application/signed-exchange;v=b3;q=0.7'
    'HTTP_SEC_FETCH_SITE' => 'same-origin'
    'HTTP_SEC_FETCH_MODE' => 'navigate'
    'HTTP_SEC_FETCH_USER' => '?1'
    'HTTP_SEC_FETCH_DEST' => 'document'
    'HTTP_REFERER' => 'http://localhost:8123/inlislite3/backend/akuisisi/koleksi-jilid/index'
    'HTTP_ACCEPT_ENCODING' => 'gzip, deflate, br, zstd'
    'HTTP_ACCEPT_LANGUAGE' => 'en-US,en;q=0.9,id;q=0.8'
    'HTTP_COOKIE' => '_identity=af3e2a0e951dec577795a0c5ffd91cd682a11d709a13aa959f261807f7b4af33a%3A2%3A%7Bi%3A0%3Bs%3A9%3A%22_identity%22%3Bi%3A1%3Bs%3A17%3A%22%5B33%2Cnull%2C2592000%5D%22%3B%7D; PHPSESSID=kpgbg4ht5papniscnhsj23qq30; _csrf=3fa995463d57eb0b5d5e3558e38ae2d0b88a5ce22ee095c6c196352c2134e9c9a%3A2%3A%7Bi%3A0%3Bs%3A5%3A%22_csrf%22%3Bi%3A1%3Bs%3A32%3A%223AO6qRuxYOiPLTs7p7QfHWS7saKN2cU1%22%3B%7D; _backendInlislite=40092e475aea95c08165b41ad5a6f98d641d428e9ba6ee5bfe684b80ea33707ba%3A2%3A%7Bi%3A0%3Bs%3A17%3A%22_backendInlislite%22%3Bi%3A1%3Bs%3A32%3A%22EATt1_Tr6auRwES1aPkt9jpeyvcYqX2G%22%3B%7D; backendSession=cbosp3p2k29cc979u2s7d9cil6'
    'PATH' => 'C:\\Program Files (x86)\\Common Files\\Intel\\Shared Libraries\\redist\\intel64\\compiler;C:\\Program Files\\Common Files\\Oracle\\Java\\javapath;C:\\WINDOWS\\system32;C:\\WINDOWS;C:\\WINDOWS\\System32\\Wbem;C:\\WINDOWS\\System32\\WindowsPowerShell\\v1.0\\;C:\\WINDOWS\\System32\\OpenSSH\\;C:\\Program Files\\Git\\cmd;C:\\Program Files\\Java\\jdk-23\\bin;;C:\\Program Files\\dotnet\\;C:\\Program Files\\GitHub CLI\\;C:\\Program Files\\nodejs\\;C:\\Users\\PC\\.cargo\\bin;C:\\Users\\PC\\.local\\bin;C:\\Users\\PC\\AppData\\Local\\Programs\\Python\\Python312\\Scripts\\;C:\\Users\\PC\\AppData\\Local\\Programs\\Python\\Python312\\;C:\\Users\\PC\\AppData\\Local\\Microsoft\\WindowsApps;C:\\Users\\PC\\AppData\\Local\\Programs\\Microsoft VS Code\\bin;C:\\Users\\PC\\AppData\\Local\\Microsoft\\WinGet\\Packages\\Schniz.fnm_Microsoft.Winget.Source_8wekyb3d8bbwe;C:\\titan;C:\\Users\\PC\\go\\bin;C:\\Users\\PC\\AppData\\Local\\Android\\Sdk\\platform-tools;C:\\Users\\PC\\AppData\\Local\\Muse Hub\\lib;C:\\Users\\PC\\AppData\\Local\\Programs\\Antigravity\\bin;C:\\Users\\PC\\.dotnet\\tools;C:\\ffmpeg-8.0.1-essentials_build\\ffmpeg-8.0.1-essentials_build\\bin;C:\\Users\\PC\\AppData\\Local\\Microsoft\\WinGet\\Packages\\Gyan.FFmpeg_Microsoft.Winget.Source_8wekyb3d8bbwe\\ffmpeg-8.0.1-full_build\\bin;C:\\Users\\PC\\AppData\\Roaming\\npm;C:\\Users\\PC\\AppData\\Local\\Programs\\Ollama'
    'SystemRoot' => 'C:\\WINDOWS'
    'COMSPEC' => 'C:\\WINDOWS\\system32\\cmd.exe'
    'PATHEXT' => '.COM;.EXE;.BAT;.CMD;.VBS;.VBE;.JS;.JSE;.WSF;.WSH;.MSC'
    'WINDIR' => 'C:\\WINDOWS'
    'SERVER_SIGNATURE' => '<address>Apache/2.4.17 (Win32) OpenSSL/1.0.2d PHP/5.6.19 Server at localhost Port 8123</address>
'
    'SERVER_SOFTWARE' => 'Apache/2.4.17 (Win32) OpenSSL/1.0.2d PHP/5.6.19'
    'SERVER_NAME' => 'localhost'
    'SERVER_ADDR' => '::1'
    'SERVER_PORT' => '8123'
    'REMOTE_ADDR' => '::1'
    'DOCUMENT_ROOT' => 'C:/xampp/htdocs'
    'REQUEST_SCHEME' => 'http'
    'CONTEXT_PREFIX' => ''
    'CONTEXT_DOCUMENT_ROOT' => 'C:/xampp/htdocs'
    'SERVER_ADMIN' => 'postmaster@localhost'
    'SCRIPT_FILENAME' => 'C:/xampp/htdocs/inlislite3/backend/index.php'
    'REMOTE_PORT' => '4834'
    'REDIRECT_QUERY_STRING' => 'for=coll&rda=0'
    'REDIRECT_URL' => 'http://localhost:8123/inlislite3/backend/pengkatalogan/katalog/create?for=coll&rda=0'
    'GATEWAY_INTERFACE' => 'CGI/1.1'
    'SERVER_PROTOCOL' => 'HTTP/1.1'
    'REQUEST_METHOD' => 'GET'
    'QUERY_STRING' => 'for=coll&rda=0'
    'REQUEST_URI' => '/inlislite3/backend/pengkatalogan/katalog/create?for=coll&rda=0'
    'SCRIPT_NAME' => '/inlislite3/backend/index.php'
    'PHP_SELF' => '/inlislite3/backend/index.php'
    'REQUEST_TIME_FLOAT' => 1780140106.064
    'REQUEST_TIME' => 1780140106
]
2026-05-30 18:21:49 [::1][33][-][error][yii\i18n\PhpMessageSource::loadFallbackMessages] The message file for category 'kvdate' does not exist: C:\xampp\htdocs\inlislite3\vendor\kartik-v\yii2-widget-datepicker/messages/idn/kvdate.php Fallback file does not exist as well: C:\xampp\htdocs\inlislite3\vendor\kartik-v\yii2-widget-datepicker/messages/id/kvdate.php
    in C:\xampp\htdocs\inlislite3\vendor\kartik-v\yii2-widget-datepicker\DatePicker.php:290
    in C:\xampp\htdocs\inlislite3\vendor\kartik-v\yii2-widget-datepicker\DatePicker.php:316
    in C:\xampp\htdocs\inlislite3\vendor\kartik-v\yii2-widget-datepicker\DatePicker.php:266
2026-05-30 18:21:49 [::1][33][-][info][application] $_GET = [
    'for' => 'coll'
    'rda' => '1'
]

$_COOKIE = [
    '_identity' => 'af3e2a0e951dec577795a0c5ffd91cd682a11d709a13aa959f261807f7b4af33a:2:{i:0;s:9:\"_identity\";i:1;s:17:\"[33,null,2592000]\";}'
    'PHPSESSID' => 'kpgbg4ht5papniscnhsj23qq30'
    '_csrf' => '3fa995463d57eb0b5d5e3558e38ae2d0b88a5ce22ee095c6c196352c2134e9c9a:2:{i:0;s:5:\"_csrf\";i:1;s:32:\"3AO6qRuxYOiPLTs7p7QfHWS7saKN2cU1\";}'
    '_backendInlislite' => '40092e475aea95c08165b41ad5a6f98d641d428e9ba6ee5bfe684b80ea33707ba:2:{i:0;s:17:\"_backendInlislite\";i:1;s:32:\"EATt1_Tr6auRwES1aPkt9jpeyvcYqX2G\";}'
    'backendSession' => 'cbosp3p2k29cc979u2s7d9cil6'
]

$_SESSION = [
    '__flash' => []
    '__returnUrl' => '/inlislite3/backend/'
    'location' => '1'
    '__id' => 33
    'taglist' => []
    'SessCatalogTabActive' => null
    'SessSuccessImportCollections' => 'Data Koleksi Berhasil Diimport'
    'SessJilidKoleksiList' => null
]

$_SERVER = [
    'REDIRECT_MIBDIRS' => 'C:/xampp/php/extras/mibs'
    'REDIRECT_MYSQL_HOME' => '\\xampp\\mysql\\bin'
    'REDIRECT_OPENSSL_CONF' => 'C:/xampp/apache/bin/openssl.cnf'
    'REDIRECT_PHP_PEAR_SYSCONF_DIR' => '\\xampp\\php'
    'REDIRECT_PHPRC' => '\\xampp\\php'
    'REDIRECT_TMP' => '\\xampp\\tmp'
    'REDIRECT_STATUS' => '200'
    'MIBDIRS' => 'C:/xampp/php/extras/mibs'
    'MYSQL_HOME' => '\\xampp\\mysql\\bin'
    'OPENSSL_CONF' => 'C:/xampp/apache/bin/openssl.cnf'
    'PHP_PEAR_SYSCONF_DIR' => '\\xampp\\php'
    'PHPRC' => '\\xampp\\php'
    'TMP' => '\\xampp\\tmp'
    'HTTP_HOST' => 'localhost:8123'
    'HTTP_CONNECTION' => 'keep-alive'
    'HTTP_SEC_CH_UA' => '\"Chromium\";v=\"148\", \"Google Chrome\";v=\"148\", \"Not/A)Brand\";v=\"99\"'
    'HTTP_SEC_CH_UA_MOBILE' => '?0'
    'HTTP_SEC_CH_UA_PLATFORM' => '\"Windows\"'
    'HTTP_UPGRADE_INSECURE_REQUESTS' => '1'
    'HTTP_USER_AGENT' => 'Mozilla/5.0 (Windows NT 10.0; Win64; x64) AppleWebKit/537.36 (KHTML, like Gecko) Chrome/148.0.0.0 Safari/537.36'
    'HTTP_ACCEPT' => 'text/html,application/xhtml+xml,application/xml;q=0.9,image/avif,image/webp,image/apng,*/*;q=0.8,application/signed-exchange;v=b3;q=0.7'
    'HTTP_SEC_FETCH_SITE' => 'same-origin'
    'HTTP_SEC_FETCH_MODE' => 'navigate'
    'HTTP_SEC_FETCH_USER' => '?1'
    'HTTP_SEC_FETCH_DEST' => 'document'
    'HTTP_REFERER' => 'http://localhost:8123/inlislite3/backend/pengkatalogan/katalog/create?for=coll&rda=0'
    'HTTP_ACCEPT_ENCODING' => 'gzip, deflate, br, zstd'
    'HTTP_ACCEPT_LANGUAGE' => 'en-US,en;q=0.9,id;q=0.8'
    'HTTP_COOKIE' => '_identity=af3e2a0e951dec577795a0c5ffd91cd682a11d709a13aa959f261807f7b4af33a%3A2%3A%7Bi%3A0%3Bs%3A9%3A%22_identity%22%3Bi%3A1%3Bs%3A17%3A%22%5B33%2Cnull%2C2592000%5D%22%3B%7D; PHPSESSID=kpgbg4ht5papniscnhsj23qq30; _csrf=3fa995463d57eb0b5d5e3558e38ae2d0b88a5ce22ee095c6c196352c2134e9c9a%3A2%3A%7Bi%3A0%3Bs%3A5%3A%22_csrf%22%3Bi%3A1%3Bs%3A32%3A%223AO6qRuxYOiPLTs7p7QfHWS7saKN2cU1%22%3B%7D; _backendInlislite=40092e475aea95c08165b41ad5a6f98d641d428e9ba6ee5bfe684b80ea33707ba%3A2%3A%7Bi%3A0%3Bs%3A17%3A%22_backendInlislite%22%3Bi%3A1%3Bs%3A32%3A%22EATt1_Tr6auRwES1aPkt9jpeyvcYqX2G%22%3B%7D; backendSession=cbosp3p2k29cc979u2s7d9cil6'
    'PATH' => 'C:\\Program Files (x86)\\Common Files\\Intel\\Shared Libraries\\redist\\intel64\\compiler;C:\\Program Files\\Common Files\\Oracle\\Java\\javapath;C:\\WINDOWS\\system32;C:\\WINDOWS;C:\\WINDOWS\\System32\\Wbem;C:\\WINDOWS\\System32\\WindowsPowerShell\\v1.0\\;C:\\WINDOWS\\System32\\OpenSSH\\;C:\\Program Files\\Git\\cmd;C:\\Program Files\\Java\\jdk-23\\bin;;C:\\Program Files\\dotnet\\;C:\\Program Files\\GitHub CLI\\;C:\\Program Files\\nodejs\\;C:\\Users\\PC\\.cargo\\bin;C:\\Users\\PC\\.local\\bin;C:\\Users\\PC\\AppData\\Local\\Programs\\Python\\Python312\\Scripts\\;C:\\Users\\PC\\AppData\\Local\\Programs\\Python\\Python312\\;C:\\Users\\PC\\AppData\\Local\\Microsoft\\WindowsApps;C:\\Users\\PC\\AppData\\Local\\Programs\\Microsoft VS Code\\bin;C:\\Users\\PC\\AppData\\Local\\Microsoft\\WinGet\\Packages\\Schniz.fnm_Microsoft.Winget.Source_8wekyb3d8bbwe;C:\\titan;C:\\Users\\PC\\go\\bin;C:\\Users\\PC\\AppData\\Local\\Android\\Sdk\\platform-tools;C:\\Users\\PC\\AppData\\Local\\Muse Hub\\lib;C:\\Users\\PC\\AppData\\Local\\Programs\\Antigravity\\bin;C:\\Users\\PC\\.dotnet\\tools;C:\\ffmpeg-8.0.1-essentials_build\\ffmpeg-8.0.1-essentials_build\\bin;C:\\Users\\PC\\AppData\\Local\\Microsoft\\WinGet\\Packages\\Gyan.FFmpeg_Microsoft.Winget.Source_8wekyb3d8bbwe\\ffmpeg-8.0.1-full_build\\bin;C:\\Users\\PC\\AppData\\Roaming\\npm;C:\\Users\\PC\\AppData\\Local\\Programs\\Ollama'
    'SystemRoot' => 'C:\\WINDOWS'
    'COMSPEC' => 'C:\\WINDOWS\\system32\\cmd.exe'
    'PATHEXT' => '.COM;.EXE;.BAT;.CMD;.VBS;.VBE;.JS;.JSE;.WSF;.WSH;.MSC'
    'WINDIR' => 'C:\\WINDOWS'
    'SERVER_SIGNATURE' => '<address>Apache/2.4.17 (Win32) OpenSSL/1.0.2d PHP/5.6.19 Server at localhost Port 8123</address>
'
    'SERVER_SOFTWARE' => 'Apache/2.4.17 (Win32) OpenSSL/1.0.2d PHP/5.6.19'
    'SERVER_NAME' => 'localhost'
    'SERVER_ADDR' => '::1'
    'SERVER_PORT' => '8123'
    'REMOTE_ADDR' => '::1'
    'DOCUMENT_ROOT' => 'C:/xampp/htdocs'
    'REQUEST_SCHEME' => 'http'
    'CONTEXT_PREFIX' => ''
    'CONTEXT_DOCUMENT_ROOT' => 'C:/xampp/htdocs'
    'SERVER_ADMIN' => 'postmaster@localhost'
    'SCRIPT_FILENAME' => 'C:/xampp/htdocs/inlislite3/backend/index.php'
    'REMOTE_PORT' => '6909'
    'REDIRECT_QUERY_STRING' => 'for=coll&rda=1'
    'REDIRECT_URL' => 'http://localhost:8123/inlislite3/backend/pengkatalogan/katalog/create?for=coll&rda=1'
    'GATEWAY_INTERFACE' => 'CGI/1.1'
    'SERVER_PROTOCOL' => 'HTTP/1.1'
    'REQUEST_METHOD' => 'GET'
    'QUERY_STRING' => 'for=coll&rda=1'
    'REQUEST_URI' => '/inlislite3/backend/pengkatalogan/katalog/create?for=coll&rda=1'
    'SCRIPT_NAME' => '/inlislite3/backend/index.php'
    'PHP_SELF' => '/inlislite3/backend/index.php'
    'REQUEST_TIME_FLOAT' => 1780140108.992
    'REQUEST_TIME' => 1780140108
]
2026-05-30 18:28:33 [::1][33][-][error][yii\i18n\PhpMessageSource::loadFallbackMessages] The message file for category 'kvdate' does not exist: C:\xampp\htdocs\inlislite3\vendor\kartik-v\yii2-widget-datepicker/messages/idn/kvdate.php Fallback file does not exist as well: C:\xampp\htdocs\inlislite3\vendor\kartik-v\yii2-widget-datepicker/messages/id/kvdate.php
    in C:\xampp\htdocs\inlislite3\vendor\kartik-v\yii2-widget-datepicker\DatePicker.php:290
    in C:\xampp\htdocs\inlislite3\vendor\kartik-v\yii2-widget-datepicker\DatePicker.php:316
    in C:\xampp\htdocs\inlislite3\vendor\kartik-v\yii2-widget-datepicker\DatePicker.php:266
2026-05-30 18:28:32 [::1][33][-][info][application] $_GET = [
    'for' => 'coll'
    'rda' => '0'
    'id' => '614'
    'edit' => 't'
    '_pjax' => '#myGridListColl-pjax'
]

$_COOKIE = [
    '_identity' => 'af3e2a0e951dec577795a0c5ffd91cd682a11d709a13aa959f261807f7b4af33a:2:{i:0;s:9:\"_identity\";i:1;s:17:\"[33,null,2592000]\";}'
    'PHPSESSID' => 'kpgbg4ht5papniscnhsj23qq30'
    '_csrf' => '3fa995463d57eb0b5d5e3558e38ae2d0b88a5ce22ee095c6c196352c2134e9c9a:2:{i:0;s:5:\"_csrf\";i:1;s:32:\"3AO6qRuxYOiPLTs7p7QfHWS7saKN2cU1\";}'
    '_backendInlislite' => '40092e475aea95c08165b41ad5a6f98d641d428e9ba6ee5bfe684b80ea33707ba:2:{i:0;s:17:\"_backendInlislite\";i:1;s:32:\"EATt1_Tr6auRwES1aPkt9jpeyvcYqX2G\";}'
    'backendSession' => 'cbosp3p2k29cc979u2s7d9cil6'
    'keanggotaanSession' => '05iv4q478aq0f9k8kpr43lhg56'
    '_OpacInlislite' => 'ec49166ff799bdf0c0256e9fa540becf997970ded72b0f0ea89409026e66974fa:2:{i:0;s:14:\"_OpacInlislite\";i:1;s:32:\"Ot75eKGoZ9H2rDvrOid2ZHkmMVpzWlpd\";}'
]

$_SESSION = [
    '__flash' => []
    '__returnUrl' => '/inlislite3/backend/'
    'location' => '1'
    '__id' => 33
    'taglist' => [
        'ruasid' => [
            '035' => [
                0 => 6133
            ]
            245 => 6134
            100 => 6135
            260 => [
                0 => 6136
            ]
            300 => 6137
            '020' => [
                0 => 6138
            ]
            '082' => [
                0 => 6139
            ]
        ]
        'inputvalue' => [
            '035' => [
                0 => '$a 0010-0526000614'
            ]
            245 => '$a Bukuku yang Pertama tentang Bunga'
            100 => '$a MUH. ABDUL KHAK'
            260 => [
                0 => '$b BADAN PENGEMBANGAN DAN PEMBINAAN BAHASA : jakarta timur ., 2022 $c 2022 '
            ]
            300 => '$a 20 HLM ; $c 22,9 CM'
            '020' => [
                0 => '$a 978-623-472-322-9'
            ]
            '082' => [
                0 => '$a 398.209 598'
            ]
            250 => '$a '
        ]
        'tagname' => [
            '035' => 'BIB-ID (Nomor kendali dari sistem lain)'
            245 => 'Pernyataan Judul'
            100 => 'Entri Utama -- Nama Orang'
            260 => 'Penerbitan (Impresum)'
            300 => 'Deskripsi Fisik'
            '020' => 'ISBN'
            '082' => 'Nomor Panggil Desimal Dewey (DDC)'
            250 => 'Pernyataan Edisi'
        ]
        'indicator' => [
            '035' => [
                0 => [
                    'ind1' => '#'
                    'ind2' => '#'
                ]
            ]
            245 => [
                'ind1' => '#'
                'ind2' => '#'
            ]
            100 => [
                'ind1' => '#'
                'ind2' => '#'
            ]
            260 => [
                0 => [
                    'ind1' => '#'
                    'ind2' => '#'
                ]
            ]
            300 => [
                'ind1' => '#'
                'ind2' => '#'
            ]
            '020' => [
                0 => [
                    'ind1' => '#'
                    'ind2' => '#'
                ]
            ]
            '082' => [
                0 => [
                    'ind1' => '#'
                    'ind2' => '#'
                ]
            ]
            250 => [
                'ind1' => '#'
                'ind2' => '#'
            ]
        ]
        'tagid' => [
            '020' => 31
            245 => 45
            250 => 46
            260 => 51
            '035' => 32
            100 => 39
            300 => 54
            '082' => 36
        ]
        'tagmandatory' => [
            '020' => false
            245 => true
            250 => false
            260 => true
            '035' => true
            100 => false
            300 => false
            '082' => false
        ]
        'taglength' => [
            '020' => -1
            245 => -1
            250 => -1
            260 => -1
            '035' => -1
            100 => -1
            300 => -1
            '082' => -1
        ]
        'tagenabled' => [
            '020' => true
            245 => true
            250 => true
            260 => true
            '035' => false
            100 => true
            300 => true
            '082' => true
        ]
        'tagiscustomable' => [
            '020' => false
            245 => false
            250 => false
            260 => false
            '035' => false
            100 => false
            300 => false
            '082' => false
        ]
        'tagfixed' => [
            '020' => false
            245 => false
            250 => false
            260 => false
            '035' => false
            100 => false
            300 => false
            '082' => false
        ]
        'tagrepeatable' => [
            '020' => true
            245 => false
            250 => false
            260 => true
            '035' => true
            100 => false
            300 => false
            '082' => true
        ]
    ]
    'SessCatalogTabActive' => null
    'SessSuccessImportCollections' => 'Data Koleksi Berhasil Diimport'
    'SessJilidKoleksiList' => null
]

$_SERVER = [
    'REDIRECT_MIBDIRS' => 'C:/xampp/php/extras/mibs'
    'REDIRECT_MYSQL_HOME' => '\\xampp\\mysql\\bin'
    'REDIRECT_OPENSSL_CONF' => 'C:/xampp/apache/bin/openssl.cnf'
    'REDIRECT_PHP_PEAR_SYSCONF_DIR' => '\\xampp\\php'
    'REDIRECT_PHPRC' => '\\xampp\\php'
    'REDIRECT_TMP' => '\\xampp\\tmp'
    'REDIRECT_STATUS' => '200'
    'MIBDIRS' => 'C:/xampp/php/extras/mibs'
    'MYSQL_HOME' => '\\xampp\\mysql\\bin'
    'OPENSSL_CONF' => 'C:/xampp/apache/bin/openssl.cnf'
    'PHP_PEAR_SYSCONF_DIR' => '\\xampp\\php'
    'PHPRC' => '\\xampp\\php'
    'TMP' => '\\xampp\\tmp'
    'HTTP_HOST' => 'localhost:8123'
    'HTTP_CONNECTION' => 'keep-alive'
    'HTTP_X_PJAX_CONTAINER' => '#myGridListColl-pjax'
    'HTTP_X_PJAX' => 'true'
    'HTTP_X_CSRF_TOKEN' => 'NS5LVzhxdDZwbx8jCS4gRANPPgVPNCcHVH4gIwEbBFNMWCgOSSlGcQ=='
    'HTTP_SEC_CH_UA_PLATFORM' => '\"Windows\"'
    'HTTP_SEC_CH_UA' => '\"Chromium\";v=\"148\", \"Google Chrome\";v=\"148\", \"Not/A)Brand\";v=\"99\"'
    'HTTP_SEC_CH_UA_MOBILE' => '?0'
    'HTTP_X_REQUESTED_WITH' => 'XMLHttpRequest'
    'HTTP_USER_AGENT' => 'Mozilla/5.0 (Windows NT 10.0; Win64; x64) AppleWebKit/537.36 (KHTML, like Gecko) Chrome/148.0.0.0 Safari/537.36'
    'HTTP_ACCEPT' => 'text/html, */*; q=0.01'
    'CONTENT_TYPE' => 'application/x-www-form-urlencoded; charset=UTF-8'
    'HTTP_SEC_FETCH_SITE' => 'same-origin'
    'HTTP_SEC_FETCH_MODE' => 'cors'
    'HTTP_SEC_FETCH_DEST' => 'empty'
    'HTTP_REFERER' => 'http://localhost:8123/inlislite3/backend/akuisisi/koleksi/index'
    'HTTP_ACCEPT_ENCODING' => 'gzip, deflate, br, zstd'
    'HTTP_ACCEPT_LANGUAGE' => 'en-US,en;q=0.9,id;q=0.8'
    'HTTP_COOKIE' => '_identity=af3e2a0e951dec577795a0c5ffd91cd682a11d709a13aa959f261807f7b4af33a%3A2%3A%7Bi%3A0%3Bs%3A9%3A%22_identity%22%3Bi%3A1%3Bs%3A17%3A%22%5B33%2Cnull%2C2592000%5D%22%3B%7D; PHPSESSID=kpgbg4ht5papniscnhsj23qq30; _csrf=3fa995463d57eb0b5d5e3558e38ae2d0b88a5ce22ee095c6c196352c2134e9c9a%3A2%3A%7Bi%3A0%3Bs%3A5%3A%22_csrf%22%3Bi%3A1%3Bs%3A32%3A%223AO6qRuxYOiPLTs7p7QfHWS7saKN2cU1%22%3B%7D; _backendInlislite=40092e475aea95c08165b41ad5a6f98d641d428e9ba6ee5bfe684b80ea33707ba%3A2%3A%7Bi%3A0%3Bs%3A17%3A%22_backendInlislite%22%3Bi%3A1%3Bs%3A32%3A%22EATt1_Tr6auRwES1aPkt9jpeyvcYqX2G%22%3B%7D; backendSession=cbosp3p2k29cc979u2s7d9cil6; keanggotaanSession=05iv4q478aq0f9k8kpr43lhg56; _OpacInlislite=ec49166ff799bdf0c0256e9fa540becf997970ded72b0f0ea89409026e66974fa%3A2%3A%7Bi%3A0%3Bs%3A14%3A%22_OpacInlislite%22%3Bi%3A1%3Bs%3A32%3A%22Ot75eKGoZ9H2rDvrOid2ZHkmMVpzWlpd%22%3B%7D'
    'PATH' => 'C:\\Program Files (x86)\\Common Files\\Intel\\Shared Libraries\\redist\\intel64\\compiler;C:\\Program Files\\Common Files\\Oracle\\Java\\javapath;C:\\WINDOWS\\system32;C:\\WINDOWS;C:\\WINDOWS\\System32\\Wbem;C:\\WINDOWS\\System32\\WindowsPowerShell\\v1.0\\;C:\\WINDOWS\\System32\\OpenSSH\\;C:\\Program Files\\Git\\cmd;C:\\Program Files\\Java\\jdk-23\\bin;;C:\\Program Files\\dotnet\\;C:\\Program Files\\GitHub CLI\\;C:\\Program Files\\nodejs\\;C:\\Users\\PC\\.cargo\\bin;C:\\Users\\PC\\.local\\bin;C:\\Users\\PC\\AppData\\Local\\Programs\\Python\\Python312\\Scripts\\;C:\\Users\\PC\\AppData\\Local\\Programs\\Python\\Python312\\;C:\\Users\\PC\\AppData\\Local\\Microsoft\\WindowsApps;C:\\Users\\PC\\AppData\\Local\\Programs\\Microsoft VS Code\\bin;C:\\Users\\PC\\AppData\\Local\\Microsoft\\WinGet\\Packages\\Schniz.fnm_Microsoft.Winget.Source_8wekyb3d8bbwe;C:\\titan;C:\\Users\\PC\\go\\bin;C:\\Users\\PC\\AppData\\Local\\Android\\Sdk\\platform-tools;C:\\Users\\PC\\AppData\\Local\\Muse Hub\\lib;C:\\Users\\PC\\AppData\\Local\\Programs\\Antigravity\\bin;C:\\Users\\PC\\.dotnet\\tools;C:\\ffmpeg-8.0.1-essentials_build\\ffmpeg-8.0.1-essentials_build\\bin;C:\\Users\\PC\\AppData\\Local\\Microsoft\\WinGet\\Packages\\Gyan.FFmpeg_Microsoft.Winget.Source_8wekyb3d8bbwe\\ffmpeg-8.0.1-full_build\\bin;C:\\Users\\PC\\AppData\\Roaming\\npm;C:\\Users\\PC\\AppData\\Local\\Programs\\Ollama'
    'SystemRoot' => 'C:\\WINDOWS'
    'COMSPEC' => 'C:\\WINDOWS\\system32\\cmd.exe'
    'PATHEXT' => '.COM;.EXE;.BAT;.CMD;.VBS;.VBE;.JS;.JSE;.WSF;.WSH;.MSC'
    'WINDIR' => 'C:\\WINDOWS'
    'SERVER_SIGNATURE' => '<address>Apache/2.4.17 (Win32) OpenSSL/1.0.2d PHP/5.6.19 Server at localhost Port 8123</address>
'
    'SERVER_SOFTWARE' => 'Apache/2.4.17 (Win32) OpenSSL/1.0.2d PHP/5.6.19'
    'SERVER_NAME' => 'localhost'
    'SERVER_ADDR' => '::1'
    'SERVER_PORT' => '8123'
    'REMOTE_ADDR' => '::1'
    'DOCUMENT_ROOT' => 'C:/xampp/htdocs'
    'REQUEST_SCHEME' => 'http'
    'CONTEXT_PREFIX' => ''
    'CONTEXT_DOCUMENT_ROOT' => 'C:/xampp/htdocs'
    'SERVER_ADMIN' => 'postmaster@localhost'
    'SCRIPT_FILENAME' => 'C:/xampp/htdocs/inlislite3/backend/index.php'
    'REMOTE_PORT' => '11063'
    'REDIRECT_QUERY_STRING' => 'for=coll&rda=0&id=614&edit=t&_pjax=%23myGridListColl-pjax'
    'REDIRECT_URL' => 'http://localhost:8123/inlislite3/backend/pengkatalogan/katalog/update?for=coll&rda=0&id=614&edit=t&_pjax=%23myGridListColl-pjax'
    'GATEWAY_INTERFACE' => 'CGI/1.1'
    'SERVER_PROTOCOL' => 'HTTP/1.1'
    'REQUEST_METHOD' => 'GET'
    'QUERY_STRING' => 'for=coll&rda=0&id=614&edit=t&_pjax=%23myGridListColl-pjax'
    'REQUEST_URI' => '/inlislite3/backend/pengkatalogan/katalog/update?for=coll&rda=0&id=614&edit=t&_pjax=%23myGridListColl-pjax'
    'SCRIPT_NAME' => '/inlislite3/backend/index.php'
    'PHP_SELF' => '/inlislite3/backend/index.php'
    'REQUEST_TIME_FLOAT' => 1780140512.932
    'REQUEST_TIME' => 1780140512
]
2026-05-30 18:28:33 [::1][33][-][error][yii\i18n\PhpMessageSource::loadFallbackMessages] The message file for category 'kvdate' does not exist: C:\xampp\htdocs\inlislite3\vendor\kartik-v\yii2-widget-datepicker/messages/idn/kvdate.php Fallback file does not exist as well: C:\xampp\htdocs\inlislite3\vendor\kartik-v\yii2-widget-datepicker/messages/id/kvdate.php
    in C:\xampp\htdocs\inlislite3\vendor\kartik-v\yii2-widget-datepicker\DatePicker.php:290
    in C:\xampp\htdocs\inlislite3\vendor\kartik-v\yii2-widget-datepicker\DatePicker.php:316
    in C:\xampp\htdocs\inlislite3\vendor\kartik-v\yii2-widget-datepicker\DatePicker.php:266
2026-05-30 18:28:33 [::1][33][-][info][application] $_GET = [
    'for' => 'coll'
    'rda' => '0'
    'id' => '614'
    'edit' => 't'
]

$_COOKIE = [
    '_identity' => 'af3e2a0e951dec577795a0c5ffd91cd682a11d709a13aa959f261807f7b4af33a:2:{i:0;s:9:\"_identity\";i:1;s:17:\"[33,null,2592000]\";}'
    'PHPSESSID' => 'kpgbg4ht5papniscnhsj23qq30'
    '_csrf' => '3fa995463d57eb0b5d5e3558e38ae2d0b88a5ce22ee095c6c196352c2134e9c9a:2:{i:0;s:5:\"_csrf\";i:1;s:32:\"3AO6qRuxYOiPLTs7p7QfHWS7saKN2cU1\";}'
    '_backendInlislite' => '40092e475aea95c08165b41ad5a6f98d641d428e9ba6ee5bfe684b80ea33707ba:2:{i:0;s:17:\"_backendInlislite\";i:1;s:32:\"EATt1_Tr6auRwES1aPkt9jpeyvcYqX2G\";}'
    'backendSession' => 'cbosp3p2k29cc979u2s7d9cil6'
    'keanggotaanSession' => '05iv4q478aq0f9k8kpr43lhg56'
    '_OpacInlislite' => 'ec49166ff799bdf0c0256e9fa540becf997970ded72b0f0ea89409026e66974fa:2:{i:0;s:14:\"_OpacInlislite\";i:1;s:32:\"Ot75eKGoZ9H2rDvrOid2ZHkmMVpzWlpd\";}'
]

$_SESSION = [
    '__flash' => []
    '__returnUrl' => '/inlislite3/backend/'
    'location' => '1'
    '__id' => 33
    'taglist' => [
        'ruasid' => [
            '035' => [
                0 => 6133
            ]
            245 => 6134
            100 => 6135
            260 => [
                0 => 6136
            ]
            300 => 6137
            '020' => [
                0 => 6138
            ]
            '082' => [
                0 => 6139
            ]
        ]
        'inputvalue' => [
            '035' => [
                0 => '$a 0010-0526000614'
            ]
            245 => '$a Bukuku yang Pertama tentang Bunga'
            100 => '$a MUH. ABDUL KHAK'
            260 => [
                0 => '$b BADAN PENGEMBANGAN DAN PEMBINAAN BAHASA : jakarta timur ., 2022 $c 2022 '
            ]
            300 => '$a 20 HLM ; $c 22,9 CM'
            '020' => [
                0 => '$a 978-623-472-322-9'
            ]
            '082' => [
                0 => '$a 398.209 598'
            ]
            250 => '$a '
        ]
        'tagname' => [
            '035' => 'BIB-ID (Nomor kendali dari sistem lain)'
            245 => 'Pernyataan Judul'
            100 => 'Entri Utama -- Nama Orang'
            260 => 'Penerbitan (Impresum)'
            300 => 'Deskripsi Fisik'
            '020' => 'ISBN'
            '082' => 'Nomor Panggil Desimal Dewey (DDC)'
            250 => 'Pernyataan Edisi'
        ]
        'indicator' => [
            '035' => [
                0 => [
                    'ind1' => '#'
                    'ind2' => '#'
                ]
            ]
            245 => [
                'ind1' => '#'
                'ind2' => '#'
            ]
            100 => [
                'ind1' => '#'
                'ind2' => '#'
            ]
            260 => [
                0 => [
                    'ind1' => '#'
                    'ind2' => '#'
                ]
            ]
            300 => [
                'ind1' => '#'
                'ind2' => '#'
            ]
            '020' => [
                0 => [
                    'ind1' => '#'
                    'ind2' => '#'
                ]
            ]
            '082' => [
                0 => [
                    'ind1' => '#'
                    'ind2' => '#'
                ]
            ]
            250 => [
                'ind1' => '#'
                'ind2' => '#'
            ]
        ]
        'tagid' => [
            '020' => 31
            245 => 45
            250 => 46
            260 => 51
            '035' => 32
            100 => 39
            300 => 54
            '082' => 36
        ]
        'tagmandatory' => [
            '020' => false
            245 => true
            250 => false
            260 => true
            '035' => true
            100 => false
            300 => false
            '082' => false
        ]
        'taglength' => [
            '020' => -1
            245 => -1
            250 => -1
            260 => -1
            '035' => -1
            100 => -1
            300 => -1
            '082' => -1
        ]
        'tagenabled' => [
            '020' => true
            245 => true
            250 => true
            260 => true
            '035' => false
            100 => true
            300 => true
            '082' => true
        ]
        'tagiscustomable' => [
            '020' => false
            245 => false
            250 => false
            260 => false
            '035' => false
            100 => false
            300 => false
            '082' => false
        ]
        'tagfixed' => [
            '020' => false
            245 => false
            250 => false
            260 => false
            '035' => false
            100 => false
            300 => false
            '082' => false
        ]
        'tagrepeatable' => [
            '020' => true
            245 => false
            250 => false
            260 => true
            '035' => true
            100 => false
            300 => false
            '082' => true
        ]
    ]
    'SessCatalogTabActive' => null
    'SessSuccessImportCollections' => 'Data Koleksi Berhasil Diimport'
    'SessJilidKoleksiList' => null
]

$_SERVER = [
    'REDIRECT_MIBDIRS' => 'C:/xampp/php/extras/mibs'
    'REDIRECT_MYSQL_HOME' => '\\xampp\\mysql\\bin'
    'REDIRECT_OPENSSL_CONF' => 'C:/xampp/apache/bin/openssl.cnf'
    'REDIRECT_PHP_PEAR_SYSCONF_DIR' => '\\xampp\\php'
    'REDIRECT_PHPRC' => '\\xampp\\php'
    'REDIRECT_TMP' => '\\xampp\\tmp'
    'REDIRECT_STATUS' => '200'
    'MIBDIRS' => 'C:/xampp/php/extras/mibs'
    'MYSQL_HOME' => '\\xampp\\mysql\\bin'
    'OPENSSL_CONF' => 'C:/xampp/apache/bin/openssl.cnf'
    'PHP_PEAR_SYSCONF_DIR' => '\\xampp\\php'
    'PHPRC' => '\\xampp\\php'
    'TMP' => '\\xampp\\tmp'
    'HTTP_HOST' => 'localhost:8123'
    'HTTP_CONNECTION' => 'keep-alive'
    'HTTP_SEC_CH_UA' => '\"Chromium\";v=\"148\", \"Google Chrome\";v=\"148\", \"Not/A)Brand\";v=\"99\"'
    'HTTP_SEC_CH_UA_MOBILE' => '?0'
    'HTTP_SEC_CH_UA_PLATFORM' => '\"Windows\"'
    'HTTP_UPGRADE_INSECURE_REQUESTS' => '1'
    'HTTP_USER_AGENT' => 'Mozilla/5.0 (Windows NT 10.0; Win64; x64) AppleWebKit/537.36 (KHTML, like Gecko) Chrome/148.0.0.0 Safari/537.36'
    'HTTP_ACCEPT' => 'text/html,application/xhtml+xml,application/xml;q=0.9,image/avif,image/webp,image/apng,*/*;q=0.8,application/signed-exchange;v=b3;q=0.7'
    'HTTP_SEC_FETCH_SITE' => 'same-origin'
    'HTTP_SEC_FETCH_MODE' => 'navigate'
    'HTTP_SEC_FETCH_USER' => '?1'
    'HTTP_SEC_FETCH_DEST' => 'document'
    'HTTP_REFERER' => 'http://localhost:8123/inlislite3/backend/akuisisi/koleksi/index'
    'HTTP_ACCEPT_ENCODING' => 'gzip, deflate, br, zstd'
    'HTTP_ACCEPT_LANGUAGE' => 'en-US,en;q=0.9,id;q=0.8'
    'HTTP_COOKIE' => '_identity=af3e2a0e951dec577795a0c5ffd91cd682a11d709a13aa959f261807f7b4af33a%3A2%3A%7Bi%3A0%3Bs%3A9%3A%22_identity%22%3Bi%3A1%3Bs%3A17%3A%22%5B33%2Cnull%2C2592000%5D%22%3B%7D; PHPSESSID=kpgbg4ht5papniscnhsj23qq30; _csrf=3fa995463d57eb0b5d5e3558e38ae2d0b88a5ce22ee095c6c196352c2134e9c9a%3A2%3A%7Bi%3A0%3Bs%3A5%3A%22_csrf%22%3Bi%3A1%3Bs%3A32%3A%223AO6qRuxYOiPLTs7p7QfHWS7saKN2cU1%22%3B%7D; _backendInlislite=40092e475aea95c08165b41ad5a6f98d641d428e9ba6ee5bfe684b80ea33707ba%3A2%3A%7Bi%3A0%3Bs%3A17%3A%22_backendInlislite%22%3Bi%3A1%3Bs%3A32%3A%22EATt1_Tr6auRwES1aPkt9jpeyvcYqX2G%22%3B%7D; backendSession=cbosp3p2k29cc979u2s7d9cil6; keanggotaanSession=05iv4q478aq0f9k8kpr43lhg56; _OpacInlislite=ec49166ff799bdf0c0256e9fa540becf997970ded72b0f0ea89409026e66974fa%3A2%3A%7Bi%3A0%3Bs%3A14%3A%22_OpacInlislite%22%3Bi%3A1%3Bs%3A32%3A%22Ot75eKGoZ9H2rDvrOid2ZHkmMVpzWlpd%22%3B%7D'
    'PATH' => 'C:\\Program Files (x86)\\Common Files\\Intel\\Shared Libraries\\redist\\intel64\\compiler;C:\\Program Files\\Common Files\\Oracle\\Java\\javapath;C:\\WINDOWS\\system32;C:\\WINDOWS;C:\\WINDOWS\\System32\\Wbem;C:\\WINDOWS\\System32\\WindowsPowerShell\\v1.0\\;C:\\WINDOWS\\System32\\OpenSSH\\;C:\\Program Files\\Git\\cmd;C:\\Program Files\\Java\\jdk-23\\bin;;C:\\Program Files\\dotnet\\;C:\\Program Files\\GitHub CLI\\;C:\\Program Files\\nodejs\\;C:\\Users\\PC\\.cargo\\bin;C:\\Users\\PC\\.local\\bin;C:\\Users\\PC\\AppData\\Local\\Programs\\Python\\Python312\\Scripts\\;C:\\Users\\PC\\AppData\\Local\\Programs\\Python\\Python312\\;C:\\Users\\PC\\AppData\\Local\\Microsoft\\WindowsApps;C:\\Users\\PC\\AppData\\Local\\Programs\\Microsoft VS Code\\bin;C:\\Users\\PC\\AppData\\Local\\Microsoft\\WinGet\\Packages\\Schniz.fnm_Microsoft.Winget.Source_8wekyb3d8bbwe;C:\\titan;C:\\Users\\PC\\go\\bin;C:\\Users\\PC\\AppData\\Local\\Android\\Sdk\\platform-tools;C:\\Users\\PC\\AppData\\Local\\Muse Hub\\lib;C:\\Users\\PC\\AppData\\Local\\Programs\\Antigravity\\bin;C:\\Users\\PC\\.dotnet\\tools;C:\\ffmpeg-8.0.1-essentials_build\\ffmpeg-8.0.1-essentials_build\\bin;C:\\Users\\PC\\AppData\\Local\\Microsoft\\WinGet\\Packages\\Gyan.FFmpeg_Microsoft.Winget.Source_8wekyb3d8bbwe\\ffmpeg-8.0.1-full_build\\bin;C:\\Users\\PC\\AppData\\Roaming\\npm;C:\\Users\\PC\\AppData\\Local\\Programs\\Ollama'
    'SystemRoot' => 'C:\\WINDOWS'
    'COMSPEC' => 'C:\\WINDOWS\\system32\\cmd.exe'
    'PATHEXT' => '.COM;.EXE;.BAT;.CMD;.VBS;.VBE;.JS;.JSE;.WSF;.WSH;.MSC'
    'WINDIR' => 'C:\\WINDOWS'
    'SERVER_SIGNATURE' => '<address>Apache/2.4.17 (Win32) OpenSSL/1.0.2d PHP/5.6.19 Server at localhost Port 8123</address>
'
    'SERVER_SOFTWARE' => 'Apache/2.4.17 (Win32) OpenSSL/1.0.2d PHP/5.6.19'
    'SERVER_NAME' => 'localhost'
    'SERVER_ADDR' => '::1'
    'SERVER_PORT' => '8123'
    'REMOTE_ADDR' => '::1'
    'DOCUMENT_ROOT' => 'C:/xampp/htdocs'
    'REQUEST_SCHEME' => 'http'
    'CONTEXT_PREFIX' => ''
    'CONTEXT_DOCUMENT_ROOT' => 'C:/xampp/htdocs'
    'SERVER_ADMIN' => 'postmaster@localhost'
    'SCRIPT_FILENAME' => 'C:/xampp/htdocs/inlislite3/backend/index.php'
    'REMOTE_PORT' => '11063'
    'REDIRECT_QUERY_STRING' => 'for=coll&rda=0&id=614&edit=t'
    'REDIRECT_URL' => 'http://localhost:8123/inlislite3/backend/pengkatalogan/katalog/update?for=coll&rda=0&id=614&edit=t'
    'GATEWAY_INTERFACE' => 'CGI/1.1'
    'SERVER_PROTOCOL' => 'HTTP/1.1'
    'REQUEST_METHOD' => 'GET'
    'QUERY_STRING' => 'for=coll&rda=0&id=614&edit=t'
    'REQUEST_URI' => '/inlislite3/backend/pengkatalogan/katalog/update?for=coll&rda=0&id=614&edit=t'
    'SCRIPT_NAME' => '/inlislite3/backend/index.php'
    'PHP_SELF' => '/inlislite3/backend/index.php'
    'REQUEST_TIME_FLOAT' => 1780140513.336
    'REQUEST_TIME' => 1780140513
]
2026-05-30 18:28:57 [::1][33][-][error][yii\i18n\PhpMessageSource::loadFallbackMessages] The message file for category 'kvdate' does not exist: C:\xampp\htdocs\inlislite3\vendor\kartik-v\yii2-widget-datepicker/messages/idn/kvdate.php Fallback file does not exist as well: C:\xampp\htdocs\inlislite3\vendor\kartik-v\yii2-widget-datepicker/messages/id/kvdate.php
    in C:\xampp\htdocs\inlislite3\vendor\kartik-v\yii2-widget-datepicker\DatePicker.php:290
    in C:\xampp\htdocs\inlislite3\vendor\kartik-v\yii2-widget-datepicker\DatePicker.php:316
    in C:\xampp\htdocs\inlislite3\vendor\kartik-v\yii2-widget-datepicker\DatePicker.php:266
2026-05-30 18:28:57 [::1][33][-][info][application] $_GET = [
    'for' => 'coll'
    'rda' => '0'
]

$_COOKIE = [
    '_identity' => 'af3e2a0e951dec577795a0c5ffd91cd682a11d709a13aa959f261807f7b4af33a:2:{i:0;s:9:\"_identity\";i:1;s:17:\"[33,null,2592000]\";}'
    'PHPSESSID' => 'kpgbg4ht5papniscnhsj23qq30'
    '_csrf' => '3fa995463d57eb0b5d5e3558e38ae2d0b88a5ce22ee095c6c196352c2134e9c9a:2:{i:0;s:5:\"_csrf\";i:1;s:32:\"3AO6qRuxYOiPLTs7p7QfHWS7saKN2cU1\";}'
    '_backendInlislite' => '40092e475aea95c08165b41ad5a6f98d641d428e9ba6ee5bfe684b80ea33707ba:2:{i:0;s:17:\"_backendInlislite\";i:1;s:32:\"EATt1_Tr6auRwES1aPkt9jpeyvcYqX2G\";}'
    'backendSession' => 'cbosp3p2k29cc979u2s7d9cil6'
    'keanggotaanSession' => '05iv4q478aq0f9k8kpr43lhg56'
    '_OpacInlislite' => 'ec49166ff799bdf0c0256e9fa540becf997970ded72b0f0ea89409026e66974fa:2:{i:0;s:14:\"_OpacInlislite\";i:1;s:32:\"Ot75eKGoZ9H2rDvrOid2ZHkmMVpzWlpd\";}'
]

$_SESSION = [
    '__flash' => []
    '__returnUrl' => '/inlislite3/backend/'
    'location' => '1'
    '__id' => 33
    'taglist' => []
    'SessCatalogTabActive' => null
    'SessSuccessImportCollections' => 'Data Koleksi Berhasil Diimport'
    'SessJilidKoleksiList' => null
]

$_SERVER = [
    'REDIRECT_MIBDIRS' => 'C:/xampp/php/extras/mibs'
    'REDIRECT_MYSQL_HOME' => '\\xampp\\mysql\\bin'
    'REDIRECT_OPENSSL_CONF' => 'C:/xampp/apache/bin/openssl.cnf'
    'REDIRECT_PHP_PEAR_SYSCONF_DIR' => '\\xampp\\php'
    'REDIRECT_PHPRC' => '\\xampp\\php'
    'REDIRECT_TMP' => '\\xampp\\tmp'
    'REDIRECT_STATUS' => '200'
    'MIBDIRS' => 'C:/xampp/php/extras/mibs'
    'MYSQL_HOME' => '\\xampp\\mysql\\bin'
    'OPENSSL_CONF' => 'C:/xampp/apache/bin/openssl.cnf'
    'PHP_PEAR_SYSCONF_DIR' => '\\xampp\\php'
    'PHPRC' => '\\xampp\\php'
    'TMP' => '\\xampp\\tmp'
    'HTTP_HOST' => 'localhost:8123'
    'HTTP_CONNECTION' => 'keep-alive'
    'HTTP_SEC_CH_UA' => '\"Chromium\";v=\"148\", \"Google Chrome\";v=\"148\", \"Not/A)Brand\";v=\"99\"'
    'HTTP_SEC_CH_UA_MOBILE' => '?0'
    'HTTP_SEC_CH_UA_PLATFORM' => '\"Windows\"'
    'HTTP_UPGRADE_INSECURE_REQUESTS' => '1'
    'HTTP_USER_AGENT' => 'Mozilla/5.0 (Windows NT 10.0; Win64; x64) AppleWebKit/537.36 (KHTML, like Gecko) Chrome/148.0.0.0 Safari/537.36'
    'HTTP_ACCEPT' => 'text/html,application/xhtml+xml,application/xml;q=0.9,image/avif,image/webp,image/apng,*/*;q=0.8,application/signed-exchange;v=b3;q=0.7'
    'HTTP_SEC_FETCH_SITE' => 'same-origin'
    'HTTP_SEC_FETCH_MODE' => 'navigate'
    'HTTP_SEC_FETCH_USER' => '?1'
    'HTTP_SEC_FETCH_DEST' => 'document'
    'HTTP_REFERER' => 'http://localhost:8123/inlislite3/backend/pengkatalogan/katalog/update?for=coll&rda=0&id=614&edit=t'
    'HTTP_ACCEPT_ENCODING' => 'gzip, deflate, br, zstd'
    'HTTP_ACCEPT_LANGUAGE' => 'en-US,en;q=0.9,id;q=0.8'
    'HTTP_COOKIE' => '_identity=af3e2a0e951dec577795a0c5ffd91cd682a11d709a13aa959f261807f7b4af33a%3A2%3A%7Bi%3A0%3Bs%3A9%3A%22_identity%22%3Bi%3A1%3Bs%3A17%3A%22%5B33%2Cnull%2C2592000%5D%22%3B%7D; PHPSESSID=kpgbg4ht5papniscnhsj23qq30; _csrf=3fa995463d57eb0b5d5e3558e38ae2d0b88a5ce22ee095c6c196352c2134e9c9a%3A2%3A%7Bi%3A0%3Bs%3A5%3A%22_csrf%22%3Bi%3A1%3Bs%3A32%3A%223AO6qRuxYOiPLTs7p7QfHWS7saKN2cU1%22%3B%7D; _backendInlislite=40092e475aea95c08165b41ad5a6f98d641d428e9ba6ee5bfe684b80ea33707ba%3A2%3A%7Bi%3A0%3Bs%3A17%3A%22_backendInlislite%22%3Bi%3A1%3Bs%3A32%3A%22EATt1_Tr6auRwES1aPkt9jpeyvcYqX2G%22%3B%7D; backendSession=cbosp3p2k29cc979u2s7d9cil6; keanggotaanSession=05iv4q478aq0f9k8kpr43lhg56; _OpacInlislite=ec49166ff799bdf0c0256e9fa540becf997970ded72b0f0ea89409026e66974fa%3A2%3A%7Bi%3A0%3Bs%3A14%3A%22_OpacInlislite%22%3Bi%3A1%3Bs%3A32%3A%22Ot75eKGoZ9H2rDvrOid2ZHkmMVpzWlpd%22%3B%7D'
    'PATH' => 'C:\\Program Files (x86)\\Common Files\\Intel\\Shared Libraries\\redist\\intel64\\compiler;C:\\Program Files\\Common Files\\Oracle\\Java\\javapath;C:\\WINDOWS\\system32;C:\\WINDOWS;C:\\WINDOWS\\System32\\Wbem;C:\\WINDOWS\\System32\\WindowsPowerShell\\v1.0\\;C:\\WINDOWS\\System32\\OpenSSH\\;C:\\Program Files\\Git\\cmd;C:\\Program Files\\Java\\jdk-23\\bin;;C:\\Program Files\\dotnet\\;C:\\Program Files\\GitHub CLI\\;C:\\Program Files\\nodejs\\;C:\\Users\\PC\\.cargo\\bin;C:\\Users\\PC\\.local\\bin;C:\\Users\\PC\\AppData\\Local\\Programs\\Python\\Python312\\Scripts\\;C:\\Users\\PC\\AppData\\Local\\Programs\\Python\\Python312\\;C:\\Users\\PC\\AppData\\Local\\Microsoft\\WindowsApps;C:\\Users\\PC\\AppData\\Local\\Programs\\Microsoft VS Code\\bin;C:\\Users\\PC\\AppData\\Local\\Microsoft\\WinGet\\Packages\\Schniz.fnm_Microsoft.Winget.Source_8wekyb3d8bbwe;C:\\titan;C:\\Users\\PC\\go\\bin;C:\\Users\\PC\\AppData\\Local\\Android\\Sdk\\platform-tools;C:\\Users\\PC\\AppData\\Local\\Muse Hub\\lib;C:\\Users\\PC\\AppData\\Local\\Programs\\Antigravity\\bin;C:\\Users\\PC\\.dotnet\\tools;C:\\ffmpeg-8.0.1-essentials_build\\ffmpeg-8.0.1-essentials_build\\bin;C:\\Users\\PC\\AppData\\Local\\Microsoft\\WinGet\\Packages\\Gyan.FFmpeg_Microsoft.Winget.Source_8wekyb3d8bbwe\\ffmpeg-8.0.1-full_build\\bin;C:\\Users\\PC\\AppData\\Roaming\\npm;C:\\Users\\PC\\AppData\\Local\\Programs\\Ollama'
    'SystemRoot' => 'C:\\WINDOWS'
    'COMSPEC' => 'C:\\WINDOWS\\system32\\cmd.exe'
    'PATHEXT' => '.COM;.EXE;.BAT;.CMD;.VBS;.VBE;.JS;.JSE;.WSF;.WSH;.MSC'
    'WINDIR' => 'C:\\WINDOWS'
    'SERVER_SIGNATURE' => '<address>Apache/2.4.17 (Win32) OpenSSL/1.0.2d PHP/5.6.19 Server at localhost Port 8123</address>
'
    'SERVER_SOFTWARE' => 'Apache/2.4.17 (Win32) OpenSSL/1.0.2d PHP/5.6.19'
    'SERVER_NAME' => 'localhost'
    'SERVER_ADDR' => '::1'
    'SERVER_PORT' => '8123'
    'REMOTE_ADDR' => '::1'
    'DOCUMENT_ROOT' => 'C:/xampp/htdocs'
    'REQUEST_SCHEME' => 'http'
    'CONTEXT_PREFIX' => ''
    'CONTEXT_DOCUMENT_ROOT' => 'C:/xampp/htdocs'
    'SERVER_ADMIN' => 'postmaster@localhost'
    'SCRIPT_FILENAME' => 'C:/xampp/htdocs/inlislite3/backend/index.php'
    'REMOTE_PORT' => '11569'
    'REDIRECT_QUERY_STRING' => 'for=coll&rda=0'
    'REDIRECT_URL' => 'http://localhost:8123/inlislite3/backend/pengkatalogan/katalog/create?for=coll&rda=0'
    'GATEWAY_INTERFACE' => 'CGI/1.1'
    'SERVER_PROTOCOL' => 'HTTP/1.1'
    'REQUEST_METHOD' => 'GET'
    'QUERY_STRING' => 'for=coll&rda=0'
    'REQUEST_URI' => '/inlislite3/backend/pengkatalogan/katalog/create?for=coll&rda=0'
    'SCRIPT_NAME' => '/inlislite3/backend/index.php'
    'PHP_SELF' => '/inlislite3/backend/index.php'
    'REQUEST_TIME_FLOAT' => 1780140537.296
    'REQUEST_TIME' => 1780140537
]
2026-05-30 18:29:40 [::1][33][-][error][yii\i18n\PhpMessageSource::loadFallbackMessages] The message file for category 'kvdate' does not exist: C:\xampp\htdocs\inlislite3\vendor\kartik-v\yii2-widget-datepicker/messages/idn/kvdate.php Fallback file does not exist as well: C:\xampp\htdocs\inlislite3\vendor\kartik-v\yii2-widget-datepicker/messages/id/kvdate.php
    in C:\xampp\htdocs\inlislite3\vendor\kartik-v\yii2-widget-datepicker\DatePicker.php:290
    in C:\xampp\htdocs\inlislite3\vendor\kartik-v\yii2-widget-datepicker\DatePicker.php:316
    in C:\xampp\htdocs\inlislite3\vendor\kartik-v\yii2-widget-datepicker\DatePicker.php:266
2026-05-30 18:29:40 [::1][33][-][info][application] $_GET = [
    'id' => '614'
    'catalogid' => '614'
    'refer' => 'undefined'
]

$_COOKIE = [
    '_identity' => 'af3e2a0e951dec577795a0c5ffd91cd682a11d709a13aa959f261807f7b4af33a:2:{i:0;s:9:\"_identity\";i:1;s:17:\"[33,null,2592000]\";}'
    'PHPSESSID' => 'kpgbg4ht5papniscnhsj23qq30'
    '_csrf' => '3fa995463d57eb0b5d5e3558e38ae2d0b88a5ce22ee095c6c196352c2134e9c9a:2:{i:0;s:5:\"_csrf\";i:1;s:32:\"3AO6qRuxYOiPLTs7p7QfHWS7saKN2cU1\";}'
    '_backendInlislite' => '40092e475aea95c08165b41ad5a6f98d641d428e9ba6ee5bfe684b80ea33707ba:2:{i:0;s:17:\"_backendInlislite\";i:1;s:32:\"EATt1_Tr6auRwES1aPkt9jpeyvcYqX2G\";}'
    'backendSession' => 'cbosp3p2k29cc979u2s7d9cil6'
    'keanggotaanSession' => '05iv4q478aq0f9k8kpr43lhg56'
    '_OpacInlislite' => 'ec49166ff799bdf0c0256e9fa540becf997970ded72b0f0ea89409026e66974fa:2:{i:0;s:14:\"_OpacInlislite\";i:1;s:32:\"Ot75eKGoZ9H2rDvrOid2ZHkmMVpzWlpd\";}'
]

$_SESSION = [
    '__flash' => []
    '__returnUrl' => '/inlislite3/backend/'
    'location' => '1'
    '__id' => 33
    'taglist' => [
        'ruasid' => [
            '001' => 6131
            '008' => 6132
            '035' => [
                0 => 6133
            ]
            245 => 6134
            100 => 6135
            260 => [
                0 => 6136
            ]
            300 => 6137
            '020' => [
                0 => 6138
            ]
            '082' => [
                0 => 6139
            ]
        ]
        'inputvalue' => [
            '001' => 'INLIS000000000000614'
            '008' => '###################################Indonesia##'
            '035' => [
                0 => '$a 0010-0526000614'
            ]
            245 => '$a Bukuku yang Pertama tentang Bunga'
            100 => '$a MUH. ABDUL KHAK'
            260 => [
                0 => '$b BADAN PENGEMBANGAN DAN PEMBINAAN BAHASA : jakarta timur ., 2022 $c 2022 '
            ]
            300 => '$a 20 HLM ; $c 22,9 CM'
            '020' => [
                0 => '$a 978-623-472-322-9'
            ]
            '082' => [
                0 => '$a 398.209 598'
            ]
            '005' => ''
            '006' => ''
            '007' => ''
            '040' => '$a '
            '084' => '$a '
            '090' => '$a '
            250 => '$a '
            440 => '$a '
            500 => '$a '
            650 => '$a '
            700 => '$a '
            850 => '$a '
            990 => '$a '
            '041' => '$a '
            '043' => '$a '
            110 => '$a '
            111 => '$a '
            130 => '$a '
            240 => '$a '
            490 => '$a '
            502 => '$a '
            504 => '$a '
            505 => '$a '
            520 => '$a '
            521 => '$a '
            600 => '$a '
            610 => '$a '
            611 => '$a '
            630 => '$a '
            651 => '$a '
            710 => '$a '
            711 => '$a '
            730 => '$a '
            800 => '$a '
            810 => '$a '
            830 => '$a '
        ]
        'tagname' => [
            '001' => 'Nomor Kendali'
            '008' => 'Unsur Data Yang Panjangnya Tetap'
            '035' => 'BIB-ID (Nomor kendali dari sistem lain)'
            245 => 'Pernyataan Judul'
            100 => 'Entri Utama -- Nama Orang'
            260 => 'Penerbitan (Impresum)'
            300 => 'Deskripsi Fisik'
            '020' => 'ISBN'
            '082' => 'Nomor Panggil Desimal Dewey (DDC)'
            '005' => 'Tanggal Dan Jam Pemakaian Terakhir'
            '006' => 'Karakteristik Bahan Sertaan - Umum'
            '007' => 'Ruas Tetap Deskripsi Fisik (Keterangan Umum)'
            '040' => 'Sumber Pengkatalogan'
            '084' => 'Nomor Klasifikasi Lainnya'
            '090' => 'Nomor Panggil Lokal'
            250 => 'Pernyataan Edisi'
            440 => 'Pernyataan Seri/Entri Tambahan - Judul'
            500 => 'Catatan Umum'
            650 => 'Entri Tambahan Subjek-Topik'
            700 => 'Entri Tambahan-Nama Orang'
            850 => 'Badan yang Memiliki'
            990 => 'Nomor induk'
            '041' => 'Kode Bahasa'
            '043' => 'Kode Wilayah'
            110 => 'Entri Utama Nama Badan Korporasi'
            111 => 'Entri Utama -- Nama Pertemuan'
            130 => 'Entri Utama - Judul Seragam'
            240 => 'Judul Seragam'
            490 => 'Pernyataan Seri'
            502 => 'Catatan Disertasi'
            504 => 'Catatan Bibliografi'
            505 => 'Catatan Isi'
            520 => 'Catatan Ringkasan, Isi, dsb'
            521 => 'Catatan Kelompok Pembaca'
            600 => 'Entri Tambahan Subjek-Nama orang'
            610 => 'Entri Tambahan Subjek-Nama Badan Korporasi'
            611 => 'Entri Tambahan Subjek-Nama Pertemuan'
            630 => 'Entri Tambahan Subjek-Judul Seragam'
            651 => 'Entri Tambahan Subjek-Nama Geografis'
            710 => 'Entri Tambahan-Nama Badan Korporasi'
            711 => 'Entri Tambahan - Nama Pertemuan'
            730 => 'Entri Tambahan-Judul Seragam'
            800 => 'Entri Tambahan Seri-Nama Orang'
            810 => 'Entri Tambahan Seri-Nama Badan Korporasi'
            830 => 'Entri Tambahan Seri-Judul Seragam'
        ]
        'indicator' => [
            '001' => [
                'ind1' => null
                'ind2' => null
            ]
            '008' => [
                'ind1' => '#'
                'ind2' => '#'
            ]
            '035' => [
                0 => [
                    'ind1' => '#'
                    'ind2' => '#'
                ]
            ]
            245 => [
                'ind1' => '#'
                'ind2' => '#'
            ]
            100 => [
                'ind1' => '#'
                'ind2' => '#'
            ]
            260 => [
                0 => [
                    'ind1' => '#'
                    'ind2' => '#'
                ]
            ]
            300 => [
                'ind1' => '#'
                'ind2' => '#'
            ]
            '020' => [
                0 => [
                    'ind1' => '#'
                    'ind2' => '#'
                ]
            ]
            '082' => [
                0 => [
                    'ind1' => '#'
                    'ind2' => '#'
                ]
            ]
            '005' => [
                'ind1' => '#'
                'ind2' => '#'
            ]
            '006' => [
                'ind1' => '#'
                'ind2' => '#'
            ]
            '007' => [
                'ind1' => '#'
                'ind2' => '#'
            ]
            '040' => [
                'ind1' => '#'
                'ind2' => '#'
            ]
            '084' => [
                0 => [
                    'ind1' => '#'
                    'ind2' => '#'
                ]
            ]
            '090' => [
                0 => [
                    'ind1' => '#'
                    'ind2' => '#'
                ]
            ]
            250 => [
                'ind1' => '#'
                'ind2' => '#'
            ]
            440 => [
                0 => [
                    'ind1' => '#'
                    'ind2' => '#'
                ]
            ]
            500 => [
                0 => [
                    'ind1' => '#'
                    'ind2' => '#'
                ]
            ]
            650 => [
                0 => [
                    'ind1' => '#'
                    'ind2' => '#'
                ]
            ]
            700 => [
                0 => [
                    'ind1' => '#'
                    'ind2' => '#'
                ]
            ]
            850 => [
                0 => [
                    'ind1' => '#'
                    'ind2' => '#'
                ]
            ]
            990 => [
                0 => [
                    'ind1' => '#'
                    'ind2' => '#'
                ]
            ]
            '041' => [
                0 => [
                    'ind1' => '#'
                    'ind2' => '#'
                ]
            ]
            '043' => [
                'ind1' => '#'
                'ind2' => '#'
            ]
            110 => [
                'ind1' => '#'
                'ind2' => '#'
            ]
            111 => [
                'ind1' => '#'
                'ind2' => '#'
            ]
            130 => [
                'ind1' => '#'
                'ind2' => '#'
            ]
            240 => [
                'ind1' => '#'
                'ind2' => '#'
            ]
            490 => [
                0 => [
                    'ind1' => '#'
                    'ind2' => '#'
                ]
            ]
            502 => [
                'ind1' => '#'
                'ind2' => '#'
            ]
            504 => [
                'ind1' => '#'
                'ind2' => '#'
            ]
            505 => [
                'ind1' => '#'
                'ind2' => '#'
            ]
            520 => [
                0 => [
                    'ind1' => '#'
                    'ind2' => '#'
                ]
            ]
            521 => [
                0 => [
                    'ind1' => '#'
                    'ind2' => '#'
                ]
            ]
            600 => [
                0 => [
                    'ind1' => '#'
                    'ind2' => '#'
                ]
            ]
            610 => [
                0 => [
                    'ind1' => '#'
                    'ind2' => '#'
                ]
            ]
            611 => [
                0 => [
                    'ind1' => '#'
                    'ind2' => '#'
                ]
            ]
            630 => [
                0 => [
                    'ind1' => '#'
                    'ind2' => '#'
                ]
            ]
            651 => [
                0 => [
                    'ind1' => '#'
                    'ind2' => '#'
                ]
            ]
            710 => [
                0 => [
                    'ind1' => '#'
                    'ind2' => '#'
                ]
            ]
            711 => [
                0 => [
                    'ind1' => '#'
                    'ind2' => '#'
                ]
            ]
            730 => [
                0 => [
                    'ind1' => '#'
                    'ind2' => '#'
                ]
            ]
            800 => [
                0 => [
                    'ind1' => '#'
                    'ind2' => '#'
                ]
            ]
            810 => [
                0 => [
                    'ind1' => '#'
                    'ind2' => '#'
                ]
            ]
            830 => [
                0 => [
                    'ind1' => '#'
                    'ind2' => '#'
                ]
            ]
        ]
        'tagid' => [
            '001' => 1
            '005' => 3
            '006' => 4
            '007' => 28
            '008' => 29
            '020' => 31
            '035' => 32
            '040' => 33
            '082' => 36
            '084' => 37
            '090' => 38
            100 => 39
            245 => 45
            250 => 46
            260 => 51
            300 => 54
            440 => 58
            500 => 60
            650 => 70
            700 => 72
            850 => 79
            990 => 80
            '041' => 34
            '043' => 35
            110 => 40
            111 => 41
            130 => 5
            240 => 42
            490 => 59
            502 => 61
            504 => 62
            505 => 63
            520 => 64
            521 => 65
            600 => 66
            610 => 67
            611 => 68
            630 => 69
            651 => 71
            710 => 73
            711 => 23
            730 => 74
            800 => 76
            810 => 77
            830 => 78
        ]
        'tagmandatory' => [
            '001' => true
            '005' => true
            '006' => true
            '007' => true
            '008' => true
            '020' => false
            '035' => true
            '040' => false
            '082' => false
            '084' => false
            '090' => false
            100 => false
            245 => true
            250 => false
            260 => true
            300 => false
            440 => false
            500 => false
            650 => false
            700 => false
            850 => false
            990 => false
            '041' => false
            '043' => false
            110 => false
            111 => false
            130 => false
            240 => false
            490 => false
            502 => false
            504 => false
            505 => false
            520 => false
            521 => false
            600 => false
            610 => false
            611 => false
            630 => false
            651 => false
            710 => false
            711 => false
            730 => false
            800 => false
            810 => false
            830 => false
        ]
        'taglength' => [
            '001' => 10
            '005' => 16
            '006' => 17
            '007' => 40
            '008' => 40
            '020' => -1
            '035' => -1
            '040' => -1
            '082' => -1
            '084' => -1
            '090' => -1
            100 => -1
            245 => -1
            250 => -1
            260 => -1
            300 => -1
            440 => -1
            500 => -1
            650 => -1
            700 => -1
            850 => -1
            990 => -1
            '041' => -1
            '043' => -1
            110 => -1
            111 => -1
            130 => 0
            240 => -1
            490 => -1
            502 => -1
            504 => -1
            505 => -1
            520 => -1
            521 => -1
            600 => -1
            610 => -1
            611 => -1
            630 => -1
            651 => -1
            710 => -1
            711 => 0
            730 => -1
            800 => -1
            810 => -1
            830 => -1
        ]
        'tagenabled' => [
            '001' => false
            '005' => false
            '006' => false
            '007' => true
            '008' => true
            '020' => true
            '035' => false
            '040' => true
            '082' => true
            '084' => true
            '090' => true
            100 => true
            245 => true
            250 => true
            260 => true
            300 => true
            440 => true
            500 => true
            650 => true
            700 => true
            850 => true
            990 => true
            '041' => true
            '043' => true
            110 => true
            111 => true
            130 => true
            240 => true
            490 => true
            502 => true
            504 => true
            505 => true
            520 => true
            521 => true
            600 => true
            610 => true
            611 => true
            630 => true
            651 => true
            710 => true
            711 => true
            730 => true
            800 => true
            810 => true
            830 => true
        ]
        'tagiscustomable' => [
            '001' => false
            '005' => false
            '006' => true
            '007' => true
            '008' => true
            '020' => false
            '035' => false
            '040' => false
            '082' => false
            '084' => false
            '090' => false
            100 => false
            245 => false
            250 => false
            260 => false
            300 => false
            440 => false
            500 => false
            650 => false
            700 => false
            850 => false
            990 => false
            '041' => false
            '043' => false
            110 => false
            111 => false
            130 => false
            240 => false
            490 => false
            502 => false
            504 => false
            505 => false
            520 => false
            521 => false
            600 => false
            610 => false
            611 => false
            630 => false
            651 => false
            710 => false
            711 => false
            730 => false
            800 => false
            810 => false
            830 => false
        ]
        'tagfixed' => [
            '001' => true
            '005' => true
            '006' => true
            '007' => true
            '008' => true
            '020' => false
            '035' => false
            '040' => false
            '082' => false
            '084' => false
            '090' => false
            100 => false
            245 => false
            250 => false
            260 => false
            300 => false
            440 => false
            500 => false
            650 => false
            700 => false
            850 => false
            990 => false
            '041' => false
            '043' => false
            110 => false
            111 => false
            130 => false
            240 => false
            490 => false
            502 => false
            504 => false
            505 => false
            520 => false
            521 => false
            600 => false
            610 => false
            611 => false
            630 => false
            651 => false
            710 => false
            711 => false
            730 => false
            800 => false
            810 => false
            830 => false
        ]
        'tagrepeatable' => [
            '001' => false
            '005' => false
            '006' => false
            '007' => false
            '008' => false
            '020' => true
            '035' => true
            '040' => false
            '082' => true
            '084' => true
            '090' => true
            100 => false
            245 => false
            250 => false
            260 => true
            300 => false
            440 => true
            500 => true
            650 => true
            700 => true
            850 => true
            990 => true
            '041' => true
            '043' => false
            110 => false
            111 => false
            130 => false
            240 => false
            490 => true
            502 => false
            504 => false
            505 => false
            520 => true
            521 => true
            600 => true
            610 => true
            611 => true
            630 => true
            651 => true
            710 => true
            711 => true
            730 => true
            800 => true
            810 => true
            830 => true
        ]
    ]
    'SessCatalogTabActive' => null
    'SessSuccessImportCollections' => 'Data Koleksi Berhasil Diimport'
    'SessJilidKoleksiList' => null
]

$_SERVER = [
    'REDIRECT_MIBDIRS' => 'C:/xampp/php/extras/mibs'
    'REDIRECT_MYSQL_HOME' => '\\xampp\\mysql\\bin'
    'REDIRECT_OPENSSL_CONF' => 'C:/xampp/apache/bin/openssl.cnf'
    'REDIRECT_PHP_PEAR_SYSCONF_DIR' => '\\xampp\\php'
    'REDIRECT_PHPRC' => '\\xampp\\php'
    'REDIRECT_TMP' => '\\xampp\\tmp'
    'REDIRECT_STATUS' => '200'
    'MIBDIRS' => 'C:/xampp/php/extras/mibs'
    'MYSQL_HOME' => '\\xampp\\mysql\\bin'
    'OPENSSL_CONF' => 'C:/xampp/apache/bin/openssl.cnf'
    'PHP_PEAR_SYSCONF_DIR' => '\\xampp\\php'
    'PHPRC' => '\\xampp\\php'
    'TMP' => '\\xampp\\tmp'
    'HTTP_HOST' => 'localhost:8123'
    'HTTP_CONNECTION' => 'keep-alive'
    'CONTENT_LENGTH' => '0'
    'HTTP_SEC_CH_UA_PLATFORM' => '\"Windows\"'
    'HTTP_X_CSRF_TOKEN' => 'LUZITWlvNWFoBxw5WDBhExsnPR8eKmZQTBYjOVAFRQRUMCsUGDcHJg=='
    'HTTP_X_REQUESTED_WITH' => 'XMLHttpRequest'
    'HTTP_USER_AGENT' => 'Mozilla/5.0 (Windows NT 10.0; Win64; x64) AppleWebKit/537.36 (KHTML, like Gecko) Chrome/148.0.0.0 Safari/537.36'
    'HTTP_ACCEPT' => '*/*'
    'HTTP_SEC_CH_UA' => '\"Chromium\";v=\"148\", \"Google Chrome\";v=\"148\", \"Not/A)Brand\";v=\"99\"'
    'HTTP_SEC_CH_UA_MOBILE' => '?0'
    'HTTP_ORIGIN' => 'http://localhost:8123'
    'HTTP_SEC_FETCH_SITE' => 'same-origin'
    'HTTP_SEC_FETCH_MODE' => 'cors'
    'HTTP_SEC_FETCH_DEST' => 'empty'
    'HTTP_REFERER' => 'http://localhost:8123/inlislite3/backend/pengkatalogan/katalog/update?for=cat&rda=0&id=614&edit=t'
    'HTTP_ACCEPT_ENCODING' => 'gzip, deflate, br, zstd'
    'HTTP_ACCEPT_LANGUAGE' => 'en-US,en;q=0.9,id;q=0.8'
    'HTTP_COOKIE' => '_identity=af3e2a0e951dec577795a0c5ffd91cd682a11d709a13aa959f261807f7b4af33a%3A2%3A%7Bi%3A0%3Bs%3A9%3A%22_identity%22%3Bi%3A1%3Bs%3A17%3A%22%5B33%2Cnull%2C2592000%5D%22%3B%7D; PHPSESSID=kpgbg4ht5papniscnhsj23qq30; _csrf=3fa995463d57eb0b5d5e3558e38ae2d0b88a5ce22ee095c6c196352c2134e9c9a%3A2%3A%7Bi%3A0%3Bs%3A5%3A%22_csrf%22%3Bi%3A1%3Bs%3A32%3A%223AO6qRuxYOiPLTs7p7QfHWS7saKN2cU1%22%3B%7D; _backendInlislite=40092e475aea95c08165b41ad5a6f98d641d428e9ba6ee5bfe684b80ea33707ba%3A2%3A%7Bi%3A0%3Bs%3A17%3A%22_backendInlislite%22%3Bi%3A1%3Bs%3A32%3A%22EATt1_Tr6auRwES1aPkt9jpeyvcYqX2G%22%3B%7D; backendSession=cbosp3p2k29cc979u2s7d9cil6; keanggotaanSession=05iv4q478aq0f9k8kpr43lhg56; _OpacInlislite=ec49166ff799bdf0c0256e9fa540becf997970ded72b0f0ea89409026e66974fa%3A2%3A%7Bi%3A0%3Bs%3A14%3A%22_OpacInlislite%22%3Bi%3A1%3Bs%3A32%3A%22Ot75eKGoZ9H2rDvrOid2ZHkmMVpzWlpd%22%3B%7D'
    'PATH' => 'C:\\Program Files (x86)\\Common Files\\Intel\\Shared Libraries\\redist\\intel64\\compiler;C:\\Program Files\\Common Files\\Oracle\\Java\\javapath;C:\\WINDOWS\\system32;C:\\WINDOWS;C:\\WINDOWS\\System32\\Wbem;C:\\WINDOWS\\System32\\WindowsPowerShell\\v1.0\\;C:\\WINDOWS\\System32\\OpenSSH\\;C:\\Program Files\\Git\\cmd;C:\\Program Files\\Java\\jdk-23\\bin;;C:\\Program Files\\dotnet\\;C:\\Program Files\\GitHub CLI\\;C:\\Program Files\\nodejs\\;C:\\Users\\PC\\.cargo\\bin;C:\\Users\\PC\\.local\\bin;C:\\Users\\PC\\AppData\\Local\\Programs\\Python\\Python312\\Scripts\\;C:\\Users\\PC\\AppData\\Local\\Programs\\Python\\Python312\\;C:\\Users\\PC\\AppData\\Local\\Microsoft\\WindowsApps;C:\\Users\\PC\\AppData\\Local\\Programs\\Microsoft VS Code\\bin;C:\\Users\\PC\\AppData\\Local\\Microsoft\\WinGet\\Packages\\Schniz.fnm_Microsoft.Winget.Source_8wekyb3d8bbwe;C:\\titan;C:\\Users\\PC\\go\\bin;C:\\Users\\PC\\AppData\\Local\\Android\\Sdk\\platform-tools;C:\\Users\\PC\\AppData\\Local\\Muse Hub\\lib;C:\\Users\\PC\\AppData\\Local\\Programs\\Antigravity\\bin;C:\\Users\\PC\\.dotnet\\tools;C:\\ffmpeg-8.0.1-essentials_build\\ffmpeg-8.0.1-essentials_build\\bin;C:\\Users\\PC\\AppData\\Local\\Microsoft\\WinGet\\Packages\\Gyan.FFmpeg_Microsoft.Winget.Source_8wekyb3d8bbwe\\ffmpeg-8.0.1-full_build\\bin;C:\\Users\\PC\\AppData\\Roaming\\npm;C:\\Users\\PC\\AppData\\Local\\Programs\\Ollama'
    'SystemRoot' => 'C:\\WINDOWS'
    'COMSPEC' => 'C:\\WINDOWS\\system32\\cmd.exe'
    'PATHEXT' => '.COM;.EXE;.BAT;.CMD;.VBS;.VBE;.JS;.JSE;.WSF;.WSH;.MSC'
    'WINDIR' => 'C:\\WINDOWS'
    'SERVER_SIGNATURE' => '<address>Apache/2.4.17 (Win32) OpenSSL/1.0.2d PHP/5.6.19 Server at localhost Port 8123</address>
'
    'SERVER_SOFTWARE' => 'Apache/2.4.17 (Win32) OpenSSL/1.0.2d PHP/5.6.19'
    'SERVER_NAME' => 'localhost'
    'SERVER_ADDR' => '::1'
    'SERVER_PORT' => '8123'
    'REMOTE_ADDR' => '::1'
    'DOCUMENT_ROOT' => 'C:/xampp/htdocs'
    'REQUEST_SCHEME' => 'http'
    'CONTEXT_PREFIX' => ''
    'CONTEXT_DOCUMENT_ROOT' => 'C:/xampp/htdocs'
    'SERVER_ADMIN' => 'postmaster@localhost'
    'SCRIPT_FILENAME' => 'C:/xampp/htdocs/inlislite3/backend/index.php'
    'REMOTE_PORT' => '9860'
    'REDIRECT_QUERY_STRING' => 'id=614&catalogid=614&refer=undefined'
    'REDIRECT_URL' => 'http://localhost:8123/inlislite3/backend/pengkatalogan/katalog/bind-catalogs-collection?id=614&catalogid=614&refer=undefined'
    'GATEWAY_INTERFACE' => 'CGI/1.1'
    'SERVER_PROTOCOL' => 'HTTP/1.1'
    'REQUEST_METHOD' => 'POST'
    'QUERY_STRING' => 'id=614&catalogid=614&refer=undefined'
    'REQUEST_URI' => '/inlislite3/backend/pengkatalogan/katalog/bind-catalogs-collection?id=614&catalogid=614&refer=undefined'
    'SCRIPT_NAME' => '/inlislite3/backend/index.php'
    'PHP_SELF' => '/inlislite3/backend/index.php'
    'REQUEST_TIME_FLOAT' => 1780140580.507
    'REQUEST_TIME' => 1780140580
]
